Neighbor_Word,Similarity,Target_Word,Period,Model_Type,Rank
georgia_alabama,0.6956916451454163,terrorism,1851-1900,CBOW,1
fair_election,0.6436499357223511,terrorism,1851-1900,CBOW,2
arkansas,0.6110032796859741,terrorism,1851-1900,CBOW,3
alabama_arkansas,0.5920950770378113,terrorism,1851-1900,CBOW,4
louisiana_mississippi,0.584009051322937,terrorism,1851-1900,CBOW,5
jackson_miss,0.5772587060928345,terrorism,1851-1900,CBOW,6
florida_louisiana,0.5629785060882568,terrorism,1851-1900,CBOW,7
intimidation_violence,0.5610044598579407,terrorism,1851-1900,CBOW,8
klan,0.5550737380981445,terrorism,1851-1900,CBOW,9
legislature_elect,0.5510488748550415,terrorism,1851-1900,CBOW,10
throughout_entire,0.5355458855628967,terrorism,1851-1900,CBOW,11
found_principle,0.5296404361724854,terrorism,1851-1900,CBOW,12
lawlessness_prevail,0.5293142199516296,terrorism,1851-1900,CBOW,13
bias,0.5289083123207092,terrorism,1851-1900,CBOW,14
depopulate,0.5284051895141602,terrorism,1851-1900,CBOW,15
mississippi_louisiana,0.5171416401863098,terrorism,1851-1900,CBOW,16
riot_tumult,0.5140485763549805,terrorism,1851-1900,CBOW,17
antagonise,0.5130763053894043,terrorism,1851-1900,CBOW,18
arkansas_mississippi,0.5095357894897461,terrorism,1851-1900,CBOW,19
practical_disfranchisement,0.5093247890472412,terrorism,1851-1900,CBOW,20
jefferson,0.5089684724807739,terrorism,1851-1900,CBOW,21
south_west,0.5046957731246948,terrorism,1851-1900,CBOW,22
exalted,0.5039492249488831,terrorism,1851-1900,CBOW,23
merciless,0.500712513923645,terrorism,1851-1900,CBOW,24
adams,0.4982491731643677,terrorism,1851-1900,CBOW,25
civil_liberty,0.49810564517974854,terrorism,1851-1900,CBOW,26
slaveholding,0.49623262882232666,terrorism,1851-1900,CBOW,27
disfranchise,0.49583226442337036,terrorism,1851-1900,CBOW,28
bulldozing,0.4901208281517029,terrorism,1851-1900,CBOW,29
prevail,0.48930785059928894,terrorism,1851-1900,CBOW,30
canton,0.486004501581192,terrorism,1851-1900,CBOW,31
evince_spirit,0.48406335711479187,terrorism,1851-1900,CBOW,32
marvin_provisional_governor,0.48355841636657715,terrorism,1851-1900,CBOW,33
mississippi_alabama,0.48240727186203003,terrorism,1851-1900,CBOW,34
north,0.4814631938934326,terrorism,1851-1900,CBOW,35
interesting_alabama,0.48022741079330444,terrorism,1851-1900,CBOW,36
essence,0.4798527956008911,terrorism,1851-1900,CBOW,37
free_fair,0.4792868494987488,terrorism,1851-1900,CBOW,38
deprecated,0.47899875044822693,terrorism,1851-1900,CBOW,39
repugnant,0.47860193252563477,terrorism,1851-1900,CBOW,40
qualified_elector,0.4783487319946289,terrorism,1851-1900,CBOW,41
insulate,0.4782153069972992,terrorism,1851-1900,CBOW,42
opinion_express,0.4779784381389618,terrorism,1851-1900,CBOW,43
overt_act,0.4756568670272827,terrorism,1851-1900,CBOW,44
aright,0.4746468663215637,terrorism,1851-1900,CBOW,45
axis,0.47464558482170105,terrorism,1851-1900,CBOW,46
tete,0.4744262397289276,terrorism,1851-1900,CBOW,47
indignity,0.47414371371269226,terrorism,1851-1900,CBOW,48
perish,0.4705098867416382,terrorism,1851-1900,CBOW,49
review,0.46947455406188965,terrorism,1851-1900,CBOW,50
north_south_carolina,0.46924060583114624,terrorism,1851-1900,CBOW,51
florida,0.46895354986190796,terrorism,1851-1900,CBOW,52
substantiate,0.4682660698890686,terrorism,1851-1900,CBOW,53
civil_right,0.46805375814437866,terrorism,1851-1900,CBOW,54
perpetrate,0.4680328667163849,terrorism,1851-1900,CBOW,55
fourteenth_amendment,0.46797049045562744,terrorism,1851-1900,CBOW,56
military_commander,0.4675450921058655,terrorism,1851-1900,CBOW,57
powerless_prevent,0.465289443731308,terrorism,1851-1900,CBOW,58
aureus,0.46438074111938477,terrorism,1851-1900,CBOW,59
suppress,0.4642750918865204,terrorism,1851-1900,CBOW,60
entitle_respect,0.4640112519264221,terrorism,1851-1900,CBOW,61
fraud_intimidation,0.46206390857696533,terrorism,1851-1900,CBOW,62
secede_union,0.4618768095970154,terrorism,1851-1900,CBOW,63
locality,0.4612288475036621,terrorism,1851-1900,CBOW,64
bloody_riot,0.4610731899738312,terrorism,1851-1900,CBOW,65
conclusive_proof,0.4610646963119507,terrorism,1851-1900,CBOW,66
congressional_committee,0.4605411887168884,terrorism,1851-1900,CBOW,67
derogation,0.46051087975502014,terrorism,1851-1900,CBOW,68
reign_terror_exist,0.4602106213569641,terrorism,1851-1900,CBOW,69
express_sentiment,0.4601691663265228,terrorism,1851-1900,CBOW,70
proviso,0.45986685156822205,terrorism,1851-1900,CBOW,71
election_fraud,0.4593810439109802,terrorism,1851-1900,CBOW,72
speak_freely,0.45912352204322815,terrorism,1851-1900,CBOW,73
violence_intimidation,0.45909228920936584,terrorism,1851-1900,CBOW,74
fundamental_principle,0.45870161056518555,terrorism,1851-1900,CBOW,75
virginia_north_carolina,0.457088828086853,terrorism,1851-1900,CBOW,76
exist,0.456529438495636,terrorism,1851-1900,CBOW,77
electoral,0.4552617371082306,terrorism,1851-1900,CBOW,78
paralyzed,0.45325130224227905,terrorism,1851-1900,CBOW,79
exclusive_property,0.45201197266578674,terrorism,1851-1900,CBOW,80
passport,0.45110276341438293,terrorism,1851-1900,CBOW,81
white_black,0.4499189555644989,terrorism,1851-1900,CBOW,82
misrule,0.4497694969177246,terrorism,1851-1900,CBOW,83
democratic_nomination,0.449689656496048,terrorism,1851-1900,CBOW,84
voter_register,0.4496752619743347,terrorism,1851-1900,CBOW,85
reign_terror,0.44941726326942444,terrorism,1851-1900,CBOW,86
free_expression,0.44871267676353455,terrorism,1851-1900,CBOW,87
person_property,0.44828006625175476,terrorism,1851-1900,CBOW,88
deluge,0.44773250818252563,terrorism,1851-1900,CBOW,89
alabama,0.44723305106163025,terrorism,1851-1900,CBOW,90
freedom_speech,0.44592270255088806,terrorism,1851-1900,CBOW,91
twelve_thousand,0.44591206312179565,terrorism,1851-1900,CBOW,92
teem,0.445909321308136,terrorism,1851-1900,CBOW,93
chas,0.44582638144493103,terrorism,1851-1900,CBOW,94
negroes,0.4447573721408844,terrorism,1851-1900,CBOW,95
previous_condition_servitude,0.4441763162612915,terrorism,1851-1900,CBOW,96
parish_baton_gouge,0.44414687156677246,terrorism,1851-1900,CBOW,97
whilst,0.44350165128707886,terrorism,1851-1900,CBOW,98
judge_ballard,0.44325366616249084,terrorism,1851-1900,CBOW,99
verbal,0.44298502802848816,terrorism,1851-1900,CBOW,100
federalist,0.442856103181839,terrorism,1851-1900,CBOW,101
richmond,0.44249528646469116,terrorism,1851-1900,CBOW,102
stand_trial,0.4415736198425293,terrorism,1851-1900,CBOW,103
representatives,0.4413202106952667,terrorism,1851-1900,CBOW,104
worthy_praise,0.4409511387348175,terrorism,1851-1900,CBOW,105
masonic,0.4407528340816498,terrorism,1851-1900,CBOW,106
thoroughly_arouse,0.44066691398620605,terrorism,1851-1900,CBOW,107
instructive,0.440001517534256,terrorism,1851-1900,CBOW,108
forty_mile,0.4398471713066101,terrorism,1851-1900,CBOW,109
affirm,0.4394499957561493,terrorism,1851-1900,CBOW,110
imbecility,0.4389192759990692,terrorism,1851-1900,CBOW,111
perplex,0.4383035898208618,terrorism,1851-1900,CBOW,112
colored_vote,0.43814989924430847,terrorism,1851-1900,CBOW,113
unfamiliar,0.43776804208755493,terrorism,1851-1900,CBOW,114
color_voter,0.4374842941761017,terrorism,1851-1900,CBOW,115
freemen,0.43690869212150574,terrorism,1851-1900,CBOW,116
set_forth,0.43690431118011475,terrorism,1851-1900,CBOW,117
democratic_senator,0.43683260679244995,terrorism,1851-1900,CBOW,118
abolitionist,0.4367699921131134,terrorism,1851-1900,CBOW,119
considerable_length,0.43657395243644714,terrorism,1851-1900,CBOW,120
black_belt,0.4364834725856781,terrorism,1851-1900,CBOW,121
subversive,0.4363490641117096,terrorism,1851-1900,CBOW,122
distract,0.4363051652908325,terrorism,1851-1900,CBOW,123
lawless,0.43625932931900024,terrorism,1851-1900,CBOW,124
interference,0.43406808376312256,terrorism,1851-1900,CBOW,125
ivy,0.43329760432243347,terrorism,1851-1900,CBOW,126
campaigning,0.4319523274898529,terrorism,1851-1900,CBOW,127
susceptible_proof,0.43186143040657043,terrorism,1851-1900,CBOW,128
liquor_trade,0.43144357204437256,terrorism,1851-1900,CBOW,129
democrat_republican,0.43073052167892456,terrorism,1851-1900,CBOW,130
offset,0.43059587478637695,terrorism,1851-1900,CBOW,131
supposition,0.4305829405784607,terrorism,1851-1900,CBOW,132
deprive_right,0.42972418665885925,terrorism,1851-1900,CBOW,133
enactment_law,0.4292483925819397,terrorism,1851-1900,CBOW,134
impartially,0.4288676381111145,terrorism,1851-1900,CBOW,135
house_representatives,0.42819735407829285,terrorism,1851-1900,CBOW,136
impartial,0.42780548334121704,terrorism,1851-1900,CBOW,137
denote,0.4277375638484955,terrorism,1851-1900,CBOW,138
bring_attention,0.4272472560405731,terrorism,1851-1900,CBOW,139
exercise_franchise,0.42687466740608215,terrorism,1851-1900,CBOW,140
quote,0.425761342048645,terrorism,1851-1900,CBOW,141
west,0.4252636432647705,terrorism,1851-1900,CBOW,142
intended,0.4250854253768921,terrorism,1851-1900,CBOW,143
eh,0.4250648021697998,terrorism,1851-1900,CBOW,144
nullify,0.42496171593666077,terrorism,1851-1900,CBOW,145
emigrate,0.4248400926589966,terrorism,1851-1900,CBOW,146
registration,0.42468467354774475,terrorism,1851-1900,CBOW,147
disability,0.424548864364624,terrorism,1851-1900,CBOW,148
danville,0.4239955246448517,terrorism,1851-1900,CBOW,149
fairest,0.4237838387489319,terrorism,1851-1900,CBOW,150
tranquility,0.42371535301208496,terrorism,1851-1900,CBOW,151
andrew_johnson,0.4236515760421753,terrorism,1851-1900,CBOW,152
american_citizens,0.4234263300895691,terrorism,1851-1900,CBOW,153
fraudulent_voting,0.42291080951690674,terrorism,1851-1900,CBOW,154
synod,0.4226539134979248,terrorism,1851-1900,CBOW,155
regard,0.42261457443237305,terrorism,1851-1900,CBOW,156
coincide,0.4225701093673706,terrorism,1851-1900,CBOW,157
territorial,0.4221414625644684,terrorism,1851-1900,CBOW,158
differ,0.42206665873527527,terrorism,1851-1900,CBOW,159
traitorous,0.4219723045825958,terrorism,1851-1900,CBOW,160
maryland_virginia,0.4206327497959137,terrorism,1851-1900,CBOW,161
tolerate,0.4206097722053528,terrorism,1851-1900,CBOW,162
south_carolina,0.4203198552131653,terrorism,1851-1900,CBOW,163
freedmen,0.4202735126018524,terrorism,1851-1900,CBOW,164
glare,0.4200862944126129,terrorism,1851-1900,CBOW,165
registration_voter,0.41997286677360535,terrorism,1851-1900,CBOW,166
retrogression,0.4198203682899475,terrorism,1851-1900,CBOW,167
delegates,0.4198170304298401,terrorism,1851-1900,CBOW,168
intimidation_fraud,0.419297456741333,terrorism,1851-1900,CBOW,169
unconstitutional,0.4192112386226654,terrorism,1851-1900,CBOW,170
speciman,0.4188356399536133,terrorism,1851-1900,CBOW,171
act_violence,0.41854479908943176,terrorism,1851-1900,CBOW,172
sov_element,0.41843318939208984,terrorism,1851-1900,CBOW,173
ostracism,0.41781020164489746,terrorism,1851-1900,CBOW,174
qualified,0.4175872504711151,terrorism,1851-1900,CBOW,175
extract,0.4175289273262024,terrorism,1851-1900,CBOW,176
concede,0.41742804646492004,terrorism,1851-1900,CBOW,177
sov_palmer,0.41730448603630066,terrorism,1851-1900,CBOW,178
thorn,0.41723278164863586,terrorism,1851-1900,CBOW,179
directly_responsible,0.41708844900131226,terrorism,1851-1900,CBOW,180
violation_international,0.41686713695526123,terrorism,1851-1900,CBOW,181
intimidation,0.4163932800292969,terrorism,1851-1900,CBOW,182
delaware_maryland,0.41629284620285034,terrorism,1851-1900,CBOW,183
reconstruct,0.41603001952171326,terrorism,1851-1900,CBOW,184
cite_example,0.41600921750068665,terrorism,1851-1900,CBOW,185
epidemic,0.4159112274646759,terrorism,1851-1900,CBOW,186
technically,0.41580167412757874,terrorism,1851-1900,CBOW,187
george_washington,0.41569775342941284,terrorism,1851-1900,CBOW,188
peculiar_institution,0.415394127368927,terrorism,1851-1900,CBOW,189
portion,0.41538357734680176,terrorism,1851-1900,CBOW,190
federal_authority,0.4146222770214081,terrorism,1851-1900,CBOW,191
absolute_power,0.4146120846271515,terrorism,1851-1900,CBOW,192
incident,0.4143686294555664,terrorism,1851-1900,CBOW,193
ablest,0.4140632748603821,terrorism,1851-1900,CBOW,194
heroism,0.4138052463531494,terrorism,1851-1900,CBOW,195
republican_majority,0.4137069582939148,terrorism,1851-1900,CBOW,196
deference,0.413562536239624,terrorism,1851-1900,CBOW,197
optional,0.4134211540222168,terrorism,1851-1900,CBOW,198
outcry,0.413095086812973,terrorism,1851-1900,CBOW,199
nonsensical,0.4129483997821808,terrorism,1851-1900,CBOW,200
devise_statute,0.4129020571708679,terrorism,1851-1900,CBOW,201
bloodless,0.4125765562057495,terrorism,1851-1900,CBOW,202
senator_missouri,0.4124636948108673,terrorism,1851-1900,CBOW,203
dickinson,0.4121234714984894,terrorism,1851-1900,CBOW,204
ascertain_exact,0.4121209681034088,terrorism,1851-1900,CBOW,205
insight,0.41174235939979553,terrorism,1851-1900,CBOW,206
destruction_property,0.41162267327308655,terrorism,1851-1900,CBOW,207
exultation,0.41151344776153564,terrorism,1851-1900,CBOW,208
severance,0.41143369674682617,terrorism,1851-1900,CBOW,209
repulsion,0.41135820746421814,terrorism,1851-1900,CBOW,210
prolong_applause,0.4111246168613434,terrorism,1851-1900,CBOW,211
groundless,0.4111224114894867,terrorism,1851-1900,CBOW,212
disclose,0.4104355573654175,terrorism,1851-1900,CBOW,213
registry_list,0.41027748584747314,terrorism,1851-1900,CBOW,214
louisiana,0.40982815623283386,terrorism,1851-1900,CBOW,215
disown,0.4097346067428589,terrorism,1851-1900,CBOW,216
organized,0.4096558690071106,terrorism,1851-1900,CBOW,217
authenticate,0.4095066785812378,terrorism,1851-1900,CBOW,218
preparatory,0.40921294689178467,terrorism,1851-1900,CBOW,219
foregoing,0.4090648293495178,terrorism,1851-1900,CBOW,220
denial,0.40905874967575073,terrorism,1851-1900,CBOW,221
law_enact,0.40889811515808105,terrorism,1851-1900,CBOW,222
blackwell_island,0.40871909260749817,terrorism,1851-1900,CBOW,223
defence_protection,0.40870705246925354,terrorism,1851-1900,CBOW,224
obey_law,0.4086703956127167,terrorism,1851-1900,CBOW,225
article,0.40851980447769165,terrorism,1851-1900,CBOW,226
insert,0.4082867205142975,terrorism,1851-1900,CBOW,227
secede,0.4080469310283661,terrorism,1851-1900,CBOW,228
border_ruffian,0.407855361700058,terrorism,1851-1900,CBOW,229
kidnap,0.40773966908454895,terrorism,1851-1900,CBOW,230
chalmer,0.4074847400188446,terrorism,1851-1900,CBOW,231
arkansa,0.4069376587867737,terrorism,1851-1900,CBOW,232
shallowness,0.4064697027206421,terrorism,1851-1900,CBOW,233
room_mend,0.4063829481601715,terrorism,1851-1900,CBOW,234
mouthpiece,0.4056508243083954,terrorism,1851-1900,CBOW,235
deny,0.4054538607597351,terrorism,1851-1900,CBOW,236
phantom,0.40529903769493103,terrorism,1851-1900,CBOW,237
sequence,0.40498754382133484,terrorism,1851-1900,CBOW,238
concurrence,0.40486302971839905,terrorism,1851-1900,CBOW,239
secession_movement,0.4046820402145386,terrorism,1851-1900,CBOW,240
civil_right_bill,0.40401923656463623,terrorism,1851-1900,CBOW,241
twothird,0.4039250314235687,terrorism,1851-1900,CBOW,242
expressive,0.40328776836395264,terrorism,1851-1900,CBOW,243
abolition_slavery,0.40318673849105835,terrorism,1851-1900,CBOW,244
audit,0.4030804932117462,terrorism,1851-1900,CBOW,245
brazil,0.40236589312553406,terrorism,1851-1900,CBOW,246
criminal_prosecution,0.40197205543518066,terrorism,1851-1900,CBOW,247
date,0.4017484188079834,terrorism,1851-1900,CBOW,248
anticipate,0.4017215371131897,terrorism,1851-1900,CBOW,249
outrage,0.40119779109954834,terrorism,1851-1900,CBOW,250
supplemented,0.40054887533187866,terrorism,1851-1900,CBOW,251
innuendo,0.4003763794898987,terrorism,1851-1900,CBOW,252
enfranchise,0.4002612233161926,terrorism,1851-1900,CBOW,253
crusade,0.3999820947647095,terrorism,1851-1900,CBOW,254
indisputable,0.39969199895858765,terrorism,1851-1900,CBOW,255
kelley,0.39962148666381836,terrorism,1851-1900,CBOW,256
eleventh,0.39956143498420715,terrorism,1851-1900,CBOW,257
pretense,0.39873582124710083,terrorism,1851-1900,CBOW,258
ardor,0.39849966764450073,terrorism,1851-1900,CBOW,259
base,0.3984450399875641,terrorism,1851-1900,CBOW,260
mile_north,0.39843326807022095,terrorism,1851-1900,CBOW,261
worthy_attention,0.3978460729122162,terrorism,1851-1900,CBOW,262
radicalism,0.3977380096912384,terrorism,1851-1900,CBOW,263
within_jurisdiction,0.39750537276268005,terrorism,1851-1900,CBOW,264
houses,0.3973599970340729,terrorism,1851-1900,CBOW,265
presbyterians_church,0.3972617983818054,terrorism,1851-1900,CBOW,266
shoulder_shoulder,0.3969079554080963,terrorism,1851-1900,CBOW,267
dixon,0.39674970507621765,terrorism,1851-1900,CBOW,268
motor,0.396610826253891,terrorism,1851-1900,CBOW,269
customary,0.39643728733062744,terrorism,1851-1900,CBOW,270
warp,0.3964313864707947,terrorism,1851-1900,CBOW,271
shreveport,0.39626502990722656,terrorism,1851-1900,CBOW,272
hamburg_massacre,0.39596423506736755,terrorism,1851-1900,CBOW,273
goal,0.39557766914367676,terrorism,1851-1900,CBOW,274
telegram_send,0.39527955651283264,terrorism,1851-1900,CBOW,275
tennessee_virginia,0.3951885402202606,terrorism,1851-1900,CBOW,276
amnesty,0.3951166570186615,terrorism,1851-1900,CBOW,277
deny_existence,0.39490556716918945,terrorism,1851-1900,CBOW,278
complete_independence,0.3947403132915497,terrorism,1851-1900,CBOW,279
duct,0.3946089744567871,terrorism,1851-1900,CBOW,280
ann,0.394108384847641,terrorism,1851-1900,CBOW,281
bulldoze,0.3941003978252411,terrorism,1851-1900,CBOW,282
crosse,0.3940364420413971,terrorism,1851-1900,CBOW,283
oxford_miss,0.39362621307373047,terrorism,1851-1900,CBOW,284
unionism,0.39359259605407715,terrorism,1851-1900,CBOW,285
thirteenth,0.39345890283584595,terrorism,1851-1900,CBOW,286
taft,0.39326196908950806,terrorism,1851-1900,CBOW,287
thirteenth_fourteenth_fifteenth_amendment,0.3931873142719269,terrorism,1851-1900,CBOW,288
syracuse,0.392625629901886,terrorism,1851-1900,CBOW,289
judicial,0.3926113545894623,terrorism,1851-1900,CBOW,290
proverbial,0.39242106676101685,terrorism,1851-1900,CBOW,291
tee,0.3923436403274536,terrorism,1851-1900,CBOW,292
incorrect,0.39233240485191345,terrorism,1851-1900,CBOW,293
airy,0.3922322690486908,terrorism,1851-1900,CBOW,294
relic,0.3916187584400177,terrorism,1851-1900,CBOW,295
intrude,0.39141765236854553,terrorism,1851-1900,CBOW,296
unnecessary,0.391409695148468,terrorism,1851-1900,CBOW,297
vue,0.39136943221092224,terrorism,1851-1900,CBOW,298
shoot_death,0.3911901116371155,terrorism,1851-1900,CBOW,299
presidential_election,0.39118465781211853,terrorism,1851-1900,CBOW,300
henceforth,0.39046844840049744,terrorism,1851-1900,CBOW,301
beneficial,0.39005202054977417,terrorism,1851-1900,CBOW,302
majority_rule,0.39004987478256226,terrorism,1851-1900,CBOW,303
east,0.39002230763435364,terrorism,1851-1900,CBOW,304
extremely_difficult,0.3897418975830078,terrorism,1851-1900,CBOW,305
extra_session,0.3894822299480438,terrorism,1851-1900,CBOW,306
cuba,0.38944578170776367,terrorism,1851-1900,CBOW,307
black_white,0.3891480267047882,terrorism,1851-1900,CBOW,308
shotgun,0.3891165256500244,terrorism,1851-1900,CBOW,309
boundary,0.38882315158843994,terrorism,1851-1900,CBOW,310
heretofore,0.3888031840324402,terrorism,1851-1900,CBOW,311
expound,0.3883896470069885,terrorism,1851-1900,CBOW,312
paul_inn,0.38809144496917725,terrorism,1851-1900,CBOW,313
enforce_provision,0.3873996436595917,terrorism,1851-1900,CBOW,314
copperhead,0.3870944082736969,terrorism,1851-1900,CBOW,315
constitutional_convention,0.3870573043823242,terrorism,1851-1900,CBOW,316
political_opponent,0.38699910044670105,terrorism,1851-1900,CBOW,317
ascertain,0.386976957321167,terrorism,1851-1900,CBOW,318
reinstate,0.38693803548812866,terrorism,1851-1900,CBOW,319
particular,0.386929452419281,terrorism,1851-1900,CBOW,320
unheard,0.3867928385734558,terrorism,1851-1900,CBOW,321
fraud_corruption,0.38678979873657227,terrorism,1851-1900,CBOW,322
counties,0.3862665891647339,terrorism,1851-1900,CBOW,323
imperfectly,0.38597896695137024,terrorism,1851-1900,CBOW,324
ratio,0.38594940304756165,terrorism,1851-1900,CBOW,325
journal,0.38582098484039307,terrorism,1851-1900,CBOW,326
duplicate,0.3855319619178772,terrorism,1851-1900,CBOW,327
unauthorized,0.3851316571235657,terrorism,1851-1900,CBOW,328
hayes,0.3850614130496979,terrorism,1851-1900,CBOW,329
rely,0.38456296920776367,terrorism,1851-1900,CBOW,330
missouri_kentucky,0.38418012857437134,terrorism,1851-1900,CBOW,331
budget,0.38411813974380493,terrorism,1851-1900,CBOW,332
advent,0.3838562071323395,terrorism,1851-1900,CBOW,333
congress_adjourn,0.3837379217147827,terrorism,1851-1900,CBOW,334
sustain,0.38350993394851685,terrorism,1851-1900,CBOW,335
east_tennessee,0.38341057300567627,terrorism,1851-1900,CBOW,336
nun,0.38337308168411255,terrorism,1851-1900,CBOW,337
overturn,0.38331276178359985,terrorism,1851-1900,CBOW,338
pere,0.38295862078666687,terrorism,1851-1900,CBOW,339
luke,0.3829183578491211,terrorism,1851-1900,CBOW,340
pitiable,0.38260945677757263,terrorism,1851-1900,CBOW,341
educational,0.3824913799762726,terrorism,1851-1900,CBOW,342
parish_parish,0.38246411085128784,terrorism,1851-1900,CBOW,343
hayes_elect,0.3824343681335449,terrorism,1851-1900,CBOW,344
reprint,0.38241082429885864,terrorism,1851-1900,CBOW,345
effect,0.382382869720459,terrorism,1851-1900,CBOW,346
axilla,0.3822724223136902,terrorism,1851-1900,CBOW,347
ferment,0.38225388526916504,terrorism,1851-1900,CBOW,348
attempt_conceal,0.3820316195487976,terrorism,1851-1900,CBOW,349
infringe,0.38165929913520813,terrorism,1851-1900,CBOW,350
assume_command,0.381303608417511,terrorism,1851-1900,CBOW,351
nerves,0.38123661279678345,terrorism,1851-1900,CBOW,352
frenzy,0.3811684548854828,terrorism,1851-1900,CBOW,353
repulsive,0.38085806369781494,terrorism,1851-1900,CBOW,354
reach_climax,0.3806823194026947,terrorism,1851-1900,CBOW,355
free_trade,0.3805532157421112,terrorism,1851-1900,CBOW,356
fair_trial,0.37944111227989197,terrorism,1851-1900,CBOW,357
jackson,0.3793516755104065,terrorism,1851-1900,CBOW,358
recourse,0.37877681851387024,terrorism,1851-1900,CBOW,359
programme,0.3787170350551605,terrorism,1851-1900,CBOW,360
municipal_election,0.3786245584487915,terrorism,1851-1900,CBOW,361
republican_convention,0.37848955392837524,terrorism,1851-1900,CBOW,362
popular_sentiment,0.37837445735931396,terrorism,1851-1900,CBOW,363
conway,0.3782218396663666,terrorism,1851-1900,CBOW,364
corrupt_influence,0.37753671407699585,terrorism,1851-1900,CBOW,365
attain_object,0.3772992491722107,terrorism,1851-1900,CBOW,366
nineteen,0.3770618438720703,terrorism,1851-1900,CBOW,367
section,0.3763909339904785,terrorism,1851-1900,CBOW,368
clement,0.3762601315975189,terrorism,1851-1900,CBOW,369
tennessee,0.37612682580947876,terrorism,1851-1900,CBOW,370
refuse_recognize,0.37594500184059143,terrorism,1851-1900,CBOW,371
england_scotland,0.3757988512516022,terrorism,1851-1900,CBOW,372
respecting,0.3756091594696045,terrorism,1851-1900,CBOW,373
american_citizenship,0.37520524859428406,terrorism,1851-1900,CBOW,374
preserving,0.3751928210258484,terrorism,1851-1900,CBOW,375
tack,0.37477415800094604,terrorism,1851-1900,CBOW,376
federal_judge,0.37474536895751953,terrorism,1851-1900,CBOW,377
grand_jury_oxford,0.37473264336586,terrorism,1851-1900,CBOW,378
lawyers,0.3744661808013916,terrorism,1851-1900,CBOW,379
disastrous,0.3743639588356018,terrorism,1851-1900,CBOW,380
atlantic,0.3741735517978668,terrorism,1851-1900,CBOW,381
cornerstone,0.37409383058547974,terrorism,1851-1900,CBOW,382
protest,0.37409332394599915,terrorism,1851-1900,CBOW,383
god_bless,0.3740366995334625,terrorism,1851-1900,CBOW,384
vitiate,0.37399598956108093,terrorism,1851-1900,CBOW,385
felony,0.373739629983902,terrorism,1851-1900,CBOW,386
cession,0.37371692061424255,terrorism,1851-1900,CBOW,387
ashame,0.3736613094806671,terrorism,1851-1900,CBOW,388
northwestern,0.37335705757141113,terrorism,1851-1900,CBOW,389
cast,0.37314558029174805,terrorism,1851-1900,CBOW,390
carefully_avoid,0.37313538789749146,terrorism,1851-1900,CBOW,391
elections,0.37312161922454834,terrorism,1851-1900,CBOW,392
auto,0.3727749288082123,terrorism,1851-1900,CBOW,393
compatible,0.37248700857162476,terrorism,1851-1900,CBOW,394
congressional_district,0.3724033236503601,terrorism,1851-1900,CBOW,395
term_expire,0.3720782399177551,terrorism,1851-1900,CBOW,396
suppression,0.3715648651123047,terrorism,1851-1900,CBOW,397
test_oath,0.37137097120285034,terrorism,1851-1900,CBOW,398
brutality,0.37135037779808044,terrorism,1851-1900,CBOW,399
businesslike,0.37132352590560913,terrorism,1851-1900,CBOW,400
disturbance_occur,0.37095120549201965,terrorism,1851-1900,CBOW,401
wide_range,0.37088438868522644,terrorism,1851-1900,CBOW,402
denounce,0.37081247568130493,terrorism,1851-1900,CBOW,403
contested,0.37077420949935913,terrorism,1851-1900,CBOW,404
anywhere_else,0.37045997381210327,terrorism,1851-1900,CBOW,405
particle,0.3704448342323303,terrorism,1851-1900,CBOW,406
sentence_death,0.37034371495246887,terrorism,1851-1900,CBOW,407
spence,0.37031543254852295,terrorism,1851-1900,CBOW,408
additional_expense,0.37008917331695557,terrorism,1851-1900,CBOW,409
passage_bill,0.36985349655151367,terrorism,1851-1900,CBOW,410
violate_constitution,0.36985254287719727,terrorism,1851-1900,CBOW,411
free_coinage,0.36952561140060425,terrorism,1851-1900,CBOW,412
catholicism,0.36895009875297546,terrorism,1851-1900,CBOW,413
stubborn,0.368701696395874,terrorism,1851-1900,CBOW,414
board_supervisor,0.3685481548309326,terrorism,1851-1900,CBOW,415
ely,0.3681786358356476,terrorism,1851-1900,CBOW,416
petition,0.36757081747055054,terrorism,1851-1900,CBOW,417
forcible,0.36750975251197815,terrorism,1851-1900,CBOW,418
massacre,0.3674454689025879,terrorism,1851-1900,CBOW,419
privilege_immunity,0.36722683906555176,terrorism,1851-1900,CBOW,420
remain_unchanged,0.3672206699848175,terrorism,1851-1900,CBOW,421
election_campaign,0.3669801950454712,terrorism,1851-1900,CBOW,422
holmes,0.3662956655025482,terrorism,1851-1900,CBOW,423
circuit_court,0.36617642641067505,terrorism,1851-1900,CBOW,424
ember,0.366108238697052,terrorism,1851-1900,CBOW,425
variance,0.3659723699092865,terrorism,1851-1900,CBOW,426
oligarchy,0.36591458320617676,terrorism,1851-1900,CBOW,427
telegram,0.36561211943626404,terrorism,1851-1900,CBOW,428
william_rien,0.36547788977622986,terrorism,1851-1900,CBOW,429
senatorial_district,0.3654720187187195,terrorism,1851-1900,CBOW,430
dissent_voice,0.3653998374938965,terrorism,1851-1900,CBOW,431
linger,0.3651827573776245,terrorism,1851-1900,CBOW,432
solemn_oath,0.3649011552333832,terrorism,1851-1900,CBOW,433
pp,0.3643348515033722,terrorism,1851-1900,CBOW,434
outspoken,0.3643169701099396,terrorism,1851-1900,CBOW,435
improbability,0.3639889657497406,terrorism,1851-1900,CBOW,436
accordance,0.36392831802368164,terrorism,1851-1900,CBOW,437
republican_senator,0.36377406120300293,terrorism,1851-1900,CBOW,438
unexpectedly,0.36375442147254944,terrorism,1851-1900,CBOW,439
desolation,0.36373940110206604,terrorism,1851-1900,CBOW,440
local,0.3636474311351776,terrorism,1851-1900,CBOW,441
amply,0.36351197957992554,terrorism,1851-1900,CBOW,442
retro,0.3634389340877533,terrorism,1851-1900,CBOW,443
postal_revenue,0.3633679151535034,terrorism,1851-1900,CBOW,444
lieutenant_general,0.3633348345756531,terrorism,1851-1900,CBOW,445
unanimously,0.36322057247161865,terrorism,1851-1900,CBOW,446
kentucky_tennessee,0.3631941080093384,terrorism,1851-1900,CBOW,447
pe,0.36315593123435974,terrorism,1851-1900,CBOW,448
national_council,0.3631085157394409,terrorism,1851-1900,CBOW,449
militant,0.36307409405708313,terrorism,1851-1900,CBOW,450
beatify,0.36259666085243225,terrorism,1851-1900,CBOW,451
arise,0.3623446524143219,terrorism,1851-1900,CBOW,452
stipulation_treaty,0.36233416199684143,terrorism,1851-1900,CBOW,453
legally,0.3623136281967163,terrorism,1851-1900,CBOW,454
enlarge,0.3622767925262451,terrorism,1851-1900,CBOW,455
reconstruction,0.36211615800857544,terrorism,1851-1900,CBOW,456
salutary,0.3620692193508148,terrorism,1851-1900,CBOW,457
vacancy,0.3618209660053253,terrorism,1851-1900,CBOW,458
dominant_party,0.3616551458835602,terrorism,1851-1900,CBOW,459
contestants,0.3616081178188324,terrorism,1851-1900,CBOW,460
formation,0.3612653911113739,terrorism,1851-1900,CBOW,461
coherent,0.3611508309841156,terrorism,1851-1900,CBOW,462
newark,0.36108681559562683,terrorism,1851-1900,CBOW,463
indignant_protest,0.3609110414981842,terrorism,1851-1900,CBOW,464
toleration,0.36055663228034973,terrorism,1851-1900,CBOW,465
bad_faith,0.36047783493995667,terrorism,1851-1900,CBOW,466
southern_slaveholder,0.3603963851928711,terrorism,1851-1900,CBOW,467
lawlessness,0.3598558008670807,terrorism,1851-1900,CBOW,468
allen,0.35959771275520325,terrorism,1851-1900,CBOW,469
considerable_extent,0.3595624566078186,terrorism,1851-1900,CBOW,470
throne,0.35936254262924194,terrorism,1851-1900,CBOW,471
reasoning,0.3588902950286865,terrorism,1851-1900,CBOW,472
wrongdoe,0.3586216866970062,terrorism,1851-1900,CBOW,473
governor_legislature,0.3584732711315155,terrorism,1851-1900,CBOW,474
express_admiration,0.3580460250377655,terrorism,1851-1900,CBOW,475
pretence,0.35786962509155273,terrorism,1851-1900,CBOW,476
instigation,0.35780540108680725,terrorism,1851-1900,CBOW,477
dwindle,0.3576274514198303,terrorism,1851-1900,CBOW,478
deprived_right,0.3574618995189667,terrorism,1851-1900,CBOW,479
invasion_insurrection,0.35738125443458557,terrorism,1851-1900,CBOW,480
portion_population,0.3573170006275177,terrorism,1851-1900,CBOW,481
describe,0.3573070764541626,terrorism,1851-1900,CBOW,482
race_color,0.357077419757843,terrorism,1851-1900,CBOW,483
generality,0.35680705308914185,terrorism,1851-1900,CBOW,484
approximate,0.3567962348461151,terrorism,1851-1900,CBOW,485
furnish_information,0.3565916121006012,terrorism,1851-1900,CBOW,486
emboli,0.35638341307640076,terrorism,1851-1900,CBOW,487
hillock,0.35636812448501587,terrorism,1851-1900,CBOW,488
divert,0.3561689257621765,terrorism,1851-1900,CBOW,489
warlike_preparation,0.3559689521789551,terrorism,1851-1900,CBOW,490
protectionist,0.3558027148246765,terrorism,1851-1900,CBOW,491
extensively,0.35557907819747925,terrorism,1851-1900,CBOW,492
judicial_tribunal,0.3553331792354584,terrorism,1851-1900,CBOW,493
electoral_vote,0.3552681505680084,terrorism,1851-1900,CBOW,494
hold_sway,0.35524043440818787,terrorism,1851-1900,CBOW,495
disgraceful,0.35519611835479736,terrorism,1851-1900,CBOW,496
oxford_miss,0.6829240918159485,terrorism,1851-1900,SkipGram,1
nonsensical,0.6493436098098755,terrorism,1851-1900,SkipGram,2
arkansas,0.610232412815094,terrorism,1851-1900,SkipGram,3
fair_election,0.6072989106178284,terrorism,1851-1900,SkipGram,4
reign_terror_exist,0.6002833843231201,terrorism,1851-1900,SkipGram,5
ascertain_exact,0.5993689894676208,terrorism,1851-1900,SkipGram,6
stand_trial,0.5985819101333618,terrorism,1851-1900,SkipGram,7
eastern_tennessee,0.5943053960800171,terrorism,1851-1900,SkipGram,8
georgia_alabama,0.5912463068962097,terrorism,1851-1900,SkipGram,9
lawlessness_prevail,0.5880568623542786,terrorism,1851-1900,SkipGram,10
alabama_arkansas,0.5814351439476013,terrorism,1851-1900,SkipGram,11
freedmen,0.5730264782905579,terrorism,1851-1900,SkipGram,12
insulate,0.5724233984947205,terrorism,1851-1900,SkipGram,13
evidence,0.5715028047561646,terrorism,1851-1900,SkipGram,14
mississippi,0.5675737857818604,terrorism,1851-1900,SkipGram,15
exist,0.5614604949951172,terrorism,1851-1900,SkipGram,16
defence_protection,0.560157060623169,terrorism,1851-1900,SkipGram,17
deprive_right,0.5591016411781311,terrorism,1851-1900,SkipGram,18
reign_terror,0.5579812526702881,terrorism,1851-1900,SkipGram,19
delegates,0.5529148578643799,terrorism,1851-1900,SkipGram,20
foreign_consul,0.5512182116508484,terrorism,1851-1900,SkipGram,21
interesting_alabama,0.5505303740501404,terrorism,1851-1900,SkipGram,22
riots,0.5503623485565186,terrorism,1851-1900,SkipGram,23
virus,0.5495700836181641,terrorism,1851-1900,SkipGram,24
arkansas_mississippi,0.5481411218643188,terrorism,1851-1900,SkipGram,25
tranquility,0.5460396409034729,terrorism,1851-1900,SkipGram,26
florida_louisiana,0.5452525615692139,terrorism,1851-1900,SkipGram,27
denomination,0.5451949834823608,terrorism,1851-1900,SkipGram,28
arkansa,0.5451134443283081,terrorism,1851-1900,SkipGram,29
klan,0.5437589883804321,terrorism,1851-1900,SkipGram,30
practical_disfranchisement,0.5423991680145264,terrorism,1851-1900,SkipGram,31
sherman,0.5409258008003235,terrorism,1851-1900,SkipGram,32
alabama,0.5408532619476318,terrorism,1851-1900,SkipGram,33
appreciate_value,0.5390318036079407,terrorism,1851-1900,SkipGram,34
abstract,0.5386455655097961,terrorism,1851-1900,SkipGram,35
military_operation,0.5379295349121094,terrorism,1851-1900,SkipGram,36
suppress,0.5373892188072205,terrorism,1851-1900,SkipGram,37
south_west,0.5366162657737732,terrorism,1851-1900,SkipGram,38
mississippi_louisiana,0.536296010017395,terrorism,1851-1900,SkipGram,39
declaration,0.536205530166626,terrorism,1851-1900,SkipGram,40
continuously,0.5354632139205933,terrorism,1851-1900,SkipGram,41
indiana_ohio,0.5349719524383545,terrorism,1851-1900,SkipGram,42
free_fair,0.5340470671653748,terrorism,1851-1900,SkipGram,43
nun,0.5340280532836914,terrorism,1851-1900,SkipGram,44
registry_list,0.5332742929458618,terrorism,1851-1900,SkipGram,45
desolation,0.5323973894119263,terrorism,1851-1900,SkipGram,46
outrage_commit,0.5319802165031433,terrorism,1851-1900,SkipGram,47
substantiate,0.5310489535331726,terrorism,1851-1900,SkipGram,48
danville,0.5297525525093079,terrorism,1851-1900,SkipGram,49
emigrate,0.5293147563934326,terrorism,1851-1900,SkipGram,50
fair_trial,0.5279814004898071,terrorism,1851-1900,SkipGram,51
unload,0.5279561877250671,terrorism,1851-1900,SkipGram,52
enfranchise,0.5270047783851624,terrorism,1851-1900,SkipGram,53
pestilence,0.5266936421394348,terrorism,1851-1900,SkipGram,54
pro_pose,0.5252608060836792,terrorism,1851-1900,SkipGram,55
george_washington,0.5239751935005188,terrorism,1851-1900,SkipGram,56
legislature_elect,0.5230854749679565,terrorism,1851-1900,SkipGram,57
jackson_miss,0.5223924517631531,terrorism,1851-1900,SkipGram,58
free_trade,0.5195093154907227,terrorism,1851-1900,SkipGram,59
kansas_parish,0.5194088220596313,terrorism,1851-1900,SkipGram,60
catholicism,0.5192824602127075,terrorism,1851-1900,SkipGram,61
north,0.5184959769248962,terrorism,1851-1900,SkipGram,62
louisiana_mississippi,0.5177745223045349,terrorism,1851-1900,SkipGram,63
columbus,0.5164732336997986,terrorism,1851-1900,SkipGram,64
black_belt,0.5158777832984924,terrorism,1851-1900,SkipGram,65
grudge,0.5157021284103394,terrorism,1851-1900,SkipGram,66
chalmer,0.5156183242797852,terrorism,1851-1900,SkipGram,67
assert_supremacy,0.5153195261955261,terrorism,1851-1900,SkipGram,68
indignant_protest,0.5152312517166138,terrorism,1851-1900,SkipGram,69
bloody_riot,0.515193521976471,terrorism,1851-1900,SkipGram,70
shreveport,0.51373291015625,terrorism,1851-1900,SkipGram,71
derogation,0.5133580565452576,terrorism,1851-1900,SkipGram,72
sustain,0.5129160284996033,terrorism,1851-1900,SkipGram,73
blackwell_island,0.5128417611122131,terrorism,1851-1900,SkipGram,74
adams,0.5120278596878052,terrorism,1851-1900,SkipGram,75
proved,0.5115087032318115,terrorism,1851-1900,SkipGram,76
similar_circumstance,0.5111227035522461,terrorism,1851-1900,SkipGram,77
pot,0.5109630227088928,terrorism,1851-1900,SkipGram,78
appear,0.5104562640190125,terrorism,1851-1900,SkipGram,79
washington,0.5084196925163269,terrorism,1851-1900,SkipGram,80
fair_sample,0.508144736289978,terrorism,1851-1900,SkipGram,81
virginia_north_carolina,0.50794917345047,terrorism,1851-1900,SkipGram,82
scripture,0.5079132318496704,terrorism,1851-1900,SkipGram,83
locality,0.5074586272239685,terrorism,1851-1900,SkipGram,84
delaware_maryland,0.5070759057998657,terrorism,1851-1900,SkipGram,85
bravo,0.5069774389266968,terrorism,1851-1900,SkipGram,86
tennessee,0.5044234395027161,terrorism,1851-1900,SkipGram,87
presidential_term,0.5041936039924622,terrorism,1851-1900,SkipGram,88
william_rien,0.5035403966903687,terrorism,1851-1900,SkipGram,89
fatal_accident,0.5029914379119873,terrorism,1851-1900,SkipGram,90
portion_population,0.5029873251914978,terrorism,1851-1900,SkipGram,91
accept_nomination,0.5021795630455017,terrorism,1851-1900,SkipGram,92
imbecility,0.5020610094070435,terrorism,1851-1900,SkipGram,93
delegate_convention,0.5008979439735413,terrorism,1851-1900,SkipGram,94
unauthorized,0.5003001093864441,terrorism,1851-1900,SkipGram,95
south_carolina,0.49935734272003174,terrorism,1851-1900,SkipGram,96
exalted,0.4990641474723816,terrorism,1851-1900,SkipGram,97
strong,0.4981069266796112,terrorism,1851-1900,SkipGram,98
peterson,0.4978315532207489,terrorism,1851-1900,SkipGram,99
john_quincy,0.497694730758667,terrorism,1851-1900,SkipGram,100
perplex,0.4971974194049835,terrorism,1851-1900,SkipGram,101
boasting,0.4970417618751526,terrorism,1851-1900,SkipGram,102
overt_act,0.49703219532966614,terrorism,1851-1900,SkipGram,103
congressional_election,0.4965711832046509,terrorism,1851-1900,SkipGram,104
opinion_express,0.49635207653045654,terrorism,1851-1900,SkipGram,105
election_campaign,0.4962838292121887,terrorism,1851-1900,SkipGram,106
intrude,0.49582669138908386,terrorism,1851-1900,SkipGram,107
airy,0.4957336187362671,terrorism,1851-1900,SkipGram,108
become_familiar,0.49549686908721924,terrorism,1851-1900,SkipGram,109
coercion_measure,0.4946920573711395,terrorism,1851-1900,SkipGram,110
active_hostility,0.4946892559528351,terrorism,1851-1900,SkipGram,111
speedily,0.4946644604206085,terrorism,1851-1900,SkipGram,112
statement,0.49462640285491943,terrorism,1851-1900,SkipGram,113
kidnapping,0.49363845586776733,terrorism,1851-1900,SkipGram,114
traitorous,0.4924229085445404,terrorism,1851-1900,SkipGram,115
fraud_corruption,0.49239131808280945,terrorism,1851-1900,SkipGram,116
seine,0.4922085404396057,terrorism,1851-1900,SkipGram,117
spence,0.4921683669090271,terrorism,1851-1900,SkipGram,118
anton,0.49191105365753174,terrorism,1851-1900,SkipGram,119
previous_condition_servitude,0.4912591576576233,terrorism,1851-1900,SkipGram,120
kelley,0.49125102162361145,terrorism,1851-1900,SkipGram,121
holmes,0.49123063683509827,terrorism,1851-1900,SkipGram,122
perversion,0.49073779582977295,terrorism,1851-1900,SkipGram,123
information_obtain,0.49035683274269104,terrorism,1851-1900,SkipGram,124
intended,0.49011293053627014,terrorism,1851-1900,SkipGram,125
mouthpiece,0.48985934257507324,terrorism,1851-1900,SkipGram,126
bring_forth,0.48958078026771545,terrorism,1851-1900,SkipGram,127
concurrence,0.4894305169582367,terrorism,1851-1900,SkipGram,128
louisville,0.48938021063804626,terrorism,1851-1900,SkipGram,129
particular,0.48924708366394043,terrorism,1851-1900,SkipGram,130
consolidated,0.4888332188129425,terrorism,1851-1900,SkipGram,131
oath_allegiance,0.48876866698265076,terrorism,1851-1900,SkipGram,132
term_expire,0.488037109375,terrorism,1851-1900,SkipGram,133
hear_testimony,0.48787352442741394,terrorism,1851-1900,SkipGram,134
indignity,0.4875456988811493,terrorism,1851-1900,SkipGram,135
exultation,0.48752906918525696,terrorism,1851-1900,SkipGram,136
charleston_courier,0.487356960773468,terrorism,1851-1900,SkipGram,137
forty_thousand,0.4872687757015228,terrorism,1851-1900,SkipGram,138
personal_observation,0.48666080832481384,terrorism,1851-1900,SkipGram,139
disguise,0.4862879812717438,terrorism,1851-1900,SkipGram,140
antagonise,0.48593777418136597,terrorism,1851-1900,SkipGram,141
southwestern_virginia,0.48585763573646545,terrorism,1851-1900,SkipGram,142
rebellious,0.485733300447464,terrorism,1851-1900,SkipGram,143
til,0.4856729805469513,terrorism,1851-1900,SkipGram,144
prove,0.4851139187812805,terrorism,1851-1900,SkipGram,145
unpunished,0.4843187630176544,terrorism,1851-1900,SkipGram,146
whatever,0.48378345370292664,terrorism,1851-1900,SkipGram,147
utter_demoralization,0.4837346374988556,terrorism,1851-1900,SkipGram,148
situate,0.48365578055381775,terrorism,1851-1900,SkipGram,149
kentucky_tennessee,0.48347920179367065,terrorism,1851-1900,SkipGram,150
slaveholding,0.48346346616744995,terrorism,1851-1900,SkipGram,151
salutary,0.4833391308784485,terrorism,1851-1900,SkipGram,152
seek_overthrow,0.4833052456378937,terrorism,1851-1900,SkipGram,153
spirited,0.48243215680122375,terrorism,1851-1900,SkipGram,154
houses,0.4823368489742279,terrorism,1851-1900,SkipGram,155
fulton,0.4820803701877594,terrorism,1851-1900,SkipGram,156
ribbon,0.4813530445098877,terrorism,1851-1900,SkipGram,157
aureus,0.4813341498374939,terrorism,1851-1900,SkipGram,158
conclusive_proof,0.4812111556529999,terrorism,1851-1900,SkipGram,159
band_agitator,0.4809279143810272,terrorism,1851-1900,SkipGram,160
instructive,0.48073673248291016,terrorism,1851-1900,SkipGram,161
decade,0.48069557547569275,terrorism,1851-1900,SkipGram,162
terrorise,0.4805821180343628,terrorism,1851-1900,SkipGram,163
attempt_assassinate,0.4804886281490326,terrorism,1851-1900,SkipGram,164
cession,0.48042401671409607,terrorism,1851-1900,SkipGram,165
obsequious,0.4804117679595947,terrorism,1851-1900,SkipGram,166
luke,0.4803442358970642,terrorism,1851-1900,SkipGram,167
enunciate,0.4793863892555237,terrorism,1851-1900,SkipGram,168
violation_international,0.47926604747772217,terrorism,1851-1900,SkipGram,169
inequality,0.4785206615924835,terrorism,1851-1900,SkipGram,170
mississippian,0.4782540202140808,terrorism,1851-1900,SkipGram,171
axis,0.47795572876930237,terrorism,1851-1900,SkipGram,172
destruction_property,0.4779053032398224,terrorism,1851-1900,SkipGram,173
detention,0.4778907895088196,terrorism,1851-1900,SkipGram,174
evildoer,0.4776184856891632,terrorism,1851-1900,SkipGram,175
indisputable,0.4773010015487671,terrorism,1851-1900,SkipGram,176
duct,0.4772901237010956,terrorism,1851-1900,SkipGram,177
kirk,0.4766591787338257,terrorism,1851-1900,SkipGram,178
prince_alexander,0.4766365587711334,terrorism,1851-1900,SkipGram,179
mania,0.4761125445365906,terrorism,1851-1900,SkipGram,180
cognizance,0.47601667046546936,terrorism,1851-1900,SkipGram,181
cite,0.47586220502853394,terrorism,1851-1900,SkipGram,182
nullify,0.47576436400413513,terrorism,1851-1900,SkipGram,183
maryland_virginia,0.47531425952911377,terrorism,1851-1900,SkipGram,184
district_attorney,0.475041925907135,terrorism,1851-1900,SkipGram,185
anything_wrong,0.4749603569507599,terrorism,1851-1900,SkipGram,186
harper_merry,0.47450846433639526,terrorism,1851-1900,SkipGram,187
literal,0.47375956177711487,terrorism,1851-1900,SkipGram,188
compatible,0.4737352430820465,terrorism,1851-1900,SkipGram,189
unnecessary,0.4737308621406555,terrorism,1851-1900,SkipGram,190
propose,0.47324007749557495,terrorism,1851-1900,SkipGram,191
unconstitutional,0.47312241792678833,terrorism,1851-1900,SkipGram,192
quincy,0.47279664874076843,terrorism,1851-1900,SkipGram,193
greatly_increase,0.47278764843940735,terrorism,1851-1900,SkipGram,194
marvin_provisional_governor,0.47274890542030334,terrorism,1851-1900,SkipGram,195
sixteen,0.4724588096141815,terrorism,1851-1900,SkipGram,196
solemn_oath,0.4722791016101837,terrorism,1851-1900,SkipGram,197
examination,0.4718667268753052,terrorism,1851-1900,SkipGram,198
right_suffrage,0.47185224294662476,terrorism,1851-1900,SkipGram,199
unaccustomed,0.4717447757720947,terrorism,1851-1900,SkipGram,200
nail,0.4714139699935913,terrorism,1851-1900,SkipGram,201
unless,0.4708288311958313,terrorism,1851-1900,SkipGram,202
satisfy,0.47049638628959656,terrorism,1851-1900,SkipGram,203
glare,0.4699338972568512,terrorism,1851-1900,SkipGram,204
subjugation,0.46978235244750977,terrorism,1851-1900,SkipGram,205
foregoing,0.46976354718208313,terrorism,1851-1900,SkipGram,206
remain_unchanged,0.4696175754070282,terrorism,1851-1900,SkipGram,207
feel_confident,0.469022661447525,terrorism,1851-1900,SkipGram,208
overturn,0.4689417779445648,terrorism,1851-1900,SkipGram,209
wide_range,0.4688792824745178,terrorism,1851-1900,SkipGram,210
subsequent_event,0.46876534819602966,terrorism,1851-1900,SkipGram,211
fourteenth_amendment,0.4687316119670868,terrorism,1851-1900,SkipGram,212
raise_money,0.46870025992393494,terrorism,1851-1900,SkipGram,213
warp,0.46806398034095764,terrorism,1851-1900,SkipGram,214
benton,0.467752069234848,terrorism,1851-1900,SkipGram,215
intimidation_violence,0.4668123424053192,terrorism,1851-1900,SkipGram,216
indict_conspiracy,0.4667714834213257,terrorism,1851-1900,SkipGram,217
dictate_conscience,0.4666057527065277,terrorism,1851-1900,SkipGram,218
groundless,0.4665059745311737,terrorism,1851-1900,SkipGram,219
mile_north,0.4661707878112793,terrorism,1851-1900,SkipGram,220
accumulation,0.4660736918449402,terrorism,1851-1900,SkipGram,221
palm,0.46600720286369324,terrorism,1851-1900,SkipGram,222
proclaim,0.465977281332016,terrorism,1851-1900,SkipGram,223
cuba,0.4657916724681854,terrorism,1851-1900,SkipGram,224
sequence,0.4657304584980011,terrorism,1851-1900,SkipGram,225
bipartisan_bill,0.4653400182723999,terrorism,1851-1900,SkipGram,226
intelligent_honest,0.4651787281036377,terrorism,1851-1900,SkipGram,227
twelve_thousand,0.4651142656803131,terrorism,1851-1900,SkipGram,228
shoot_dead,0.46500009298324585,terrorism,1851-1900,SkipGram,229
provoke_hostility,0.4648917019367218,terrorism,1851-1900,SkipGram,230
related,0.46474161744117737,terrorism,1851-1900,SkipGram,231
award,0.4645671248435974,terrorism,1851-1900,SkipGram,232
aright,0.46453267335891724,terrorism,1851-1900,SkipGram,233
mississippi_alabama,0.4641540050506592,terrorism,1851-1900,SkipGram,234
prevail,0.4640653431415558,terrorism,1851-1900,SkipGram,235
pacify,0.4639488458633423,terrorism,1851-1900,SkipGram,236
georgian,0.46370795369148254,terrorism,1851-1900,SkipGram,237
perish,0.4635620713233948,terrorism,1851-1900,SkipGram,238
media,0.46352535486221313,terrorism,1851-1900,SkipGram,239
resolve,0.4629737138748169,terrorism,1851-1900,SkipGram,240
boast,0.46292412281036377,terrorism,1851-1900,SkipGram,241
ana,0.46264055371284485,terrorism,1851-1900,SkipGram,242
canton,0.46246325969696045,terrorism,1851-1900,SkipGram,243
hold_sway,0.46244245767593384,terrorism,1851-1900,SkipGram,244
color_voter,0.46235114336013794,terrorism,1851-1900,SkipGram,245
audit,0.46231308579444885,terrorism,1851-1900,SkipGram,246
summarily,0.46226656436920166,terrorism,1851-1900,SkipGram,247
parley,0.4622189402580261,terrorism,1851-1900,SkipGram,248
qualified,0.4621945321559906,terrorism,1851-1900,SkipGram,249
andrew_johnson,0.4621674716472626,terrorism,1851-1900,SkipGram,250
past,0.46200641989707947,terrorism,1851-1900,SkipGram,251
prop_ety,0.46165940165519714,terrorism,1851-1900,SkipGram,252
doubt,0.46165090799331665,terrorism,1851-1900,SkipGram,253
hamburg_massacre,0.46143731474876404,terrorism,1851-1900,SkipGram,254
vexatious,0.46113452315330505,terrorism,1851-1900,SkipGram,255
presumably,0.46099239587783813,terrorism,1851-1900,SkipGram,256
hard_labor,0.46045634150505066,terrorism,1851-1900,SkipGram,257
jointly,0.46022117137908936,terrorism,1851-1900,SkipGram,258
score,0.4601946175098419,terrorism,1851-1900,SkipGram,259
border,0.4596782624721527,terrorism,1851-1900,SkipGram,260
express_sentiment,0.4596381187438965,terrorism,1851-1900,SkipGram,261
infest,0.4594532251358032,terrorism,1851-1900,SkipGram,262
region,0.4592680335044861,terrorism,1851-1900,SkipGram,263
peculiar_institution,0.459107369184494,terrorism,1851-1900,SkipGram,264
edwards,0.45903897285461426,terrorism,1851-1900,SkipGram,265
contest_seat,0.4590010941028595,terrorism,1851-1900,SkipGram,266
susceptible_proof,0.4589007496833801,terrorism,1851-1900,SkipGram,267
regard,0.45862361788749695,terrorism,1851-1900,SkipGram,268
restore_order,0.4584115147590637,terrorism,1851-1900,SkipGram,269
depopulate,0.45826348662376404,terrorism,1851-1900,SkipGram,270
secede_union,0.4578283429145813,terrorism,1851-1900,SkipGram,271
emigrant,0.45782825350761414,terrorism,1851-1900,SkipGram,272
ely,0.4576985538005829,terrorism,1851-1900,SkipGram,273
sufficiently,0.4575888216495514,terrorism,1851-1900,SkipGram,274
infinitely_bad,0.4574354290962219,terrorism,1851-1900,SkipGram,275
considerable_length,0.45722493529319763,terrorism,1851-1900,SkipGram,276
exaggerated,0.45707130432128906,terrorism,1851-1900,SkipGram,277
section,0.45675742626190186,terrorism,1851-1900,SkipGram,278
excise_commissioner,0.45673954486846924,terrorism,1851-1900,SkipGram,279
oxford,0.4563705623149872,terrorism,1851-1900,SkipGram,280
influx,0.4562411904335022,terrorism,1851-1900,SkipGram,281
pretty_sure,0.45623281598091125,terrorism,1851-1900,SkipGram,282
extremely_difficult,0.45597049593925476,terrorism,1851-1900,SkipGram,283
northwestern,0.4559647738933563,terrorism,1851-1900,SkipGram,284
chas,0.45568856596946716,terrorism,1851-1900,SkipGram,285
unanimously,0.455642968416214,terrorism,1851-1900,SkipGram,286
georgia_savannah,0.4555596113204956,terrorism,1851-1900,SkipGram,287
anticipate,0.4553946852684021,terrorism,1851-1900,SkipGram,288
transmission,0.4553545415401459,terrorism,1851-1900,SkipGram,289
repel,0.4553092420101166,terrorism,1851-1900,SkipGram,290
systematize,0.45527711510658264,terrorism,1851-1900,SkipGram,291
discuss,0.45505690574645996,terrorism,1851-1900,SkipGram,292
meadow,0.45492658019065857,terrorism,1851-1900,SkipGram,293
campaigning,0.4548477530479431,terrorism,1851-1900,SkipGram,294
remain_loyal,0.4547678232192993,terrorism,1851-1900,SkipGram,295
telegram_send,0.45456552505493164,terrorism,1851-1900,SkipGram,296
federal_judge,0.4544992446899414,terrorism,1851-1900,SkipGram,297
corroborate,0.45430538058280945,terrorism,1851-1900,SkipGram,298
attempt,0.4542635977268219,terrorism,1851-1900,SkipGram,299
grand_jury_oxford,0.4542069137096405,terrorism,1851-1900,SkipGram,300
civil_right_bill,0.4538067877292633,terrorism,1851-1900,SkipGram,301
counterpart,0.4538036286830902,terrorism,1851-1900,SkipGram,302
adhere,0.45369401574134827,terrorism,1851-1900,SkipGram,303
louisiana_south_carolina,0.4536275863647461,terrorism,1851-1900,SkipGram,304
secession_movement,0.45360174775123596,terrorism,1851-1900,SkipGram,305
approximate,0.4534359872341156,terrorism,1851-1900,SkipGram,306
extra_session,0.45322558283805847,terrorism,1851-1900,SkipGram,307
taft,0.45319879055023193,terrorism,1851-1900,SkipGram,308
amalgamation,0.4531543254852295,terrorism,1851-1900,SkipGram,309
instead,0.45308539271354675,terrorism,1851-1900,SkipGram,310
mines,0.4530646800994873,terrorism,1851-1900,SkipGram,311
secessionist,0.4529764652252197,terrorism,1851-1900,SkipGram,312
richmond_examiner,0.4529241919517517,terrorism,1851-1900,SkipGram,313
storekeeper,0.45285657048225403,terrorism,1851-1900,SkipGram,314
act_violence,0.45282453298568726,terrorism,1851-1900,SkipGram,315
dispatch_sheridan,0.4519399106502533,terrorism,1851-1900,SkipGram,316
net,0.4518880844116211,terrorism,1851-1900,SkipGram,317
federal_authority,0.45183098316192627,terrorism,1851-1900,SkipGram,318
wie,0.45168861746788025,terrorism,1851-1900,SkipGram,319
irish_rebellion,0.4512011408805847,terrorism,1851-1900,SkipGram,320
prominent_republicans,0.4510771632194519,terrorism,1851-1900,SkipGram,321
repulsive,0.4510456621646881,terrorism,1851-1900,SkipGram,322
bad_faith,0.4506954550743103,terrorism,1851-1900,SkipGram,323
south_dakota,0.45066702365875244,terrorism,1851-1900,SkipGram,324
wert,0.45017558336257935,terrorism,1851-1900,SkipGram,325
sufficient_proof,0.45006290078163147,terrorism,1851-1900,SkipGram,326
vigorous_action,0.4499923884868622,terrorism,1851-1900,SkipGram,327
democratic_nomination,0.44979193806648254,terrorism,1851-1900,SkipGram,328
brazil,0.44970837235450745,terrorism,1851-1900,SkipGram,329
frivolous,0.4496442377567291,terrorism,1851-1900,SkipGram,330
protract,0.44954967498779297,terrorism,1851-1900,SkipGram,331
gouty,0.44950538873672485,terrorism,1851-1900,SkipGram,332
safe,0.4494251012802124,terrorism,1851-1900,SkipGram,333
extremist,0.44890230894088745,terrorism,1851-1900,SkipGram,334
virginia_tennessee,0.4487755298614502,terrorism,1851-1900,SkipGram,335
congressional_committee,0.4485260844230652,terrorism,1851-1900,SkipGram,336
broadcast,0.4482685327529907,terrorism,1851-1900,SkipGram,337
avow_purpose,0.4482612907886505,terrorism,1851-1900,SkipGram,338
maltreat,0.4481576383113861,terrorism,1851-1900,SkipGram,339
legislative_enactment,0.44814983010292053,terrorism,1851-1900,SkipGram,340
miners,0.44804173707962036,terrorism,1851-1900,SkipGram,341
irrepressible_conflict,0.44796785712242126,terrorism,1851-1900,SkipGram,342
emboli,0.44787463545799255,terrorism,1851-1900,SkipGram,343
swearing,0.4478023946285248,terrorism,1851-1900,SkipGram,344
wilke,0.4477633833885193,terrorism,1851-1900,SkipGram,345
unprovoked,0.44773629307746887,terrorism,1851-1900,SkipGram,346
localise,0.44759559631347656,terrorism,1851-1900,SkipGram,347
constitutional_convention,0.44759106636047363,terrorism,1851-1900,SkipGram,348
facilitate,0.44732093811035156,terrorism,1851-1900,SkipGram,349
ga,0.44726189970970154,terrorism,1851-1900,SkipGram,350
prosecute,0.44720956683158875,terrorism,1851-1900,SkipGram,351
passport,0.44712647795677185,terrorism,1851-1900,SkipGram,352
crandall,0.44688501954078674,terrorism,1851-1900,SkipGram,353
constrain,0.4466678500175476,terrorism,1851-1900,SkipGram,354
confederate_army,0.44665753841400146,terrorism,1851-1900,SkipGram,355
prohibit,0.4465126395225525,terrorism,1851-1900,SkipGram,356
view,0.4464358687400818,terrorism,1851-1900,SkipGram,357
parish_parish,0.4462025761604309,terrorism,1851-1900,SkipGram,358
western,0.4461337924003601,terrorism,1851-1900,SkipGram,359
resident,0.44613102078437805,terrorism,1851-1900,SkipGram,360
complete_independence,0.4461025893688202,terrorism,1851-1900,SkipGram,361
moment_notice,0.44600239396095276,terrorism,1851-1900,SkipGram,362
linger,0.44595468044281006,terrorism,1851-1900,SkipGram,363
ecclesiastical,0.44588446617126465,terrorism,1851-1900,SkipGram,364
deluge,0.4458323121070862,terrorism,1851-1900,SkipGram,365
richmond,0.4454353451728821,terrorism,1851-1900,SkipGram,366
lawless,0.4452974200248718,terrorism,1851-1900,SkipGram,367
chamber_commerce,0.4451768398284912,terrorism,1851-1900,SkipGram,368
extract,0.4450523555278778,terrorism,1851-1900,SkipGram,369
person_property,0.444714218378067,terrorism,1851-1900,SkipGram,370
unfamiliar,0.4446938633918762,terrorism,1851-1900,SkipGram,371
anthracite,0.4445776641368866,terrorism,1851-1900,SkipGram,372
doctrine,0.4444113075733185,terrorism,1851-1900,SkipGram,373
worthy_praise,0.44433072209358215,terrorism,1851-1900,SkipGram,374
impartial,0.4442075788974762,terrorism,1851-1900,SkipGram,375
democratic_opponent,0.44417089223861694,terrorism,1851-1900,SkipGram,376
memphis,0.44407913088798523,terrorism,1851-1900,SkipGram,377
southern,0.4440741240978241,terrorism,1851-1900,SkipGram,378
diaz,0.4440254867076874,terrorism,1851-1900,SkipGram,379
telegram,0.44396665692329407,terrorism,1851-1900,SkipGram,380
fort,0.4439314007759094,terrorism,1851-1900,SkipGram,381
ignorant_negro,0.44390374422073364,terrorism,1851-1900,SkipGram,382
lesion,0.4438563883304596,terrorism,1851-1900,SkipGram,383
calumny,0.44381463527679443,terrorism,1851-1900,SkipGram,384
homicidal,0.4437592625617981,terrorism,1851-1900,SkipGram,385
amend_constitution,0.4436309337615967,terrorism,1851-1900,SkipGram,386
tee,0.4436284899711609,terrorism,1851-1900,SkipGram,387
violence_perpetrate,0.44347620010375977,terrorism,1851-1900,SkipGram,388
whoso,0.4433712959289551,terrorism,1851-1900,SkipGram,389
operate,0.4432535767555237,terrorism,1851-1900,SkipGram,390
difficult_task,0.44321832060813904,terrorism,1851-1900,SkipGram,391
particle,0.44314008951187134,terrorism,1851-1900,SkipGram,392
complain,0.4430871605873108,terrorism,1851-1900,SkipGram,393
barbarism,0.4429304301738739,terrorism,1851-1900,SkipGram,394
wherever,0.44288694858551025,terrorism,1851-1900,SkipGram,395
expressive,0.4428427219390869,terrorism,1851-1900,SkipGram,396
greater,0.44249165058135986,terrorism,1851-1900,SkipGram,397
tenable,0.4424101412296295,terrorism,1851-1900,SkipGram,398
wholly,0.4422106444835663,terrorism,1851-1900,SkipGram,399
powerless_prevent,0.4422087073326111,terrorism,1851-1900,SkipGram,400
sill,0.4422038495540619,terrorism,1851-1900,SkipGram,401
set_forth,0.441630095243454,terrorism,1851-1900,SkipGram,402
chapter,0.4415815770626068,terrorism,1851-1900,SkipGram,403
constitution,0.4415268898010254,terrorism,1851-1900,SkipGram,404
civilize,0.4412938356399536,terrorism,1851-1900,SkipGram,405
ruthless,0.4412775933742523,terrorism,1851-1900,SkipGram,406
aggression,0.44125235080718994,terrorism,1851-1900,SkipGram,407
side_atlantic,0.44106537103652954,terrorism,1851-1900,SkipGram,408
congressional,0.4410631060600281,terrorism,1851-1900,SkipGram,409
sham,0.44095975160598755,terrorism,1851-1900,SkipGram,410
improbability,0.44095897674560547,terrorism,1851-1900,SkipGram,411
technically,0.4409556984901428,terrorism,1851-1900,SkipGram,412
border_ruffian,0.44081249833106995,terrorism,1851-1900,SkipGram,413
populist,0.4404861330986023,terrorism,1851-1900,SkipGram,414
hold_responsible,0.4404096007347107,terrorism,1851-1900,SkipGram,415
concern,0.4402639865875244,terrorism,1851-1900,SkipGram,416
suffragan,0.4400584101676941,terrorism,1851-1900,SkipGram,417
urine,0.43982455134391785,terrorism,1851-1900,SkipGram,418
governor_massachusetts,0.43958866596221924,terrorism,1851-1900,SkipGram,419
issue_proclamation,0.43958595395088196,terrorism,1851-1900,SkipGram,420
postal_revenue,0.43958479166030884,terrorism,1851-1900,SkipGram,421
john_murphy,0.43955686688423157,terrorism,1851-1900,SkipGram,422
governor_virginia,0.4394128620624542,terrorism,1851-1900,SkipGram,423
broadly,0.43938443064689636,terrorism,1851-1900,SkipGram,424
express_admiration,0.4393210709095001,terrorism,1851-1900,SkipGram,425
constitutionality,0.43925875425338745,terrorism,1851-1900,SkipGram,426
remote_district,0.4390525817871094,terrorism,1851-1900,SkipGram,427
belief,0.43865013122558594,terrorism,1851-1900,SkipGram,428
senator_missouri,0.4384820759296417,terrorism,1851-1900,SkipGram,429
democrat_republican,0.4384647607803345,terrorism,1851-1900,SkipGram,430
prior,0.43834128975868225,terrorism,1851-1900,SkipGram,431
perpetrate,0.438297301530838,terrorism,1851-1900,SkipGram,432
protest,0.43819960951805115,terrorism,1851-1900,SkipGram,433
deny,0.4380885660648346,terrorism,1851-1900,SkipGram,434
attorney_general,0.4379059374332428,terrorism,1851-1900,SkipGram,435
resolution_introduce,0.4377664625644684,terrorism,1851-1900,SkipGram,436
wretche,0.4377095699310303,terrorism,1851-1900,SkipGram,437
cotton_exchange,0.4376683533191681,terrorism,1851-1900,SkipGram,438
dock,0.43763574957847595,terrorism,1851-1900,SkipGram,439
fifth_avenue,0.4376254975795746,terrorism,1851-1900,SkipGram,440
obtain_information,0.43703392148017883,terrorism,1851-1900,SkipGram,441
heretic,0.43696996569633484,terrorism,1851-1900,SkipGram,442
date,0.43682369589805603,terrorism,1851-1900,SkipGram,443
burglary,0.4367922246456146,terrorism,1851-1900,SkipGram,444
twentieth,0.4366753101348877,terrorism,1851-1900,SkipGram,445
defense,0.43665775656700134,terrorism,1851-1900,SkipGram,446
inducement,0.4363071024417877,terrorism,1851-1900,SkipGram,447
effect,0.4362828731536865,terrorism,1851-1900,SkipGram,448
superintendent,0.4362599551677704,terrorism,1851-1900,SkipGram,449
speak_freely,0.43625715374946594,terrorism,1851-1900,SkipGram,450
color_mon,0.4361494183540344,terrorism,1851-1900,SkipGram,451
sharpe,0.4361478090286255,terrorism,1851-1900,SkipGram,452
small_band,0.4360373318195343,terrorism,1851-1900,SkipGram,453
willis,0.435886412858963,terrorism,1851-1900,SkipGram,454
adversary,0.43580812215805054,terrorism,1851-1900,SkipGram,455
tutelage,0.43570613861083984,terrorism,1851-1900,SkipGram,456
twothirds,0.4356931746006012,terrorism,1851-1900,SkipGram,457
disturbance_occur,0.43569138646125793,terrorism,1851-1900,SkipGram,458
guerrilla_band,0.4349246919155121,terrorism,1851-1900,SkipGram,459
felony,0.434854120016098,terrorism,1851-1900,SkipGram,460
valuable_information,0.4348348379135132,terrorism,1851-1900,SkipGram,461
temper,0.4345645010471344,terrorism,1851-1900,SkipGram,462
unquestionably,0.4344983696937561,terrorism,1851-1900,SkipGram,463
enforce_provision,0.434272438287735,terrorism,1851-1900,SkipGram,464
osceola,0.4340415298938751,terrorism,1851-1900,SkipGram,465
commencing,0.4335513412952423,terrorism,1851-1900,SkipGram,466
critic,0.4335165321826935,terrorism,1851-1900,SkipGram,467
district_court,0.4334263801574707,terrorism,1851-1900,SkipGram,468
congress_adjourn,0.4333753287792206,terrorism,1851-1900,SkipGram,469
tittle,0.43337488174438477,terrorism,1851-1900,SkipGram,470
incur_responsibility,0.4332738518714905,terrorism,1851-1900,SkipGram,471
continue,0.43313008546829224,terrorism,1851-1900,SkipGram,472
amply_sufficient,0.43302807211875916,terrorism,1851-1900,SkipGram,473
accountable,0.4329652786254883,terrorism,1851-1900,SkipGram,474
deference,0.4329499304294586,terrorism,1851-1900,SkipGram,475
compass,0.43292883038520813,terrorism,1851-1900,SkipGram,476
impracticable,0.4328514039516449,terrorism,1851-1900,SkipGram,477
impure,0.43279945850372314,terrorism,1851-1900,SkipGram,478
republican_majority,0.4327787458896637,terrorism,1851-1900,SkipGram,479
desertion,0.4326549172401428,terrorism,1851-1900,SkipGram,480
authenticate,0.4326052963733673,terrorism,1851-1900,SkipGram,481
repulsion,0.4323984384536743,terrorism,1851-1900,SkipGram,482
clinch,0.4323064982891083,terrorism,1851-1900,SkipGram,483
senate_committee,0.4320654273033142,terrorism,1851-1900,SkipGram,484
adherence,0.43197715282440186,terrorism,1851-1900,SkipGram,485
reside,0.4319710433483124,terrorism,1851-1900,SkipGram,486
worthy_attention,0.4319447875022888,terrorism,1851-1900,SkipGram,487
enlarge,0.4319342076778412,terrorism,1851-1900,SkipGram,488
reiterate,0.43189987540245056,terrorism,1851-1900,SkipGram,489
bias,0.4318597912788391,terrorism,1851-1900,SkipGram,490
base,0.4318486750125885,terrorism,1851-1900,SkipGram,491
exploration,0.4317609667778015,terrorism,1851-1900,SkipGram,492
dig_editor,0.4316619336605072,terrorism,1851-1900,SkipGram,493
room_mend,0.4315341114997864,terrorism,1851-1900,SkipGram,494
plausible,0.4315216839313507,terrorism,1851-1900,SkipGram,495
strong_feeling,0.6166678667068481,terrorist,1851-1900,CBOW,1
repression,0.5694288611412048,terrorist,1851-1900,CBOW,2
irresponsible,0.5624233484268188,terrorist,1851-1900,CBOW,3
mississippi_louisiana,0.5490949153900146,terrorist,1851-1900,CBOW,4
brute_force,0.5406696796417236,terrorist,1851-1900,CBOW,5
reign_terror,0.5397277474403381,terrorist,1851-1900,CBOW,6
carnival,0.5341355204582214,terrorist,1851-1900,CBOW,7
brigandage,0.5319125652313232,terrorist,1851-1900,CBOW,8
terror,0.5192974805831909,terrorist,1851-1900,CBOW,9
amply_sufficient,0.5180577039718628,terrorist,1851-1900,CBOW,10
spy,0.514494776725769,terrorist,1851-1900,CBOW,11
intent_purpose,0.5115076899528503,terrorist,1851-1900,CBOW,12
originality,0.5099676847457886,terrorist,1851-1900,CBOW,13
priest,0.5035362243652344,terrorist,1851-1900,CBOW,14
venomous,0.497802197933197,terrorist,1851-1900,CBOW,15
dread,0.49393224716186523,terrorist,1851-1900,CBOW,16
fruitful,0.48925095796585083,terrorist,1851-1900,CBOW,17
ostracism,0.48802515864372253,terrorist,1851-1900,CBOW,18
tactic,0.4835275411605835,terrorist,1851-1900,CBOW,19
violence_intimidation,0.48275870084762573,terrorist,1851-1900,CBOW,20
atrocity,0.47974464297294617,terrorist,1851-1900,CBOW,21
shameful,0.47584766149520874,terrorist,1851-1900,CBOW,22
arkansas_mississippi,0.4691965878009796,terrorist,1851-1900,CBOW,23
universal_suffrage,0.46784886717796326,terrorist,1851-1900,CBOW,24
barbarous,0.4583438038825989,terrorist,1851-1900,CBOW,25
san,0.4581129252910614,terrorist,1851-1900,CBOW,26
oppressive_measure,0.45781949162483215,terrorist,1851-1900,CBOW,27
diabolical,0.45760682225227356,terrorist,1851-1900,CBOW,28
appalling,0.4557129740715027,terrorist,1851-1900,CBOW,29
widespread,0.45568281412124634,terrorist,1851-1900,CBOW,30
ignorance,0.4498635530471802,terrorist,1851-1900,CBOW,31
catholicism,0.44920554757118225,terrorist,1851-1900,CBOW,32
intimidation,0.4489131271839142,terrorist,1851-1900,CBOW,33
coercion_act,0.448022723197937,terrorist,1851-1900,CBOW,34
wanton,0.44707605242729187,terrorist,1851-1900,CBOW,35
lawless,0.4468582272529602,terrorist,1851-1900,CBOW,36
solitary_confinement,0.4463619291782379,terrorist,1851-1900,CBOW,37
absolute_necessity,0.44309115409851074,terrorist,1851-1900,CBOW,38
selfish,0.4429490566253662,terrorist,1851-1900,CBOW,39
tyranny,0.44214069843292236,terrorist,1851-1900,CBOW,40
confusion,0.44095006585121155,terrorist,1851-1900,CBOW,41
corruption,0.4386169910430908,terrorist,1851-1900,CBOW,42
corrupt_influence,0.4376501739025116,terrorist,1851-1900,CBOW,43
surprising,0.4370453953742981,terrorist,1851-1900,CBOW,44
dual,0.43661388754844666,terrorist,1851-1900,CBOW,45
public_sentiment,0.4362584054470062,terrorist,1851-1900,CBOW,46
instrumentality,0.43404945731163025,terrorist,1851-1900,CBOW,47
landlordism,0.4328746497631073,terrorist,1851-1900,CBOW,48
salad,0.43086951971054077,terrorist,1851-1900,CBOW,49
hateful,0.430475652217865,terrorist,1851-1900,CBOW,50
merciless,0.43024247884750366,terrorist,1851-1900,CBOW,51
australian,0.4290022850036621,terrorist,1851-1900,CBOW,52
riot_tumult,0.42647069692611694,terrorist,1851-1900,CBOW,53
impossible,0.42600682377815247,terrorist,1851-1900,CBOW,54
outrage,0.4256838858127594,terrorist,1851-1900,CBOW,55
inspiration,0.42556050419807434,terrorist,1851-1900,CBOW,56
intimidation_violence,0.4241804778575897,terrorist,1851-1900,CBOW,57
congress_adjourn,0.42329078912734985,terrorist,1851-1900,CBOW,58
combatant,0.422118216753006,terrorist,1851-1900,CBOW,59
conspiracy,0.42167964577674866,terrorist,1851-1900,CBOW,60
fatally,0.42160797119140625,terrorist,1851-1900,CBOW,61
virginia_chivalry,0.42154112458229065,terrorist,1851-1900,CBOW,62
juvenile,0.4200698137283325,terrorist,1851-1900,CBOW,63
viva_voice,0.4199156165122986,terrorist,1851-1900,CBOW,64
exultation,0.4193393290042877,terrorist,1851-1900,CBOW,65
coercion,0.41864851117134094,terrorist,1851-1900,CBOW,66
perpetrate,0.41713860630989075,terrorist,1851-1900,CBOW,67
coquette,0.41229018568992615,terrorist,1851-1900,CBOW,68
pressure,0.4122801125049591,terrorist,1851-1900,CBOW,69
bulldozing,0.4120030105113983,terrorist,1851-1900,CBOW,70
advent,0.4117754101753235,terrorist,1851-1900,CBOW,71
sympathizer,0.4103846549987793,terrorist,1851-1900,CBOW,72
surveillance,0.40939629077911377,terrorist,1851-1900,CBOW,73
fraud_intimidation,0.40862399339675903,terrorist,1851-1900,CBOW,74
illegal,0.40798959136009216,terrorist,1851-1900,CBOW,75
extension,0.40748468041419983,terrorist,1851-1900,CBOW,76
severity,0.4067145586013794,terrorist,1851-1900,CBOW,77
discernible,0.40541985630989075,terrorist,1851-1900,CBOW,78
espionage,0.4032643735408783,terrorist,1851-1900,CBOW,79
thousand,0.402426153421402,terrorist,1851-1900,CBOW,80
tyrannical,0.40216872096061707,terrorist,1851-1900,CBOW,81
actually,0.40211084485054016,terrorist,1851-1900,CBOW,82
virtual,0.4013827443122864,terrorist,1851-1900,CBOW,83
speculator,0.39868098497390747,terrorist,1851-1900,CBOW,84
broadcast,0.3983722925186157,terrorist,1851-1900,CBOW,85
gigantic,0.39826104044914246,terrorist,1851-1900,CBOW,86
patronage,0.3975129723548889,terrorist,1851-1900,CBOW,87
martial_law,0.3967185318470001,terrorist,1851-1900,CBOW,88
warlike_preparation,0.39662131667137146,terrorist,1851-1900,CBOW,89
emigrate,0.39570891857147217,terrorist,1851-1900,CBOW,90
jacksonville_la,0.3956111967563629,terrorist,1851-1900,CBOW,91
wise_counsel,0.3950975835323334,terrorist,1851-1900,CBOW,92
impunity,0.39373779296875,terrorist,1851-1900,CBOW,93
blackmail,0.392954021692276,terrorist,1851-1900,CBOW,94
fault,0.39283880591392517,terrorist,1851-1900,CBOW,95
exasperation,0.3927082419395447,terrorist,1851-1900,CBOW,96
terrorise,0.39269527792930603,terrorist,1851-1900,CBOW,97
ruffian,0.3926783800125122,terrorist,1851-1900,CBOW,98
notoriously,0.3922919034957886,terrorist,1851-1900,CBOW,99
resorted,0.3915402889251709,terrorist,1851-1900,CBOW,100
atrocious,0.391184538602829,terrorist,1851-1900,CBOW,101
prohibitionist,0.3905044496059418,terrorist,1851-1900,CBOW,102
pilgrimage,0.3903034031391144,terrorist,1851-1900,CBOW,103
compulsory,0.3900033235549927,terrorist,1851-1900,CBOW,104
temptation,0.38997316360473633,terrorist,1851-1900,CBOW,105
redress_grievance,0.3898892402648926,terrorist,1851-1900,CBOW,106
stony_follow,0.3885529935359955,terrorist,1851-1900,CBOW,107
feel_insecurity,0.3881230056285858,terrorist,1851-1900,CBOW,108
oswego,0.38792291283607483,terrorist,1851-1900,CBOW,109
absolute_power,0.38666027784347534,terrorist,1851-1900,CBOW,110
audacity,0.3854038119316101,terrorist,1851-1900,CBOW,111
cruelty,0.3851949870586395,terrorist,1851-1900,CBOW,112
snuff,0.3849799931049347,terrorist,1851-1900,CBOW,113
exert_influence,0.38395074009895325,terrorist,1851-1900,CBOW,114
intrepid,0.3837338984012604,terrorist,1851-1900,CBOW,115
object_attain,0.3832772970199585,terrorist,1851-1900,CBOW,116
judicial_function,0.3828631639480591,terrorist,1851-1900,CBOW,117
greedy,0.3821166753768921,terrorist,1851-1900,CBOW,118
handful,0.3814380466938019,terrorist,1851-1900,CBOW,119
repugnant,0.3812941610813141,terrorist,1851-1900,CBOW,120
kansas_parish,0.38110747933387756,terrorist,1851-1900,CBOW,121
frenzy,0.3807447850704193,terrorist,1851-1900,CBOW,122
avarice,0.3803647458553314,terrorist,1851-1900,CBOW,123
propaganda,0.3801195025444031,terrorist,1851-1900,CBOW,124
evil,0.37828904390335083,terrorist,1851-1900,CBOW,125
herr_davis,0.37793564796447754,terrorist,1851-1900,CBOW,126
incredulity,0.3777467906475067,terrorist,1851-1900,CBOW,127
outlaw,0.37761199474334717,terrorist,1851-1900,CBOW,128
violence,0.3774242103099823,terrorist,1851-1900,CBOW,129
condemnation,0.3771074116230011,terrorist,1851-1900,CBOW,130
corrupt_practice,0.3764275312423706,terrorist,1851-1900,CBOW,131
whenever_wherever,0.37642401456832886,terrorist,1851-1900,CBOW,132
mercilessly,0.3761570155620575,terrorist,1851-1900,CBOW,133
cognizant,0.37550675868988037,terrorist,1851-1900,CBOW,134
invasion_insurrection,0.3753041625022888,terrorist,1851-1900,CBOW,135
motor,0.3745044469833374,terrorist,1851-1900,CBOW,136
elective_franchise,0.3738064467906952,terrorist,1851-1900,CBOW,137
hellish,0.3735491931438446,terrorist,1851-1900,CBOW,138
evildoer,0.3732168972492218,terrorist,1851-1900,CBOW,139
national_council,0.3728506863117218,terrorist,1851-1900,CBOW,140
effectually,0.3722747266292572,terrorist,1851-1900,CBOW,141
bulldozed,0.3721317946910858,terrorist,1851-1900,CBOW,142
coldblooded,0.3719419836997986,terrorist,1851-1900,CBOW,143
discontent,0.37180426716804504,terrorist,1851-1900,CBOW,144
boycott,0.3708215355873108,terrorist,1851-1900,CBOW,145
rural_district,0.370216965675354,terrorist,1851-1900,CBOW,146
wholesale,0.36942610144615173,terrorist,1851-1900,CBOW,147
life_property,0.3692415654659271,terrorist,1851-1900,CBOW,148
disorganization,0.3689814507961273,terrorist,1851-1900,CBOW,149
federal_officeholder,0.3688439726829529,terrorist,1851-1900,CBOW,150
childhood,0.36874693632125854,terrorist,1851-1900,CBOW,151
formation,0.3680386543273926,terrorist,1851-1900,CBOW,152
fraught,0.3680315613746643,terrorist,1851-1900,CBOW,153
continental,0.36787205934524536,terrorist,1851-1900,CBOW,154
disadvantage,0.36754414439201355,terrorist,1851-1900,CBOW,155
morale,0.36738771200180054,terrorist,1851-1900,CBOW,156
liberality,0.3672070801258087,terrorist,1851-1900,CBOW,157
voter_poll,0.3667488992214203,terrorist,1851-1900,CBOW,158
legerdemain,0.36609557271003723,terrorist,1851-1900,CBOW,159
loafer,0.3660857081413269,terrorist,1851-1900,CBOW,160
colored_vote,0.36605173349380493,terrorist,1851-1900,CBOW,161
telegraph_dispatch,0.36576616764068604,terrorist,1851-1900,CBOW,162
defraud,0.3653864860534668,terrorist,1851-1900,CBOW,163
brief_statement,0.365125834941864,terrorist,1851-1900,CBOW,164
infest,0.3642444908618927,terrorist,1851-1900,CBOW,165
tremendous,0.3640270233154297,terrorist,1851-1900,CBOW,166
black_tea,0.36378514766693115,terrorist,1851-1900,CBOW,167
sort_monroe,0.3635871708393097,terrorist,1851-1900,CBOW,168
increase,0.3631269037723541,terrorist,1851-1900,CBOW,169
background,0.3630432188510895,terrorist,1851-1900,CBOW,170
federal_judge,0.3629522919654846,terrorist,1851-1900,CBOW,171
clement,0.36294475197792053,terrorist,1851-1900,CBOW,172
scruple,0.36291614174842834,terrorist,1851-1900,CBOW,173
pretence,0.3615177571773529,terrorist,1851-1900,CBOW,174
prevalence,0.36072173714637756,terrorist,1851-1900,CBOW,175
bloodless,0.360700786113739,terrorist,1851-1900,CBOW,176
unaccustomed,0.3598904311656952,terrorist,1851-1900,CBOW,177
utmost_confidence,0.35927218198776245,terrorist,1851-1900,CBOW,178
drawback,0.35898473858833313,terrorist,1851-1900,CBOW,179
outright,0.3589756488800049,terrorist,1851-1900,CBOW,180
exaggerated,0.3587425649166107,terrorist,1851-1900,CBOW,181
national_guard,0.35822468996047974,terrorist,1851-1900,CBOW,182
silence,0.35794296860694885,terrorist,1851-1900,CBOW,183
secretly,0.3572683036327362,terrorist,1851-1900,CBOW,184
murder_innocent,0.3569897711277008,terrorist,1851-1900,CBOW,185
restrain,0.3569895625114441,terrorist,1851-1900,CBOW,186
lip_bud,0.3564404249191284,terrorist,1851-1900,CBOW,187
nefarious,0.3558678925037384,terrorist,1851-1900,CBOW,188
subjection,0.3557806611061096,terrorist,1851-1900,CBOW,189
internal_revenue,0.3556642532348633,terrorist,1851-1900,CBOW,190
aggression,0.3554302453994751,terrorist,1851-1900,CBOW,191
irresistible,0.3548274338245392,terrorist,1851-1900,CBOW,192
osborne,0.3548153340816498,terrorist,1851-1900,CBOW,193
midnight,0.35461026430130005,terrorist,1851-1900,CBOW,194
wild_excitement,0.3537992537021637,terrorist,1851-1900,CBOW,195
unequal_contest,0.3532137870788574,terrorist,1851-1900,CBOW,196
italians,0.3525892496109009,terrorist,1851-1900,CBOW,197
contagion,0.35217660665512085,terrorist,1851-1900,CBOW,198
judiciously,0.3517194390296936,terrorist,1851-1900,CBOW,199
unwilling,0.3495800495147705,terrorist,1851-1900,CBOW,200
detach_fort,0.34945112466812134,terrorist,1851-1900,CBOW,201
bid_fair,0.3490714132785797,terrorist,1851-1900,CBOW,202
worthless,0.34838080406188965,terrorist,1851-1900,CBOW,203
uprising,0.34831082820892334,terrorist,1851-1900,CBOW,204
iniquity,0.34827572107315063,terrorist,1851-1900,CBOW,205
extravagance,0.3471280038356781,terrorist,1851-1900,CBOW,206
revolution,0.34703779220581055,terrorist,1851-1900,CBOW,207
disappearance,0.3469521403312683,terrorist,1851-1900,CBOW,208
entitle_respect,0.3467918336391449,terrorist,1851-1900,CBOW,209
viii,0.3465389311313629,terrorist,1851-1900,CBOW,210
knave,0.3457892835140228,terrorist,1851-1900,CBOW,211
practical_experience,0.34563684463500977,terrorist,1851-1900,CBOW,212
mississippi_alabama,0.3452155888080597,terrorist,1851-1900,CBOW,213
indict,0.3450353741645813,terrorist,1851-1900,CBOW,214
thrive,0.3442041277885437,terrorist,1851-1900,CBOW,215
rotation,0.34396079182624817,terrorist,1851-1900,CBOW,216
strain_nerve,0.3438567519187927,terrorist,1851-1900,CBOW,217
provoke_hostility,0.34358182549476624,terrorist,1851-1900,CBOW,218
bad,0.34316712617874146,terrorist,1851-1900,CBOW,219
inevitably,0.34246665239334106,terrorist,1851-1900,CBOW,220
hoarse,0.34211495518684387,terrorist,1851-1900,CBOW,221
invention,0.34196388721466064,terrorist,1851-1900,CBOW,222
legalize,0.3416261374950409,terrorist,1851-1900,CBOW,223
violator_law,0.34140241146087646,terrorist,1851-1900,CBOW,224
birmingham,0.3412894010543823,terrorist,1851-1900,CBOW,225
void,0.3411860167980194,terrorist,1851-1900,CBOW,226
revel,0.3410782516002655,terrorist,1851-1900,CBOW,227
purge,0.34097495675086975,terrorist,1851-1900,CBOW,228
workshop,0.34071385860443115,terrorist,1851-1900,CBOW,229
hostility,0.3402702212333679,terrorist,1851-1900,CBOW,230
marvelous,0.3397645056247711,terrorist,1851-1900,CBOW,231
impudent,0.33960679173469543,terrorist,1851-1900,CBOW,232
stupendous,0.3395950198173523,terrorist,1851-1900,CBOW,233
traitorous,0.33933645486831665,terrorist,1851-1900,CBOW,234
england_scotland,0.3391685485839844,terrorist,1851-1900,CBOW,235
indignity,0.33914944529533386,terrorist,1851-1900,CBOW,236
phantom,0.3390282094478607,terrorist,1851-1900,CBOW,237
grind,0.33842524886131287,terrorist,1851-1900,CBOW,238
strong_enough,0.3383032977581024,terrorist,1851-1900,CBOW,239
amour,0.3382231891155243,terrorist,1851-1900,CBOW,240
penetration,0.3382197916507721,terrorist,1851-1900,CBOW,241
unexampled,0.3375214636325836,terrorist,1851-1900,CBOW,242
benevolent_association,0.3373924791812897,terrorist,1851-1900,CBOW,243
contentment,0.3367062509059906,terrorist,1851-1900,CBOW,244
eastern_tennessee,0.33650335669517517,terrorist,1851-1900,CBOW,245
peaceable_citizen,0.3363008499145508,terrorist,1851-1900,CBOW,246
prohibitory,0.336148202419281,terrorist,1851-1900,CBOW,247
utter_confusion,0.335912823677063,terrorist,1851-1900,CBOW,248
presumptive,0.3356342017650604,terrorist,1851-1900,CBOW,249
criminal_prosecution,0.33552277088165283,terrorist,1851-1900,CBOW,250
colored_race,0.33547142148017883,terrorist,1851-1900,CBOW,251
summarily,0.3350508213043213,terrorist,1851-1900,CBOW,252
safeguards,0.3350222110748291,terrorist,1851-1900,CBOW,253
armed_mob,0.3346969783306122,terrorist,1851-1900,CBOW,254
victim,0.33462798595428467,terrorist,1851-1900,CBOW,255
repulsion,0.33403775095939636,terrorist,1851-1900,CBOW,256
defence_protection,0.3338075578212738,terrorist,1851-1900,CBOW,257
gang,0.3337671756744385,terrorist,1851-1900,CBOW,258
gratuitous,0.33356526494026184,terrorist,1851-1900,CBOW,259
troublesome,0.33355581760406494,terrorist,1851-1900,CBOW,260
coincide,0.3333890736103058,terrorist,1851-1900,CBOW,261
disloyalty,0.3331626057624817,terrorist,1851-1900,CBOW,262
guild,0.33304840326309204,terrorist,1851-1900,CBOW,263
check,0.3329963684082031,terrorist,1851-1900,CBOW,264
disturbance,0.33293184638023376,terrorist,1851-1900,CBOW,265
excise_commissioner,0.3328514099121094,terrorist,1851-1900,CBOW,266
monmouth_dark,0.33270156383514404,terrorist,1851-1900,CBOW,267
cessation,0.33251431584358215,terrorist,1851-1900,CBOW,268
needy,0.3323565423488617,terrorist,1851-1900,CBOW,269
constabulary,0.33210161328315735,terrorist,1851-1900,CBOW,270
graduate,0.331922322511673,terrorist,1851-1900,CBOW,271
ascendancy,0.3318411409854889,terrorist,1851-1900,CBOW,272
tom_mission,0.33144402503967285,terrorist,1851-1900,CBOW,273
town,0.3314068615436554,terrorist,1851-1900,CBOW,274
supplementary,0.3311065137386322,terrorist,1851-1900,CBOW,275
rotten,0.33078283071517944,terrorist,1851-1900,CBOW,276
repugnance,0.33069050312042236,terrorist,1851-1900,CBOW,277
checkmate,0.33031514286994934,terrorist,1851-1900,CBOW,278
diver,0.330081582069397,terrorist,1851-1900,CBOW,279
private_property,0.3300669491291046,terrorist,1851-1900,CBOW,280
degenerate,0.3299906253814697,terrorist,1851-1900,CBOW,281
board_supervisor,0.329548716545105,terrorist,1851-1900,CBOW,282
forty_thousand,0.3294692933559418,terrorist,1851-1900,CBOW,283
torrent,0.3292478322982788,terrorist,1851-1900,CBOW,284
gideon,0.32904019951820374,terrorist,1851-1900,CBOW,285
boldness,0.3290356993675232,terrorist,1851-1900,CBOW,286
imitation,0.3289857506752014,terrorist,1851-1900,CBOW,287
incite,0.3288857936859131,terrorist,1851-1900,CBOW,288
total,0.3288191854953766,terrorist,1851-1900,CBOW,289
crusade,0.3284263014793396,terrorist,1851-1900,CBOW,290
habeas_corpus,0.3280513882637024,terrorist,1851-1900,CBOW,291
psalm,0.3275594115257263,terrorist,1851-1900,CBOW,292
inflation,0.3273971676826477,terrorist,1851-1900,CBOW,293
speak_freely,0.32737356424331665,terrorist,1851-1900,CBOW,294
corrupting,0.32734301686286926,terrorist,1851-1900,CBOW,295
lloyd,0.3272888958454132,terrorist,1851-1900,CBOW,296
unprecedented,0.32721978425979614,terrorist,1851-1900,CBOW,297
mob_violence,0.3269680440425873,terrorist,1851-1900,CBOW,298
persecution,0.32683417201042175,terrorist,1851-1900,CBOW,299
rico,0.3266906142234802,terrorist,1851-1900,CBOW,300
ravage,0.32650068402290344,terrorist,1851-1900,CBOW,301
grievance,0.32645106315612793,terrorist,1851-1900,CBOW,302
warfare,0.32620278000831604,terrorist,1851-1900,CBOW,303
analyze,0.3261812627315521,terrorist,1851-1900,CBOW,304
outbreak,0.3260291814804077,terrorist,1851-1900,CBOW,305
reality,0.3258950114250183,terrorist,1851-1900,CBOW,306
batman,0.32544609904289246,terrorist,1851-1900,CBOW,307
animal,0.3249047100543976,terrorist,1851-1900,CBOW,308
vigilance_committee,0.32460281252861023,terrorist,1851-1900,CBOW,309
variety,0.3243896961212158,terrorist,1851-1900,CBOW,310
avoid,0.32427871227264404,terrorist,1851-1900,CBOW,311
calamitous,0.32414624094963074,terrorist,1851-1900,CBOW,312
maliciously,0.32404986023902893,terrorist,1851-1900,CBOW,313
businesslike,0.3238331079483032,terrorist,1851-1900,CBOW,314
fury,0.3234805166721344,terrorist,1851-1900,CBOW,315
sov_palmer,0.32304611802101135,terrorist,1851-1900,CBOW,316
outlaws,0.32303038239479065,terrorist,1851-1900,CBOW,317
external,0.32290926575660706,terrorist,1851-1900,CBOW,318
swiss,0.32280564308166504,terrorist,1851-1900,CBOW,319
piedmont,0.3227630853652954,terrorist,1851-1900,CBOW,320
evangelical,0.32271063327789307,terrorist,1851-1900,CBOW,321
mania,0.32247841358184814,terrorist,1851-1900,CBOW,322
devote_attention,0.32237040996551514,terrorist,1851-1900,CBOW,323
canvasser,0.32236069440841675,terrorist,1851-1900,CBOW,324
retain_power,0.3223250210285187,terrorist,1851-1900,CBOW,325
terrorism,0.32231631875038147,terrorist,1851-1900,CBOW,326
misrule,0.32229864597320557,terrorist,1851-1900,CBOW,327
hilton,0.3222418427467346,terrorist,1851-1900,CBOW,328
verses,0.32217004895210266,terrorist,1851-1900,CBOW,329
extent,0.3221147954463959,terrorist,1851-1900,CBOW,330
picturesque,0.322004497051239,terrorist,1851-1900,CBOW,331
starvation,0.3217649459838867,terrorist,1851-1900,CBOW,332
respected,0.3216685354709625,terrorist,1851-1900,CBOW,333
agony,0.32163602113723755,terrorist,1851-1900,CBOW,334
callous,0.3214645981788635,terrorist,1851-1900,CBOW,335
sudden_death,0.3212147355079651,terrorist,1851-1900,CBOW,336
drone,0.32104170322418213,terrorist,1851-1900,CBOW,337
civilized,0.32094886898994446,terrorist,1851-1900,CBOW,338
numbering,0.3206145465373993,terrorist,1851-1900,CBOW,339
precursor,0.3205755054950714,terrorist,1851-1900,CBOW,340
destruction_property,0.320542573928833,terrorist,1851-1900,CBOW,341
class_citizen,0.32047995924949646,terrorist,1851-1900,CBOW,342
exasperated,0.3203546404838562,terrorist,1851-1900,CBOW,343
lobby,0.32016512751579285,terrorist,1851-1900,CBOW,344
ex,0.32013511657714844,terrorist,1851-1900,CBOW,345
disgust,0.3200337886810303,terrorist,1851-1900,CBOW,346
implacable,0.3199767768383026,terrorist,1851-1900,CBOW,347
line_duty,0.3197469711303711,terrorist,1851-1900,CBOW,348
resentment,0.31962814927101135,terrorist,1851-1900,CBOW,349
indemnity,0.319613516330719,terrorist,1851-1900,CBOW,350
commission,0.31947603821754456,terrorist,1851-1900,CBOW,351
sa,0.3187718689441681,terrorist,1851-1900,CBOW,352
despotic,0.3185041546821594,terrorist,1851-1900,CBOW,353
promptness,0.3184516429901123,terrorist,1851-1900,CBOW,354
surface,0.31810715794563293,terrorist,1851-1900,CBOW,355
interfere_purity,0.31782078742980957,terrorist,1851-1900,CBOW,356
ukase,0.31762105226516724,terrorist,1851-1900,CBOW,357
coerce,0.31748923659324646,terrorist,1851-1900,CBOW,358
generously,0.31744804978370667,terrorist,1851-1900,CBOW,359
free_fair,0.3173312544822693,terrorist,1851-1900,CBOW,360
dig_editor,0.3170583248138428,terrorist,1851-1900,CBOW,361
count_vernon,0.31691721081733704,terrorist,1851-1900,CBOW,362
legal_proceeding,0.31666409969329834,terrorist,1851-1900,CBOW,363
immature,0.3166596293449402,terrorist,1851-1900,CBOW,364
home,0.31647029519081116,terrorist,1851-1900,CBOW,365
undefined,0.3163273334503174,terrorist,1851-1900,CBOW,366
axis,0.31585827469825745,terrorist,1851-1900,CBOW,367
radicalism,0.3154175877571106,terrorist,1851-1900,CBOW,368
medial,0.31518736481666565,terrorist,1851-1900,CBOW,369
massacre,0.3145747184753418,terrorist,1851-1900,CBOW,370
insurgent,0.3145461678504944,terrorist,1851-1900,CBOW,371
hush,0.31444382667541504,terrorist,1851-1900,CBOW,372
grow_weary,0.3144272267818451,terrorist,1851-1900,CBOW,373
insurrection_domestic,0.31423819065093994,terrorist,1851-1900,CBOW,374
energetic_measure,0.31423741579055786,terrorist,1851-1900,CBOW,375
spoliation,0.3141506314277649,terrorist,1851-1900,CBOW,376
doer,0.3141254186630249,terrorist,1851-1900,CBOW,377
irregularity,0.3141205608844757,terrorist,1851-1900,CBOW,378
overwhelming,0.3140459954738617,terrorist,1851-1900,CBOW,379
thinking,0.31395047903060913,terrorist,1851-1900,CBOW,380
trample,0.31387436389923096,terrorist,1851-1900,CBOW,381
public_school,0.3137721121311188,terrorist,1851-1900,CBOW,382
daily_nightly,0.31375038623809814,terrorist,1851-1900,CBOW,383
invincible,0.3132781684398651,terrorist,1851-1900,CBOW,384
st,0.31318384408950806,terrorist,1851-1900,CBOW,385
lotion,0.3129376173019409,terrorist,1851-1900,CBOW,386
conservatism,0.31258702278137207,terrorist,1851-1900,CBOW,387
counselling,0.3124809265136719,terrorist,1851-1900,CBOW,388
henceforth,0.31246712803840637,terrorist,1851-1900,CBOW,389
society_prevention,0.3124374747276306,terrorist,1851-1900,CBOW,390
campaigning,0.31233036518096924,terrorist,1851-1900,CBOW,391
unnatural,0.3122949004173279,terrorist,1851-1900,CBOW,392
communist,0.3122616112232208,terrorist,1851-1900,CBOW,393
nationality,0.31222641468048096,terrorist,1851-1900,CBOW,394
rehabilitation,0.31216859817504883,terrorist,1851-1900,CBOW,395
canton,0.31210607290267944,terrorist,1851-1900,CBOW,396
intimidation_fraud,0.31203556060791016,terrorist,1851-1900,CBOW,397
incentive,0.3119727671146393,terrorist,1851-1900,CBOW,398
terminate,0.3117637038230896,terrorist,1851-1900,CBOW,399
malicious_mischief,0.31149789690971375,terrorist,1851-1900,CBOW,400
drain,0.3114650845527649,terrorist,1851-1900,CBOW,401
colored_voter,0.3114466369152069,terrorist,1851-1900,CBOW,402
discretion,0.31141990423202515,terrorist,1851-1900,CBOW,403
protection_afford,0.3110494911670685,terrorist,1851-1900,CBOW,404
protective,0.31071504950523376,terrorist,1851-1900,CBOW,405
wandering,0.3101910948753357,terrorist,1851-1900,CBOW,406
reach_climax,0.3101346790790558,terrorist,1851-1900,CBOW,407
rioting,0.3100929260253906,terrorist,1851-1900,CBOW,408
insight,0.31005799770355225,terrorist,1851-1900,CBOW,409
freedmen,0.31002891063690186,terrorist,1851-1900,CBOW,410
equity,0.30983784794807434,terrorist,1851-1900,CBOW,411
color_voter,0.30976706743240356,terrorist,1851-1900,CBOW,412
thwart,0.30962952971458435,terrorist,1851-1900,CBOW,413
loss_sustain,0.3094993829727173,terrorist,1851-1900,CBOW,414
vindication,0.30934247374534607,terrorist,1851-1900,CBOW,415
combination,0.30930790305137634,terrorist,1851-1900,CBOW,416
log_cabin,0.30929315090179443,terrorist,1851-1900,CBOW,417
revolt,0.3092897832393646,terrorist,1851-1900,CBOW,418
anarchy,0.3092823326587677,terrorist,1851-1900,CBOW,419
emit,0.3092373311519623,terrorist,1851-1900,CBOW,420
th_inst,0.30916401743888855,terrorist,1851-1900,CBOW,421
tyrannize,0.30906301736831665,terrorist,1851-1900,CBOW,422
incendiary,0.30893489718437195,terrorist,1851-1900,CBOW,423
irritation,0.3087952435016632,terrorist,1851-1900,CBOW,424
protestant,0.30873042345046997,terrorist,1851-1900,CBOW,425
procedure,0.3083040416240692,terrorist,1851-1900,CBOW,426
iota,0.3081687092781067,terrorist,1851-1900,CBOW,427
alarmist,0.30799412727355957,terrorist,1851-1900,CBOW,428
conscription,0.30758288502693176,terrorist,1851-1900,CBOW,429
unjustifiable,0.30745235085487366,terrorist,1851-1900,CBOW,430
ranch,0.3072989284992218,terrorist,1851-1900,CBOW,431
disaffect,0.3071802258491516,terrorist,1851-1900,CBOW,432
legitimate,0.30715471506118774,terrorist,1851-1900,CBOW,433
solitary,0.30696460604667664,terrorist,1851-1900,CBOW,434
distract,0.3069360554218292,terrorist,1851-1900,CBOW,435
socialism,0.3067077398300171,terrorist,1851-1900,CBOW,436
nationalists,0.30658525228500366,terrorist,1851-1900,CBOW,437
clearly,0.30646440386772156,terrorist,1851-1900,CBOW,438
rapidity,0.30645355582237244,terrorist,1851-1900,CBOW,439
tragic,0.30635690689086914,terrorist,1851-1900,CBOW,440
bind_together,0.30628061294555664,terrorist,1851-1900,CBOW,441
disparity,0.30620551109313965,terrorist,1851-1900,CBOW,442
allen,0.30610033869743347,terrorist,1851-1900,CBOW,443
unprincipled,0.30523255467414856,terrorist,1851-1900,CBOW,444
conversational,0.3050927519798279,terrorist,1851-1900,CBOW,445
indorsement,0.30452045798301697,terrorist,1851-1900,CBOW,446
turbulence,0.3045163154602051,terrorist,1851-1900,CBOW,447
arrogance,0.3044341206550598,terrorist,1851-1900,CBOW,448
outspoken,0.30436936020851135,terrorist,1851-1900,CBOW,449
loathsome,0.30435842275619507,terrorist,1851-1900,CBOW,450
lunatic,0.30407118797302246,terrorist,1851-1900,CBOW,451
absurd,0.30377820134162903,terrorist,1851-1900,CBOW,452
saxon,0.30376532673835754,terrorist,1851-1900,CBOW,453
patent,0.30375969409942627,terrorist,1851-1900,CBOW,454
oppressive,0.3035866618156433,terrorist,1851-1900,CBOW,455
fraud,0.30354735255241394,terrorist,1851-1900,CBOW,456
injustice,0.30339309573173523,terrorist,1851-1900,CBOW,457
continuation,0.3033237159252167,terrorist,1851-1900,CBOW,458
reservation,0.30230897665023804,terrorist,1851-1900,CBOW,459
wonderful,0.302264541387558,terrorist,1851-1900,CBOW,460
agency,0.3022240102291107,terrorist,1851-1900,CBOW,461
genera,0.3021586537361145,terrorist,1851-1900,CBOW,462
sable,0.3020921051502228,terrorist,1851-1900,CBOW,463
desolation,0.301724374294281,terrorist,1851-1900,CBOW,464
objectionable,0.3013710677623749,terrorist,1851-1900,CBOW,465
unmitigated,0.30121344327926636,terrorist,1851-1900,CBOW,466
covert,0.30119815468788147,terrorist,1851-1900,CBOW,467
mast,0.301092267036438,terrorist,1851-1900,CBOW,468
numerous,0.30108219385147095,terrorist,1851-1900,CBOW,469
recreation,0.3010818362236023,terrorist,1851-1900,CBOW,470
mutilation,0.3010577857494354,terrorist,1851-1900,CBOW,471
vengeance,0.3007087707519531,terrorist,1851-1900,CBOW,472
deprived_right,0.300150603055954,terrorist,1851-1900,CBOW,473
governor_legislature,0.3001493513584137,terrorist,1851-1900,CBOW,474
ruthlessly,0.3000536859035492,terrorist,1851-1900,CBOW,475
invective,0.29999470710754395,terrorist,1851-1900,CBOW,476
fully_appreciate,0.29985061287879944,terrorist,1851-1900,CBOW,477
secret,0.2997227609157562,terrorist,1851-1900,CBOW,478
thoroughly_arouse,0.2993536591529846,terrorist,1851-1900,CBOW,479
reckless,0.29934537410736084,terrorist,1851-1900,CBOW,480
sympathy_victim,0.29900211095809937,terrorist,1851-1900,CBOW,481
broad_daylight,0.29866278171539307,terrorist,1851-1900,CBOW,482
coroner_jury,0.2985597848892212,terrorist,1851-1900,CBOW,483
crowning,0.29839837551116943,terrorist,1851-1900,CBOW,484
devour,0.2983439862728119,terrorist,1851-1900,CBOW,485
wedge,0.29830437898635864,terrorist,1851-1900,CBOW,486
distrust,0.2979816496372223,terrorist,1851-1900,CBOW,487
disastrous,0.29793304204940796,terrorist,1851-1900,CBOW,488
lender,0.29755592346191406,terrorist,1851-1900,CBOW,489
national_interest,0.2974737882614136,terrorist,1851-1900,CBOW,490
dispatch_dublin,0.2970973253250122,terrorist,1851-1900,CBOW,491
bloody,0.2970248758792877,terrorist,1851-1900,CBOW,492
explore,0.297019362449646,terrorist,1851-1900,CBOW,493
retrogression,0.2967056334018707,terrorist,1851-1900,CBOW,494
heinous,0.2966783344745636,terrorist,1851-1900,CBOW,495
deputy_marshal,0.2964331805706024,terrorist,1851-1900,CBOW,496
prosper,0.2963685989379883,terrorist,1851-1900,CBOW,497
foolish,0.29633069038391113,terrorist,1851-1900,CBOW,498
intimidation,0.7099222540855408,terrorist,1851-1900,SkipGram,1
corruption,0.6442447900772095,terrorist,1851-1900,SkipGram,2
reign,0.6424503922462463,terrorist,1851-1900,SkipGram,3
exercise,0.6367176175117493,terrorist,1851-1900,SkipGram,4
strong_feeling,0.6323162317276001,terrorist,1851-1900,SkipGram,5
prohibitionist,0.6289641261100769,terrorist,1851-1900,SkipGram,6
mississippi_louisiana,0.6246750950813293,terrorist,1851-1900,SkipGram,7
persecution,0.6166277527809143,terrorist,1851-1900,SkipGram,8
widespread,0.608453094959259,terrorist,1851-1900,SkipGram,9
arkansas_mississippi,0.6068458557128906,terrorist,1851-1900,SkipGram,10
fatally,0.6052177548408508,terrorist,1851-1900,SkipGram,11
wholesale,0.5976277589797974,terrorist,1851-1900,SkipGram,12
violence,0.5965509414672852,terrorist,1851-1900,SkipGram,13
wild_excitement,0.5940874218940735,terrorist,1851-1900,SkipGram,14
fraud,0.5915156602859497,terrorist,1851-1900,SkipGram,15
violence_intimidation,0.5909984111785889,terrorist,1851-1900,SkipGram,16
virtual,0.5892892479896545,terrorist,1851-1900,SkipGram,17
daily_nightly,0.5836241841316223,terrorist,1851-1900,SkipGram,18
universal_suffrage,0.5822978615760803,terrorist,1851-1900,SkipGram,19
bloodshed,0.5784422755241394,terrorist,1851-1900,SkipGram,20
terrorise,0.5761802792549133,terrorist,1851-1900,SkipGram,21
riot_tumult,0.5758673548698425,terrorist,1851-1900,SkipGram,22
evildoer,0.5723580718040466,terrorist,1851-1900,SkipGram,23
thrive,0.5720430016517639,terrorist,1851-1900,SkipGram,24
prevail,0.5719802975654602,terrorist,1851-1900,SkipGram,25
label,0.5707486271858215,terrorist,1851-1900,SkipGram,26
excise_commissioner,0.5705356001853943,terrorist,1851-1900,SkipGram,27
lawless,0.568670392036438,terrorist,1851-1900,SkipGram,28
legerdemain,0.5657803416252136,terrorist,1851-1900,SkipGram,29
exist,0.5636579990386963,terrorist,1851-1900,SkipGram,30
tranquility,0.5629739165306091,terrorist,1851-1900,SkipGram,31
invasion_insurrection,0.5612627267837524,terrorist,1851-1900,SkipGram,32
silence,0.5594890117645264,terrorist,1851-1900,SkipGram,33
defraud,0.5581774115562439,terrorist,1851-1900,SkipGram,34
lawlessness,0.5566579103469849,terrorist,1851-1900,SkipGram,35
originality,0.5550267100334167,terrorist,1851-1900,SkipGram,36
morale,0.5546565651893616,terrorist,1851-1900,SkipGram,37
clement,0.5520393252372742,terrorist,1851-1900,SkipGram,38
check,0.5518126487731934,terrorist,1851-1900,SkipGram,39
notoriously,0.5517860651016235,terrorist,1851-1900,SkipGram,40
troublesome,0.5501607656478882,terrorist,1851-1900,SkipGram,41
conclusive_proof,0.547609269618988,terrorist,1851-1900,SkipGram,42
reign_terror,0.5475548505783081,terrorist,1851-1900,SkipGram,43
rural_district,0.5440822243690491,terrorist,1851-1900,SkipGram,44
brigandage,0.5428991317749023,terrorist,1851-1900,SkipGram,45
conspiracy,0.5426872968673706,terrorist,1851-1900,SkipGram,46
insurrection_domestic,0.5420778393745422,terrorist,1851-1900,SkipGram,47
recourse,0.5419206023216248,terrorist,1851-1900,SkipGram,48
supplementary,0.5418919324874878,terrorist,1851-1900,SkipGram,49
disorganization,0.5416882634162903,terrorist,1851-1900,SkipGram,50
tolerate,0.5405489206314087,terrorist,1851-1900,SkipGram,51
entitle_respect,0.5375013947486877,terrorist,1851-1900,SkipGram,52
ferocious,0.5345654487609863,terrorist,1851-1900,SkipGram,53
color_voter,0.5340056419372559,terrorist,1851-1900,SkipGram,54
depopulate,0.5338518619537354,terrorist,1851-1900,SkipGram,55
utter_confusion,0.5335851907730103,terrorist,1851-1900,SkipGram,56
inaugurate,0.5334891080856323,terrorist,1851-1900,SkipGram,57
disfranchisement,0.5317572355270386,terrorist,1851-1900,SkipGram,58
victim,0.5317002534866333,terrorist,1851-1900,SkipGram,59
resorted,0.5299357771873474,terrorist,1851-1900,SkipGram,60
frenzy,0.5297245979309082,terrorist,1851-1900,SkipGram,61
paralysis,0.5288306474685669,terrorist,1851-1900,SkipGram,62
brute_force,0.5281190276145935,terrorist,1851-1900,SkipGram,63
frequent_occurrence,0.5263713002204895,terrorist,1851-1900,SkipGram,64
repression,0.5257911682128906,terrorist,1851-1900,SkipGram,65
amply_sufficient,0.5254231691360474,terrorist,1851-1900,SkipGram,66
bulldozed,0.5252262949943542,terrorist,1851-1900,SkipGram,67
spy,0.5248661041259766,terrorist,1851-1900,SkipGram,68
bloodless,0.5246497988700867,terrorist,1851-1900,SkipGram,69
powerless_prevent,0.5242148637771606,terrorist,1851-1900,SkipGram,70
assignation,0.5235416293144226,terrorist,1851-1900,SkipGram,71
fanatical,0.5230411887168884,terrorist,1851-1900,SkipGram,72
irresponsible,0.5223675966262817,terrorist,1851-1900,SkipGram,73
diabolical,0.5211308598518372,terrorist,1851-1900,SkipGram,74
tyrannize,0.5206059217453003,terrorist,1851-1900,SkipGram,75
congress_adjourn,0.5205806493759155,terrorist,1851-1900,SkipGram,76
pressure,0.5204088091850281,terrorist,1851-1900,SkipGram,77
shameful,0.5202578902244568,terrorist,1851-1900,SkipGram,78
suppress,0.5197616815567017,terrorist,1851-1900,SkipGram,79
forty_thousand,0.5195551514625549,terrorist,1851-1900,SkipGram,80
discharge_laborer,0.5181084275245667,terrorist,1851-1900,SkipGram,81
outbreak,0.5178091526031494,terrorist,1851-1900,SkipGram,82
calcification,0.516930341720581,terrorist,1851-1900,SkipGram,83
jacksonville_la,0.5167707204818726,terrorist,1851-1900,SkipGram,84
feel_insecurity,0.5166522264480591,terrorist,1851-1900,SkipGram,85
sympathizer,0.5165970921516418,terrorist,1851-1900,SkipGram,86
prop_ety,0.5164427161216736,terrorist,1851-1900,SkipGram,87
corrupt_influence,0.5156700611114502,terrorist,1851-1900,SkipGram,88
ascendancy,0.515324592590332,terrorist,1851-1900,SkipGram,89
terror,0.5153244733810425,terrorist,1851-1900,SkipGram,90
dominant_party,0.5138636827468872,terrorist,1851-1900,SkipGram,91
dig_editor,0.5138322114944458,terrorist,1851-1900,SkipGram,92
intimidation_violence,0.5132863521575928,terrorist,1851-1900,SkipGram,93
absolute_power,0.5130659341812134,terrorist,1851-1900,SkipGram,94
wink,0.5129624009132385,terrorist,1851-1900,SkipGram,95
attempt,0.5121954679489136,terrorist,1851-1900,SkipGram,96
wise_counsel,0.511064887046814,terrorist,1851-1900,SkipGram,97
systematize,0.5102214217185974,terrorist,1851-1900,SkipGram,98
oppressive_measure,0.5099647641181946,terrorist,1851-1900,SkipGram,99
system,0.5096977949142456,terrorist,1851-1900,SkipGram,100
fas,0.509364128112793,terrorist,1851-1900,SkipGram,101
private_citizen,0.5081263184547424,terrorist,1851-1900,SkipGram,102
conversational,0.5076161623001099,terrorist,1851-1900,SkipGram,103
french_revolution,0.5072963833808899,terrorist,1851-1900,SkipGram,104
hellish,0.5070573687553406,terrorist,1851-1900,SkipGram,105
advent,0.505974292755127,terrorist,1851-1900,SkipGram,106
exultation,0.5042874217033386,terrorist,1851-1900,SkipGram,107
spite,0.504246711730957,terrorist,1851-1900,SkipGram,108
federal_judge,0.5037534236907959,terrorist,1851-1900,SkipGram,109
outlaw,0.5032868385314941,terrorist,1851-1900,SkipGram,110
attempt_assassinate,0.5028954148292542,terrorist,1851-1900,SkipGram,111
catholicism,0.5027469396591187,terrorist,1851-1900,SkipGram,112
sympathy_victim,0.5026624798774719,terrorist,1851-1900,SkipGram,113
anarchy,0.502396821975708,terrorist,1851-1900,SkipGram,114
practical_disfranchisement,0.5022996664047241,terrorist,1851-1900,SkipGram,115
discontent,0.5020743608474731,terrorist,1851-1900,SkipGram,116
contagion,0.5015947222709656,terrorist,1851-1900,SkipGram,117
traitorous,0.501518964767456,terrorist,1851-1900,SkipGram,118
spread,0.5010874271392822,terrorist,1851-1900,SkipGram,119
ruffian,0.5008043646812439,terrorist,1851-1900,SkipGram,120
quarante,0.500301718711853,terrorist,1851-1900,SkipGram,121
wicke,0.49993857741355896,terrorist,1851-1900,SkipGram,122
unyielde,0.49973735213279724,terrorist,1851-1900,SkipGram,123
salutary,0.49887919425964355,terrorist,1851-1900,SkipGram,124
free_expression,0.4986738860607147,terrorist,1851-1900,SkipGram,125
destitution,0.4983987808227539,terrorist,1851-1900,SkipGram,126
ignorance,0.49824875593185425,terrorist,1851-1900,SkipGram,127
desperation,0.4977152645587921,terrorist,1851-1900,SkipGram,128
com,0.49705129861831665,terrorist,1851-1900,SkipGram,129
retaliation,0.4969126284122467,terrorist,1851-1900,SkipGram,130
proscription,0.49619707465171814,terrorist,1851-1900,SkipGram,131
trickery,0.49590903520584106,terrorist,1851-1900,SkipGram,132
impossible,0.4953610301017761,terrorist,1851-1900,SkipGram,133
speak_freely,0.49500882625579834,terrorist,1851-1900,SkipGram,134
congressman,0.4949840009212494,terrorist,1851-1900,SkipGram,135
redress_grievance,0.4942914843559265,terrorist,1851-1900,SkipGram,136
imposture,0.49423250555992126,terrorist,1851-1900,SkipGram,137
practical_experience,0.49368759989738464,terrorist,1851-1900,SkipGram,138
combatant,0.49368250370025635,terrorist,1851-1900,SkipGram,139
heartrende,0.4923902451992035,terrorist,1851-1900,SkipGram,140
cauldron,0.4920099079608917,terrorist,1851-1900,SkipGram,141
whenever_wherever,0.49195441603660583,terrorist,1851-1900,SkipGram,142
difficult_task,0.49180513620376587,terrorist,1851-1900,SkipGram,143
tyrannical,0.4916321039199829,terrorist,1851-1900,SkipGram,144
partisan,0.49151498079299927,terrorist,1851-1900,SkipGram,145
inevitably,0.49115222692489624,terrorist,1851-1900,SkipGram,146
calamitous,0.4910292327404022,terrorist,1851-1900,SkipGram,147
bribery,0.49078139662742615,terrorist,1851-1900,SkipGram,148
exalted,0.49069908261299133,terrorist,1851-1900,SkipGram,149
fear,0.4905587136745453,terrorist,1851-1900,SkipGram,150
instrumentality,0.4902476966381073,terrorist,1851-1900,SkipGram,151
diminution,0.49008527398109436,terrorist,1851-1900,SkipGram,152
outrage,0.48912516236305237,terrorist,1851-1900,SkipGram,153
mississippi_alabama,0.48906052112579346,terrorist,1851-1900,SkipGram,154
carnival,0.4886358380317688,terrorist,1851-1900,SkipGram,155
coercion,0.48863500356674194,terrorist,1851-1900,SkipGram,156
uninfluenced,0.48844340443611145,terrorist,1851-1900,SkipGram,157
rapacious,0.4882136583328247,terrorist,1851-1900,SkipGram,158
mercilessly,0.4875020980834961,terrorist,1851-1900,SkipGram,159
impunity,0.4874640107154846,terrorist,1851-1900,SkipGram,160
armed_mob,0.4871763586997986,terrorist,1851-1900,SkipGram,161
overwhelming_evidence,0.4871571362018585,terrorist,1851-1900,SkipGram,162
civil_liberty,0.486934632062912,terrorist,1851-1900,SkipGram,163
spoliation,0.4866115152835846,terrorist,1851-1900,SkipGram,164
fury,0.48569634556770325,terrorist,1851-1900,SkipGram,165
selfishness,0.48502328991889954,terrorist,1851-1900,SkipGram,166
deviate,0.4846220314502716,terrorist,1851-1900,SkipGram,167
desolation,0.4844420552253723,terrorist,1851-1900,SkipGram,168
constituted,0.484028160572052,terrorist,1851-1900,SkipGram,169
retain_power,0.48385339975357056,terrorist,1851-1900,SkipGram,170
prevalence,0.48358625173568726,terrorist,1851-1900,SkipGram,171
terrorising,0.48356714844703674,terrorist,1851-1900,SkipGram,172
deepen,0.48342669010162354,terrorist,1851-1900,SkipGram,173
compel_obedience,0.48305636644363403,terrorist,1851-1900,SkipGram,174
peace_prosperity,0.4829675555229187,terrorist,1851-1900,SkipGram,175
extortion,0.4828961193561554,terrorist,1851-1900,SkipGram,176
adversary,0.4827840030193329,terrorist,1851-1900,SkipGram,177
negro_white,0.4825447201728821,terrorist,1851-1900,SkipGram,178
boycott,0.48253074288368225,terrorist,1851-1900,SkipGram,179
malefactor,0.4817212224006653,terrorist,1851-1900,SkipGram,180
unjustifiable,0.4812091588973999,terrorist,1851-1900,SkipGram,181
agency,0.4804466664791107,terrorist,1851-1900,SkipGram,182
supplemented,0.47999659180641174,terrorist,1851-1900,SkipGram,183
popular_sentiment,0.47988682985305786,terrorist,1851-1900,SkipGram,184
distract,0.47985735535621643,terrorist,1851-1900,SkipGram,185
ravine,0.4795777201652527,terrorist,1851-1900,SkipGram,186
increase,0.4783650040626526,terrorist,1851-1900,SkipGram,187
small_band,0.47825777530670166,terrorist,1851-1900,SkipGram,188
cognizant,0.47807931900024414,terrorist,1851-1900,SkipGram,189
magistrates,0.4780697226524353,terrorist,1851-1900,SkipGram,190
rolling,0.4780685305595398,terrorist,1851-1900,SkipGram,191
hume,0.47803905606269836,terrorist,1851-1900,SkipGram,192
ceaseless,0.4776727259159088,terrorist,1851-1900,SkipGram,193
violator_law,0.47753944993019104,terrorist,1851-1900,SkipGram,194
intent_purpose,0.4774726629257202,terrorist,1851-1900,SkipGram,195
effectually,0.47741571068763733,terrorist,1851-1900,SkipGram,196
specter,0.47738394141197205,terrorist,1851-1900,SkipGram,197
participant,0.4770527184009552,terrorist,1851-1900,SkipGram,198
abhorrence,0.4763317108154297,terrorist,1851-1900,SkipGram,199
communism,0.4755982458591461,terrorist,1851-1900,SkipGram,200
infest,0.47554680705070496,terrorist,1851-1900,SkipGram,201
temptation,0.47536203265190125,terrorist,1851-1900,SkipGram,202
stupendous,0.47508442401885986,terrorist,1851-1900,SkipGram,203
inordinate,0.4750346541404724,terrorist,1851-1900,SkipGram,204
england_scotland,0.47435271739959717,terrorist,1851-1900,SkipGram,205
discourage,0.4741162359714508,terrorist,1851-1900,SkipGram,206
golden_opportunity,0.47406452894210815,terrorist,1851-1900,SkipGram,207
ostracism,0.4740137457847595,terrorist,1851-1900,SkipGram,208
mob_violence,0.4734741151332855,terrorist,1851-1900,SkipGram,209
maliciously,0.4733036160469055,terrorist,1851-1900,SkipGram,210
blackmail,0.4732372462749481,terrorist,1851-1900,SkipGram,211
numerous,0.47313636541366577,terrorist,1851-1900,SkipGram,212
troop_withdraw,0.4731350243091583,terrorist,1851-1900,SkipGram,213
turbulent,0.47304245829582214,terrorist,1851-1900,SkipGram,214
colored_race,0.47284936904907227,terrorist,1851-1900,SkipGram,215
civilized_nation,0.4722975492477417,terrorist,1851-1900,SkipGram,216
infinitely_bad,0.4722234308719635,terrorist,1851-1900,SkipGram,217
atrocious,0.4722197353839874,terrorist,1851-1900,SkipGram,218
restive,0.4715614318847656,terrorist,1851-1900,SkipGram,219
interfere_purity,0.47144219279289246,terrorist,1851-1900,SkipGram,220
additional,0.4713655412197113,terrorist,1851-1900,SkipGram,221
twofold,0.47106269001960754,terrorist,1851-1900,SkipGram,222
severity,0.4707438349723816,terrorist,1851-1900,SkipGram,223
board_supervisor,0.4702092111110687,terrorist,1851-1900,SkipGram,224
epidemic,0.47011926770210266,terrorist,1851-1900,SkipGram,225
fair_share,0.4699450135231018,terrorist,1851-1900,SkipGram,226
outright,0.46957266330718994,terrorist,1851-1900,SkipGram,227
miner_laborer,0.4692908227443695,terrorist,1851-1900,SkipGram,228
jointly,0.4691300690174103,terrorist,1851-1900,SkipGram,229
fraud_intimidation,0.4687632620334625,terrorist,1851-1900,SkipGram,230
sole_purpose,0.46868932247161865,terrorist,1851-1900,SkipGram,231
create,0.4686405658721924,terrorist,1851-1900,SkipGram,232
road_lead,0.4684356153011322,terrorist,1851-1900,SkipGram,233
remain_loyal,0.4681290090084076,terrorist,1851-1900,SkipGram,234
scruple,0.46783193945884705,terrorist,1851-1900,SkipGram,235
fatal_accident,0.4678135812282562,terrorist,1851-1900,SkipGram,236
mutilation,0.4675569534301758,terrorist,1851-1900,SkipGram,237
wanton,0.4674035310745239,terrorist,1851-1900,SkipGram,238
peaceable_citizen,0.4671006500720978,terrorist,1851-1900,SkipGram,239
constrain,0.4669736623764038,terrorist,1851-1900,SkipGram,240
directly_responsible,0.4663229286670685,terrorist,1851-1900,SkipGram,241
soothe,0.46626195311546326,terrorist,1851-1900,SkipGram,242
reach_climax,0.4661737084388733,terrorist,1851-1900,SkipGram,243
childhood,0.46604272723197937,terrorist,1851-1900,SkipGram,244
reign_terror_exist,0.4660130739212036,terrorist,1851-1900,SkipGram,245
thoroughly_arouse,0.46587005257606506,terrorist,1851-1900,SkipGram,246
systematic,0.4658210277557373,terrorist,1851-1900,SkipGram,247
stony_follow,0.4655974805355072,terrorist,1851-1900,SkipGram,248
protective_tariff,0.46551018953323364,terrorist,1851-1900,SkipGram,249
ruling,0.465465784072876,terrorist,1851-1900,SkipGram,250
abolitionist,0.465448260307312,terrorist,1851-1900,SkipGram,251
recklessness,0.46519771218299866,terrorist,1851-1900,SkipGram,252
guerrilla_warfare,0.46513980627059937,terrorist,1851-1900,SkipGram,253
canton,0.46487170457839966,terrorist,1851-1900,SkipGram,254
give_impression,0.46486687660217285,terrorist,1851-1900,SkipGram,255
purge,0.4648299813270569,terrorist,1851-1900,SkipGram,256
guild,0.46477940678596497,terrorist,1851-1900,SkipGram,257
eastern_tennessee,0.46459028124809265,terrorist,1851-1900,SkipGram,258
prudent,0.4640953540802002,terrorist,1851-1900,SkipGram,259
devote_attention,0.46406522393226624,terrorist,1851-1900,SkipGram,260
aspiration,0.4637945294380188,terrorist,1851-1900,SkipGram,261
unmitigated,0.4637402892112732,terrorist,1851-1900,SkipGram,262
deprive_right,0.4635593593120575,terrorist,1851-1900,SkipGram,263
knave,0.4634615480899811,terrorist,1851-1900,SkipGram,264
conscription,0.46337050199508667,terrorist,1851-1900,SkipGram,265
governmental,0.4633353054523468,terrorist,1851-1900,SkipGram,266
benevolent_association,0.4632275104522705,terrorist,1851-1900,SkipGram,267
amnesty,0.46319401264190674,terrorist,1851-1900,SkipGram,268
lunatic,0.462765097618103,terrorist,1851-1900,SkipGram,269
anywhere_else,0.46269047260284424,terrorist,1851-1900,SkipGram,270
efficiently,0.4623749852180481,terrorist,1851-1900,SkipGram,271
irregularity,0.4619441032409668,terrorist,1851-1900,SkipGram,272
republican_ticket,0.46193963289260864,terrorist,1851-1900,SkipGram,273
jury_trial,0.46190541982650757,terrorist,1851-1900,SkipGram,274
efficacy,0.461889386177063,terrorist,1851-1900,SkipGram,275
daring,0.46144354343414307,terrorist,1851-1900,SkipGram,276
analyze,0.461006224155426,terrorist,1851-1900,SkipGram,277
freeman,0.460440993309021,terrorist,1851-1900,SkipGram,278
partisanship,0.46024662256240845,terrorist,1851-1900,SkipGram,279
penetration,0.46007126569747925,terrorist,1851-1900,SkipGram,280
band_evildoer,0.46000412106513977,terrorist,1851-1900,SkipGram,281
greedy,0.45998913049697876,terrorist,1851-1900,SkipGram,282
become_accustomed,0.45996615290641785,terrorist,1851-1900,SkipGram,283
vigilance_committee,0.4599652588367462,terrorist,1851-1900,SkipGram,284
deprived_right,0.45996013283729553,terrorist,1851-1900,SkipGram,285
devise,0.45973676443099976,terrorist,1851-1900,SkipGram,286
retrogression,0.459494948387146,terrorist,1851-1900,SkipGram,287
denote,0.4592348039150238,terrorist,1851-1900,SkipGram,288
intimidation_fraud,0.4588780701160431,terrorist,1851-1900,SkipGram,289
northwestern_virginia,0.45873427391052246,terrorist,1851-1900,SkipGram,290
furnish_information,0.45868194103240967,terrorist,1851-1900,SkipGram,291
fail,0.45861363410949707,terrorist,1851-1900,SkipGram,292
holme,0.45858609676361084,terrorist,1851-1900,SkipGram,293
apologize,0.4584433436393738,terrorist,1851-1900,SkipGram,294
consolidation,0.458180695772171,terrorist,1851-1900,SkipGram,295
turbulence,0.45817869901657104,terrorist,1851-1900,SkipGram,296
resentment,0.45812955498695374,terrorist,1851-1900,SkipGram,297
rely,0.4579809606075287,terrorist,1851-1900,SkipGram,298
despotism,0.45774218440055847,terrorist,1851-1900,SkipGram,299
theft,0.45739614963531494,terrorist,1851-1900,SkipGram,300
entire_machinery,0.4573330283164978,terrorist,1851-1900,SkipGram,301
overt_act,0.45703747868537903,terrorist,1851-1900,SkipGram,302
particle,0.45699745416641235,terrorist,1851-1900,SkipGram,303
existence,0.4568130373954773,terrorist,1851-1900,SkipGram,304
nearly_complete,0.4566139280796051,terrorist,1851-1900,SkipGram,305
ontario,0.4565587341785431,terrorist,1851-1900,SkipGram,306
roughs,0.4564310610294342,terrorist,1851-1900,SkipGram,307
untiring,0.4562695622444153,terrorist,1851-1900,SkipGram,308
venomous,0.4562668204307556,terrorist,1851-1900,SkipGram,309
irish_catholic,0.456108421087265,terrorist,1851-1900,SkipGram,310
real_imaginary,0.4560442268848419,terrorist,1851-1900,SkipGram,311
corrupt_practice,0.4559862017631531,terrorist,1851-1900,SkipGram,312
intimidate,0.4558170437812805,terrorist,1851-1900,SkipGram,313
disturbance,0.4556961953639984,terrorist,1851-1900,SkipGram,314
organization,0.45557069778442383,terrorist,1851-1900,SkipGram,315
needy,0.45533111691474915,terrorist,1851-1900,SkipGram,316
jaffa,0.45520836114883423,terrorist,1851-1900,SkipGram,317
cruelty,0.45451679825782776,terrorist,1851-1900,SkipGram,318
depict,0.45424073934555054,terrorist,1851-1900,SkipGram,319
vengeance,0.4542100727558136,terrorist,1851-1900,SkipGram,320
evince_spirit,0.45415663719177246,terrorist,1851-1900,SkipGram,321
graveyard,0.4541003704071045,terrorist,1851-1900,SkipGram,322
town,0.45328637957572937,terrorist,1851-1900,SkipGram,323
stay_course,0.4528931677341461,terrorist,1851-1900,SkipGram,324
rotation,0.4528741240501404,terrorist,1851-1900,SkipGram,325
irritation,0.45284807682037354,terrorist,1851-1900,SkipGram,326
overthrow_government,0.45266494154930115,terrorist,1851-1900,SkipGram,327
exaggerated,0.45236673951148987,terrorist,1851-1900,SkipGram,328
tom_mission,0.45236077904701233,terrorist,1851-1900,SkipGram,329
seethe,0.4523322582244873,terrorist,1851-1900,SkipGram,330
substitute,0.45232436060905457,terrorist,1851-1900,SkipGram,331
connive,0.45210233330726624,terrorist,1851-1900,SkipGram,332
coercion_measure,0.4518251121044159,terrorist,1851-1900,SkipGram,333
nihilism,0.45174768567085266,terrorist,1851-1900,SkipGram,334
ex_excise,0.4517399072647095,terrorist,1851-1900,SkipGram,335
restrain,0.45170947909355164,terrorist,1851-1900,SkipGram,336
constitutionally,0.451656699180603,terrorist,1851-1900,SkipGram,337
rioting,0.4512493908405304,terrorist,1851-1900,SkipGram,338
elective_franchise,0.45123791694641113,terrorist,1851-1900,SkipGram,339
faculty,0.4510767459869385,terrorist,1851-1900,SkipGram,340
disastrous,0.4510033428668976,terrorist,1851-1900,SkipGram,341
phantom,0.45070192217826843,terrorist,1851-1900,SkipGram,342
dual,0.4506620168685913,terrorist,1851-1900,SkipGram,343
jar,0.45061272382736206,terrorist,1851-1900,SkipGram,344
reason,0.45047900080680847,terrorist,1851-1900,SkipGram,345
actually,0.45043328404426575,terrorist,1851-1900,SkipGram,346
act_violence,0.45009008049964905,terrorist,1851-1900,SkipGram,347
audacious,0.4499558210372925,terrorist,1851-1900,SkipGram,348
bulldozing,0.449493944644928,terrorist,1851-1900,SkipGram,349
infuriate,0.44945192337036133,terrorist,1851-1900,SkipGram,350
malicious,0.4494192600250244,terrorist,1851-1900,SkipGram,351
nefarious,0.4491916298866272,terrorist,1851-1900,SkipGram,352
grievous,0.4490567147731781,terrorist,1851-1900,SkipGram,353
governor_legislature,0.4489530324935913,terrorist,1851-1900,SkipGram,354
dreg,0.44866546988487244,terrorist,1851-1900,SkipGram,355
border_ruffian,0.44850778579711914,terrorist,1851-1900,SkipGram,356
desist,0.44842827320098877,terrorist,1851-1900,SkipGram,357
weapon,0.4484013319015503,terrorist,1851-1900,SkipGram,358
telegraph_dispatch,0.44823068380355835,terrorist,1851-1900,SkipGram,359
despite,0.44810909032821655,terrorist,1851-1900,SkipGram,360
psalm,0.44806912541389465,terrorist,1851-1900,SkipGram,361
fruitful,0.4480431079864502,terrorist,1851-1900,SkipGram,362
threat,0.44797176122665405,terrorist,1851-1900,SkipGram,363
fourteenth_amendment,0.4479229748249054,terrorist,1851-1900,SkipGram,364
riot,0.44779038429260254,terrorist,1851-1900,SkipGram,365
democratic_voter,0.44773808121681213,terrorist,1851-1900,SkipGram,366
lloyd,0.44772616028785706,terrorist,1851-1900,SkipGram,367
brief_period,0.44724664092063904,terrorist,1851-1900,SkipGram,368
secret_police,0.4471666216850281,terrorist,1851-1900,SkipGram,369
civil_disorder,0.44712820649147034,terrorist,1851-1900,SkipGram,370
dread,0.44686782360076904,terrorist,1851-1900,SkipGram,371
potomac,0.4468202292919159,terrorist,1851-1900,SkipGram,372
pretence,0.4463467001914978,terrorist,1851-1900,SkipGram,373
election_campaign,0.4461013972759247,terrorist,1851-1900,SkipGram,374
rico,0.44586890935897827,terrorist,1851-1900,SkipGram,375
constabulary,0.4457760453224182,terrorist,1851-1900,SkipGram,376
surveillance,0.44566190242767334,terrorist,1851-1900,SkipGram,377
necessary_precaution,0.4453737139701843,terrorist,1851-1900,SkipGram,378
discernible,0.44536274671554565,terrorist,1851-1900,SkipGram,379
covert,0.4452638626098633,terrorist,1851-1900,SkipGram,380
arrest_suspect,0.44525545835494995,terrorist,1851-1900,SkipGram,381
bloody,0.4451237916946411,terrorist,1851-1900,SkipGram,382
bind_together,0.4446616470813751,terrorist,1851-1900,SkipGram,383
prohibitory,0.4443000853061676,terrorist,1851-1900,SkipGram,384
uttermost,0.44392848014831543,terrorist,1851-1900,SkipGram,385
slaveholding,0.4438614845275879,terrorist,1851-1900,SkipGram,386
popular_opinion,0.4435866177082062,terrorist,1851-1900,SkipGram,387
despotic,0.44351521134376526,terrorist,1851-1900,SkipGram,388
lender,0.44333547353744507,terrorist,1851-1900,SkipGram,389
appalling,0.44325411319732666,terrorist,1851-1900,SkipGram,390
democratic,0.4431819021701813,terrorist,1851-1900,SkipGram,391
catholics,0.44301438331604004,terrorist,1851-1900,SkipGram,392
communist,0.4429134428501129,terrorist,1851-1900,SkipGram,393
houses,0.4427596926689148,terrorist,1851-1900,SkipGram,394
supplement,0.4426979124546051,terrorist,1851-1900,SkipGram,395
farther,0.44268661737442017,terrorist,1851-1900,SkipGram,396
brutality,0.4426419734954834,terrorist,1851-1900,SkipGram,397
sill,0.44216522574424744,terrorist,1851-1900,SkipGram,398
class_citizen,0.4420616030693054,terrorist,1851-1900,SkipGram,399
illegal,0.44202548265457153,terrorist,1851-1900,SkipGram,400
coerce,0.4420218765735626,terrorist,1851-1900,SkipGram,401
liquor_dealer,0.4420091509819031,terrorist,1851-1900,SkipGram,402
clearly_indicate,0.44187644124031067,terrorist,1851-1900,SkipGram,403
heretic,0.4418433904647827,terrorist,1851-1900,SkipGram,404
snuff,0.4417627453804016,terrorist,1851-1900,SkipGram,405
uprising,0.44143134355545044,terrorist,1851-1900,SkipGram,406
overwhelmingly,0.44132494926452637,terrorist,1851-1900,SkipGram,407
gang,0.44131287932395935,terrorist,1851-1900,SkipGram,408
deed,0.44124096632003784,terrorist,1851-1900,SkipGram,409
absolute_necessity,0.44118237495422363,terrorist,1851-1900,SkipGram,410
oppressive,0.4411592185497284,terrorist,1851-1900,SkipGram,411
unwelcome,0.4410366714000702,terrorist,1851-1900,SkipGram,412
obtain_information,0.44084683060646057,terrorist,1851-1900,SkipGram,413
unequal_contest,0.4407525658607483,terrorist,1851-1900,SkipGram,414
judicial_function,0.4406728744506836,terrorist,1851-1900,SkipGram,415
anthracite_coal,0.44022461771965027,terrorist,1851-1900,SkipGram,416
opponent,0.44010254740715027,terrorist,1851-1900,SkipGram,417
suffragan,0.44003918766975403,terrorist,1851-1900,SkipGram,418
method_employ,0.4398097097873688,terrorist,1851-1900,SkipGram,419
energetic_measure,0.4397900700569153,terrorist,1851-1900,SkipGram,420
job,0.4397372305393219,terrorist,1851-1900,SkipGram,421
inspire,0.4396176338195801,terrorist,1851-1900,SkipGram,422
satellite,0.4395221471786499,terrorist,1851-1900,SkipGram,423
eve,0.43950867652893066,terrorist,1851-1900,SkipGram,424
wrest,0.43945881724357605,terrorist,1851-1900,SkipGram,425
whipping,0.43923085927963257,terrorist,1851-1900,SkipGram,426
recurrence,0.4391380846500397,terrorist,1851-1900,SkipGram,427
outlook,0.4390510022640228,terrorist,1851-1900,SkipGram,428
sanguinary,0.43897631764411926,terrorist,1851-1900,SkipGram,429
starvation,0.43887171149253845,terrorist,1851-1900,SkipGram,430
commotion,0.4386851191520691,terrorist,1851-1900,SkipGram,431
disorderly,0.4385063648223877,terrorist,1851-1900,SkipGram,432
halfway_house,0.43845799565315247,terrorist,1851-1900,SkipGram,433
expose_danger,0.43835821747779846,terrorist,1851-1900,SkipGram,434
unknown,0.43833625316619873,terrorist,1851-1900,SkipGram,435
practically_impossible,0.438285231590271,terrorist,1851-1900,SkipGram,436
connivance,0.43822401762008667,terrorist,1851-1900,SkipGram,437
prohibition,0.43791839480400085,terrorist,1851-1900,SkipGram,438
frightful,0.4377075731754303,terrorist,1851-1900,SkipGram,439
impose,0.43758317828178406,terrorist,1851-1900,SkipGram,440
paralyzed,0.4375819265842438,terrorist,1851-1900,SkipGram,441
gideon,0.43754029273986816,terrorist,1851-1900,SkipGram,442
rehabilitation,0.4375084638595581,terrorist,1851-1900,SkipGram,443
test_oath,0.4373398721218109,terrorist,1851-1900,SkipGram,444
willful,0.4372740685939789,terrorist,1851-1900,SkipGram,445
right_privilege,0.4371784031391144,terrorist,1851-1900,SkipGram,446
rein,0.43706217408180237,terrorist,1851-1900,SkipGram,447
disposition_manifest,0.43697652220726013,terrorist,1851-1900,SkipGram,448
stifle,0.43687647581100464,terrorist,1851-1900,SkipGram,449
agitation,0.43664029240608215,terrorist,1851-1900,SkipGram,450
loathing,0.4365336298942566,terrorist,1851-1900,SkipGram,451
bugbear,0.43652787804603577,terrorist,1851-1900,SkipGram,452
monmouth_dark,0.4364834427833557,terrorist,1851-1900,SkipGram,453
disturbance_occur,0.43645715713500977,terrorist,1851-1900,SkipGram,454
pretty_sure,0.4363424777984619,terrorist,1851-1900,SkipGram,455
curve,0.43621963262557983,terrorist,1851-1900,SkipGram,456
midnight,0.43576639890670776,terrorist,1851-1900,SkipGram,457
agony,0.43537572026252747,terrorist,1851-1900,SkipGram,458
uniformity,0.4352777302265167,terrorist,1851-1900,SkipGram,459
inflation,0.43521469831466675,terrorist,1851-1900,SkipGram,460
aggression,0.43494749069213867,terrorist,1851-1900,SkipGram,461
sporting,0.4347642958164215,terrorist,1851-1900,SkipGram,462
vigorous_action,0.43447571992874146,terrorist,1851-1900,SkipGram,463
vitiate,0.43445807695388794,terrorist,1851-1900,SkipGram,464
perish,0.43435969948768616,terrorist,1851-1900,SkipGram,465
calculated,0.43434420228004456,terrorist,1851-1900,SkipGram,466
artful,0.43428295850753784,terrorist,1851-1900,SkipGram,467
authoritative,0.43391820788383484,terrorist,1851-1900,SkipGram,468
innocence,0.4337461590766907,terrorist,1851-1900,SkipGram,469
remarkable_degree,0.433727502822876,terrorist,1851-1900,SkipGram,470
coincide,0.43367207050323486,terrorist,1851-1900,SkipGram,471
middle_age,0.43362686038017273,terrorist,1851-1900,SkipGram,472
undefined,0.43342503905296326,terrorist,1851-1900,SkipGram,473
sagacious,0.4332250654697418,terrorist,1851-1900,SkipGram,474
privilege_immunity,0.4329186975955963,terrorist,1851-1900,SkipGram,475
destruction_property,0.43284791707992554,terrorist,1851-1900,SkipGram,476
fairest,0.432679682970047,terrorist,1851-1900,SkipGram,477
greatly_increase,0.43259957432746887,terrorist,1851-1900,SkipGram,478
form,0.43258383870124817,terrorist,1851-1900,SkipGram,479
opinion,0.43249714374542236,terrorist,1851-1900,SkipGram,480
monstrous,0.43240001797676086,terrorist,1851-1900,SkipGram,481
establish_precedent,0.43227800726890564,terrorist,1851-1900,SkipGram,482
unnecessarily,0.43215641379356384,terrorist,1851-1900,SkipGram,483
delude,0.4320754110813141,terrorist,1851-1900,SkipGram,484
constitutional_right,0.4320014417171478,terrorist,1851-1900,SkipGram,485
insurance_company,0.4318469166755676,terrorist,1851-1900,SkipGram,486
incredulity,0.4318159520626068,terrorist,1851-1900,SkipGram,487
snow,0.43181586265563965,terrorist,1851-1900,SkipGram,488
trample,0.43178337812423706,terrorist,1851-1900,SkipGram,489
civic,0.43155044317245483,terrorist,1851-1900,SkipGram,490
violate_law,0.4313991665840149,terrorist,1851-1900,SkipGram,491
rational,0.4313322901725769,terrorist,1851-1900,SkipGram,492
surprising,0.43105897307395935,terrorist,1851-1900,SkipGram,493
public_sentiment,0.4309452176094055,terrorist,1851-1900,SkipGram,494
evil,0.4308483898639679,terrorist,1851-1900,SkipGram,495
accession,0.4307818114757538,terrorist,1851-1900,SkipGram,496
anatomy,0.43076276779174805,terrorist,1851-1900,SkipGram,497
grow_weary,0.4306706190109253,terrorist,1851-1900,SkipGram,498
feeling,0.43056103587150574,terrorist,1851-1900,SkipGram,499
denounce,0.7690064311027527,terrorism,1901-1930,CBOW,1
bulgar,0.7666431665420532,terrorism,1901-1930,CBOW,2
social_revolutionist,0.7584195733070374,terrorism,1901-1930,CBOW,3
outlaw,0.7559872269630432,terrorism,1901-1930,CBOW,4
sofia,0.7406820058822632,terrorism,1901-1930,CBOW,5
social_revolutionists,0.7310843467712402,terrorism,1901-1930,CBOW,6
socialist_revolutionary,0.7201390862464905,terrorism,1901-1930,CBOW,7
charge_conspire,0.7187292575836182,terrorism,1901-1930,CBOW,8
field_marshal,0.7172337174415588,terrorism,1901-1930,CBOW,9
assassination,0.7146351337432861,terrorism,1901-1930,CBOW,10
miners,0.7140450477600098,terrorism,1901-1930,CBOW,11
minister_interior,0.7094699740409851,terrorism,1901-1930,CBOW,12
proclamation,0.7055205702781677,terrorism,1901-1930,CBOW,13
provisional_government,0.7045505046844482,terrorism,1901-1930,CBOW,14
sympathizer,0.7040917277336121,terrorism,1901-1930,CBOW,15
friedrich,0.7032837867736816,terrorism,1901-1930,CBOW,16
madrid,0.7000817656517029,terrorism,1901-1930,CBOW,17
express_sympathy,0.6987980604171753,terrorism,1901-1930,CBOW,18
chamber_deputy,0.6987229585647583,terrorism,1901-1930,CBOW,19
vengeance,0.6973127722740173,terrorism,1901-1930,CBOW,20
russian_revolutionists,0.6967614889144897,terrorism,1901-1930,CBOW,21
delhi,0.696093738079071,terrorism,1901-1930,CBOW,22
coup_tat,0.6960698366165161,terrorism,1901-1930,CBOW,23
countless,0.6959137916564941,terrorism,1901-1930,CBOW,24
wholesale_execution,0.6957913041114807,terrorism,1901-1930,CBOW,25
social_revolutionary,0.6956604719161987,terrorism,1901-1930,CBOW,26
political_prisoner,0.6942135095596313,terrorism,1901-1930,CBOW,27
soviet_union,0.6922703981399536,terrorism,1901-1930,CBOW,28
implicate,0.6914928555488586,terrorism,1901-1930,CBOW,29
indorsement,0.6890252828598022,terrorism,1901-1930,CBOW,30
member_parliament,0.6873003840446472,terrorism,1901-1930,CBOW,31
berlin_via,0.6850748658180237,terrorism,1901-1930,CBOW,32
incense,0.6849086284637451,terrorism,1901-1930,CBOW,33
king_alexander,0.6846175789833069,terrorism,1901-1930,CBOW,34
labor_party,0.6843318939208984,terrorism,1901-1930,CBOW,35
reign,0.6833582520484924,terrorism,1901-1930,CBOW,36
worker_peasant,0.679501473903656,terrorism,1901-1930,CBOW,37
bourgeoisie,0.6778996586799622,terrorism,1901-1930,CBOW,38
czech,0.6761451363563538,terrorism,1901-1930,CBOW,39
reign_terror,0.6760618686676025,terrorism,1901-1930,CBOW,40
siege,0.6759836077690125,terrorism,1901-1930,CBOW,41
indignation,0.6757574677467346,terrorism,1901-1930,CBOW,42
condemn,0.675639271736145,terrorism,1901-1930,CBOW,43
political_opponent,0.6748973727226257,terrorism,1901-1930,CBOW,44
palatinate,0.6729506254196167,terrorism,1901-1930,CBOW,45
monarchist,0.6709335446357727,terrorism,1901-1930,CBOW,46
unionist,0.6660786271095276,terrorism,1901-1930,CBOW,47
planning,0.6651633977890015,terrorism,1901-1930,CBOW,48
form_cabinet,0.6641234159469604,terrorism,1901-1930,CBOW,49
progress_toward,0.6639882922172546,terrorism,1901-1930,CBOW,50
munich,0.6637749671936035,terrorism,1901-1930,CBOW,51
decry,0.6631131172180176,terrorism,1901-1930,CBOW,52
loyalist,0.6628901958465576,terrorism,1901-1930,CBOW,53
gregory,0.6626567840576172,terrorism,1901-1930,CBOW,54
thence,0.662624180316925,terrorism,1901-1930,CBOW,55
revival,0.6625545620918274,terrorism,1901-1930,CBOW,56
russian_revolutionist,0.6621716022491455,terrorism,1901-1930,CBOW,57
inaugurate,0.6621283888816833,terrorism,1901-1930,CBOW,58
weimar,0.6605017781257629,terrorism,1901-1930,CBOW,59
nationalist,0.6598930954933167,terrorism,1901-1930,CBOW,60
uprising,0.6593359112739563,terrorism,1901-1930,CBOW,61
daily_chronicle,0.6580606698989868,terrorism,1901-1930,CBOW,62
execute,0.657981276512146,terrorism,1901-1930,CBOW,63
repression,0.6577131152153015,terrorism,1901-1930,CBOW,64
parliamentary_election,0.6570361256599426,terrorism,1901-1930,CBOW,65
full_responsibility,0.6560726761817932,terrorism,1901-1930,CBOW,66
stir,0.6546781659126282,terrorism,1901-1930,CBOW,67
deutsche,0.6540862917900085,terrorism,1901-1930,CBOW,68
terrorist_activity,0.6539064645767212,terrorism,1901-1930,CBOW,69
denunciation,0.6538529992103577,terrorism,1901-1930,CBOW,70
sinn_fein,0.6529710292816162,terrorism,1901-1930,CBOW,71
president_mckinley,0.6529687643051147,terrorism,1901-1930,CBOW,72
vast_majority,0.652627170085907,terrorism,1901-1930,CBOW,73
death_sentence,0.6526090502738953,terrorism,1901-1930,CBOW,74
expulsion,0.6524568796157837,terrorism,1901-1930,CBOW,75
uphold,0.6521437764167786,terrorism,1901-1930,CBOW,76
openly,0.6520763039588928,terrorism,1901-1930,CBOW,77
organ,0.6517302393913269,terrorism,1901-1930,CBOW,78
sentence_death,0.651048481464386,terrorism,1901-1930,CBOW,79
refuse_recognize,0.6509236693382263,terrorism,1901-1930,CBOW,80
forgery,0.6497953534126282,terrorism,1901-1930,CBOW,81
georgian,0.649405300617218,terrorism,1901-1930,CBOW,82
bridle,0.6487529277801514,terrorism,1901-1930,CBOW,83
van,0.6485961675643921,terrorism,1901-1930,CBOW,84
despot,0.6485492587089539,terrorism,1901-1930,CBOW,85
defiance,0.6478798389434814,terrorism,1901-1930,CBOW,86
equally_responsible,0.6468297243118286,terrorism,1901-1930,CBOW,87
social_democratic,0.6457977294921875,terrorism,1901-1930,CBOW,88
russian_republic,0.6455870866775513,terrorism,1901-1930,CBOW,89
bloodshe,0.6451365351676941,terrorism,1901-1930,CBOW,90
secrecy,0.6445319056510925,terrorism,1901-1930,CBOW,91
informer,0.6444764733314514,terrorism,1901-1930,CBOW,92
treason,0.6435042023658752,terrorism,1901-1930,CBOW,93
tactic,0.6427642703056335,terrorism,1901-1930,CBOW,94
conservatives,0.6418417096138,terrorism,1901-1930,CBOW,95
passive_resistance,0.6416658759117126,terrorism,1901-1930,CBOW,96
indiscriminately,0.6414995789527893,terrorism,1901-1930,CBOW,97
retaliate,0.6408335566520691,terrorism,1901-1930,CBOW,98
throne,0.6406742334365845,terrorism,1901-1930,CBOW,99
nikolai,0.6402855515480042,terrorism,1901-1930,CBOW,100
bitterly,0.6401588916778564,terrorism,1901-1930,CBOW,101
bloody,0.6391097903251648,terrorism,1901-1930,CBOW,102
cela_run,0.6383190751075745,terrorism,1901-1930,CBOW,103
social_democrats,0.6376110911369324,terrorism,1901-1930,CBOW,104
counterrevolutionary_activity,0.6370630264282227,terrorism,1901-1930,CBOW,105
noblemen,0.636951744556427,terrorism,1901-1930,CBOW,106
guest,0.6360334157943726,terrorism,1901-1930,CBOW,107
accomplice,0.6353574395179749,terrorism,1901-1930,CBOW,108
marquis,0.6351861953735352,terrorism,1901-1930,CBOW,109
frankly,0.6350263953208923,terrorism,1901-1930,CBOW,110
lately,0.6347790360450745,terrorism,1901-1930,CBOW,111
ruler,0.6328229904174805,terrorism,1901-1930,CBOW,112
irish_republicans,0.6303744912147522,terrorism,1901-1930,CBOW,113
rupture,0.6300927996635437,terrorism,1901-1930,CBOW,114
perpetrate,0.6300193071365356,terrorism,1901-1930,CBOW,115
outcome,0.6289006471633911,terrorism,1901-1930,CBOW,116
contend,0.6287636756896973,terrorism,1901-1930,CBOW,117
liberal_party,0.6287506222724915,terrorism,1901-1930,CBOW,118
adopt_resolution,0.6271087527275085,terrorism,1901-1930,CBOW,119
bitter,0.6269150376319885,terrorism,1901-1930,CBOW,120
remnant,0.6268019676208496,terrorism,1901-1930,CBOW,121
foremost,0.6267386674880981,terrorism,1901-1930,CBOW,122
cairo,0.6265536546707153,terrorism,1901-1930,CBOW,123
incite,0.6264828443527222,terrorism,1901-1930,CBOW,124
aged,0.6261296272277832,terrorism,1901-1930,CBOW,125
orator,0.626010000705719,terrorism,1901-1930,CBOW,126
socialists,0.625984787940979,terrorism,1901-1930,CBOW,127
attempt_overthrow,0.625979483127594,terrorism,1901-1930,CBOW,128
moines,0.6255695819854736,terrorism,1901-1930,CBOW,129
factory_worker,0.6247162818908691,terrorism,1901-1930,CBOW,130
ruthlessness,0.6246368885040283,terrorism,1901-1930,CBOW,131
violent_method,0.6243014931678772,terrorism,1901-1930,CBOW,132
secret_agent,0.6238213777542114,terrorism,1901-1930,CBOW,133
martyr,0.6237146258354187,terrorism,1901-1930,CBOW,134
internationale,0.6232711672782898,terrorism,1901-1930,CBOW,135
walsh,0.6228371858596802,terrorism,1901-1930,CBOW,136
barcelona,0.621953547000885,terrorism,1901-1930,CBOW,137
warsaw,0.6218937039375305,terrorism,1901-1930,CBOW,138
act_violence,0.6214985251426697,terrorism,1901-1930,CBOW,139
premier,0.6212251782417297,terrorism,1901-1930,CBOW,140
alienate,0.619953989982605,terrorism,1901-1930,CBOW,141
manifesto,0.6199536919593811,terrorism,1901-1930,CBOW,142
workmen_council,0.6197174191474915,terrorism,1901-1930,CBOW,143
extremist,0.619184672832489,terrorism,1901-1930,CBOW,144
versa,0.6187683343887329,terrorism,1901-1930,CBOW,145
von,0.6186091303825378,terrorism,1901-1930,CBOW,146
extermination,0.6181864738464355,terrorism,1901-1930,CBOW,147
leaders,0.6178603172302246,terrorism,1901-1930,CBOW,148
suppression,0.6174103021621704,terrorism,1901-1930,CBOW,149
yuma,0.6173721551895142,terrorism,1901-1930,CBOW,150
iron_hand,0.6168330907821655,terrorism,1901-1930,CBOW,151
rome,0.6159851551055908,terrorism,1901-1930,CBOW,152
rebellion,0.6154545545578003,terrorism,1901-1930,CBOW,153
spokesman,0.6153522729873657,terrorism,1901-1930,CBOW,154
publicist,0.6152326464653015,terrorism,1901-1930,CBOW,155
blunder,0.6146497130393982,terrorism,1901-1930,CBOW,156
emigre,0.6145708560943604,terrorism,1901-1930,CBOW,157
abortive,0.6144490242004395,terrorism,1901-1930,CBOW,158
slaughter,0.6141781806945801,terrorism,1901-1930,CBOW,159
persecution,0.6135996580123901,terrorism,1901-1930,CBOW,160
inn_vein,0.6135589480400085,terrorism,1901-1930,CBOW,161
western_europe,0.6132319569587708,terrorism,1901-1930,CBOW,162
method_warfare,0.612784743309021,terrorism,1901-1930,CBOW,163
proclaim,0.6127475500106812,terrorism,1901-1930,CBOW,164
catastrophe,0.6127415299415588,terrorism,1901-1930,CBOW,165
renounce,0.6124541759490967,terrorism,1901-1930,CBOW,166
agitation,0.61215740442276,terrorism,1901-1930,CBOW,167
london_dig,0.6121200919151306,terrorism,1901-1930,CBOW,168
wholesale_arrest,0.6114498972892761,terrorism,1901-1930,CBOW,169
autocrat,0.6105866432189941,terrorism,1901-1930,CBOW,170
aver,0.6105253100395203,terrorism,1901-1930,CBOW,171
informant,0.6097695231437683,terrorism,1901-1930,CBOW,172
hunger_strike,0.6094662547111511,terrorism,1901-1930,CBOW,173
eyewitness,0.6080158352851868,terrorism,1901-1930,CBOW,174
frantic,0.6078740954399109,terrorism,1901-1930,CBOW,175
massacre,0.6078317761421204,terrorism,1901-1930,CBOW,176
farce,0.6076129674911499,terrorism,1901-1930,CBOW,177
copenhagen,0.6075600385665894,terrorism,1901-1930,CBOW,178
antigovernment,0.6073818802833557,terrorism,1901-1930,CBOW,179
twenty_person,0.6068550944328308,terrorism,1901-1930,CBOW,180
falter,0.6068044304847717,terrorism,1901-1930,CBOW,181
gospel,0.6064425110816956,terrorism,1901-1930,CBOW,182
reactionary,0.6063317656517029,terrorism,1901-1930,CBOW,183
interpellation,0.6045800447463989,terrorism,1901-1930,CBOW,184
commissary,0.6045411825180054,terrorism,1901-1930,CBOW,185
hangman,0.6045385003089905,terrorism,1901-1930,CBOW,186
wickedness,0.6044578552246094,terrorism,1901-1930,CBOW,187
rosa,0.6038935780525208,terrorism,1901-1930,CBOW,188
infamy,0.603806734085083,terrorism,1901-1930,CBOW,189
relinquish,0.6033102869987488,terrorism,1901-1930,CBOW,190
dynasty,0.6029326319694519,terrorism,1901-1930,CBOW,191
assert,0.6024775505065918,terrorism,1901-1930,CBOW,192
observer,0.6022728085517883,terrorism,1901-1930,CBOW,193
tribune,0.602181613445282,terrorism,1901-1930,CBOW,194
bare,0.6017203330993652,terrorism,1901-1930,CBOW,195
kazan,0.6009328365325928,terrorism,1901-1930,CBOW,196
communist_regime,0.6002761125564575,terrorism,1901-1930,CBOW,197
liberate,0.6000266075134277,terrorism,1901-1930,CBOW,198
times_correspondent,0.5999782085418701,terrorism,1901-1930,CBOW,199
foreign_minister,0.5998060703277588,terrorism,1901-1930,CBOW,200
propagandist,0.5993050932884216,terrorism,1901-1930,CBOW,201
acquit,0.5992807149887085,terrorism,1901-1930,CBOW,202
undeservedly,0.5991984009742737,terrorism,1901-1930,CBOW,203
atrocity,0.5990073084831238,terrorism,1901-1930,CBOW,204
czarist,0.5989965200424194,terrorism,1901-1930,CBOW,205
soviet_republic,0.5988941192626953,terrorism,1901-1930,CBOW,206
determined,0.5988584756851196,terrorism,1901-1930,CBOW,207
depose,0.5984449982643127,terrorism,1901-1930,CBOW,208
czar,0.5983855128288269,terrorism,1901-1930,CBOW,209
vow,0.5982789993286133,terrorism,1901-1930,CBOW,210
bohemian,0.5981262922286987,terrorism,1901-1930,CBOW,211
patch,0.598024845123291,terrorism,1901-1930,CBOW,212
ditch,0.5977147221565247,terrorism,1901-1930,CBOW,213
instigate,0.5972777009010315,terrorism,1901-1930,CBOW,214
ted,0.5969986319541931,terrorism,1901-1930,CBOW,215
political_persecution,0.5967937111854553,terrorism,1901-1930,CBOW,216
tyranny,0.5966097712516785,terrorism,1901-1930,CBOW,217
military_dictatorship,0.596117377281189,terrorism,1901-1930,CBOW,218
dissolution,0.5960557460784912,terrorism,1901-1930,CBOW,219
poles,0.5959809422492981,terrorism,1901-1930,CBOW,220
opposed,0.595943808555603,terrorism,1901-1930,CBOW,221
delegates,0.5957131385803223,terrorism,1901-1930,CBOW,222
scare,0.5951882004737854,terrorism,1901-1930,CBOW,223
subservience,0.5949195027351379,terrorism,1901-1930,CBOW,224
shift,0.594886302947998,terrorism,1901-1930,CBOW,225
disarm,0.5943795442581177,terrorism,1901-1930,CBOW,226
central_committee,0.5943691730499268,terrorism,1901-1930,CBOW,227
von_german,0.5940487384796143,terrorism,1901-1930,CBOW,228
tray,0.593773365020752,terrorism,1901-1930,CBOW,229
herman,0.5937436819076538,terrorism,1901-1930,CBOW,230
overturn,0.5934730172157288,terrorism,1901-1930,CBOW,231
summer,0.5933991074562073,terrorism,1901-1930,CBOW,232
diet,0.5932409167289734,terrorism,1901-1930,CBOW,233
latvia,0.5930545926094055,terrorism,1901-1930,CBOW,234
slay,0.5925296545028687,terrorism,1901-1930,CBOW,235
severe_punishment,0.5923254489898682,terrorism,1901-1930,CBOW,236
affiliated,0.5916398763656616,terrorism,1901-1930,CBOW,237
bucharest,0.5910038352012634,terrorism,1901-1930,CBOW,238
dictator,0.5907548069953918,terrorism,1901-1930,CBOW,239
secretly,0.5906694531440735,terrorism,1901-1930,CBOW,240
characterize,0.5905959606170654,terrorism,1901-1930,CBOW,241
unrest,0.5904666781425476,terrorism,1901-1930,CBOW,242
evoke,0.590347409248352,terrorism,1901-1930,CBOW,243
enthusiasm,0.5898816585540771,terrorism,1901-1930,CBOW,244
energetically,0.5897676348686218,terrorism,1901-1930,CBOW,245
nearer,0.5895965695381165,terrorism,1901-1930,CBOW,246
defender,0.5894184708595276,terrorism,1901-1930,CBOW,247
publicly,0.5893728137016296,terrorism,1901-1930,CBOW,248
kiev,0.5887804627418518,terrorism,1901-1930,CBOW,249
vanquish,0.5885840654373169,terrorism,1901-1930,CBOW,250
declaration_persian,0.5882426500320435,terrorism,1901-1930,CBOW,251
opposition_leader,0.5880176424980164,terrorism,1901-1930,CBOW,252
communist_propaganda,0.5877529978752136,terrorism,1901-1930,CBOW,253
regent,0.5872765779495239,terrorism,1901-1930,CBOW,254
civilized_world,0.5872074365615845,terrorism,1901-1930,CBOW,255
antifascist,0.5870800018310547,terrorism,1901-1930,CBOW,256
accuse,0.5870041847229004,terrorism,1901-1930,CBOW,257
crowder,0.5867477059364319,terrorism,1901-1930,CBOW,258
send_telegram,0.5867356061935425,terrorism,1901-1930,CBOW,259
amsterdam,0.5864179134368896,terrorism,1901-1930,CBOW,260
nihilism,0.586401641368866,terrorism,1901-1930,CBOW,261
emanate,0.5863173007965088,terrorism,1901-1930,CBOW,262
texan,0.5861444473266602,terrorism,1901-1930,CBOW,263
archive,0.5858505368232727,terrorism,1901-1930,CBOW,264
amritsar,0.5852851867675781,terrorism,1901-1930,CBOW,265
federate,0.5851290225982666,terrorism,1901-1930,CBOW,266
manage_escape,0.5850058197975159,terrorism,1901-1930,CBOW,267
poland,0.58481365442276,terrorism,1901-1930,CBOW,268
wholesale_murder,0.5846442580223083,terrorism,1901-1930,CBOW,269
revolutionary_tribunal,0.5846256017684937,terrorism,1901-1930,CBOW,270
truce,0.5844560265541077,terrorism,1901-1930,CBOW,271
activitie,0.5844213962554932,terrorism,1901-1930,CBOW,272
dublin_dig,0.5841250419616699,terrorism,1901-1930,CBOW,273
serbian,0.5837126970291138,terrorism,1901-1930,CBOW,274
catholics,0.5836046934127808,terrorism,1901-1930,CBOW,275
disorder,0.5834391713142395,terrorism,1901-1930,CBOW,276
holy_synod,0.5833612084388733,terrorism,1901-1930,CBOW,277
alexis,0.5831829309463501,terrorism,1901-1930,CBOW,278
agrarian_union,0.5831253528594971,terrorism,1901-1930,CBOW,279
alarm,0.5828952193260193,terrorism,1901-1930,CBOW,280
ism,0.5819902420043945,terrorism,1901-1930,CBOW,281
sharp,0.5819644331932068,terrorism,1901-1930,CBOW,282
awakening,0.5818758010864258,terrorism,1901-1930,CBOW,283
finnish,0.5817468762397766,terrorism,1901-1930,CBOW,284
sov_element,0.5815072655677795,terrorism,1901-1930,CBOW,285
prague,0.581423282623291,terrorism,1901-1930,CBOW,286
outrage,0.5808788537979126,terrorism,1901-1930,CBOW,287
provocateur,0.5807903409004211,terrorism,1901-1930,CBOW,288
magician,0.5807605981826782,terrorism,1901-1930,CBOW,289
killing,0.5804586410522461,terrorism,1901-1930,CBOW,290
emperor_nicholas,0.5804066061973572,terrorism,1901-1930,CBOW,291
oppressive_measure,0.5802953243255615,terrorism,1901-1930,CBOW,292
statesmen,0.5800965428352356,terrorism,1901-1930,CBOW,293
instigator,0.5800703167915344,terrorism,1901-1930,CBOW,294
sign_peace_treaty,0.5793446898460388,terrorism,1901-1930,CBOW,295
low_house,0.578991711139679,terrorism,1901-1930,CBOW,296
king_boris,0.5788139700889587,terrorism,1901-1930,CBOW,297
ridicule,0.5784871578216553,terrorism,1901-1930,CBOW,298
faction,0.5783405303955078,terrorism,1901-1930,CBOW,299
inquest,0.577942430973053,terrorism,1901-1930,CBOW,300
chilean,0.577859103679657,terrorism,1901-1930,CBOW,301
favorably,0.5778511762619019,terrorism,1901-1930,CBOW,302
embark,0.5778347253799438,terrorism,1901-1930,CBOW,303
greatest,0.5776125192642212,terrorism,1901-1930,CBOW,304
catholic_priest,0.5773098468780518,terrorism,1901-1930,CBOW,305
antisemitic,0.5771545767784119,terrorism,1901-1930,CBOW,306
ministers,0.5771039128303528,terrorism,1901-1930,CBOW,307
indefinite,0.5768339037895203,terrorism,1901-1930,CBOW,308
night_rider,0.5766999125480652,terrorism,1901-1930,CBOW,309
winter_palace,0.576567530632019,terrorism,1901-1930,CBOW,310
within_rank,0.5765206813812256,terrorism,1901-1930,CBOW,311
vigor,0.5761051177978516,terrorism,1901-1930,CBOW,312
violently,0.5760447382926941,terrorism,1901-1930,CBOW,313
pillage,0.5759756565093994,terrorism,1901-1930,CBOW,314
capital_punishment,0.5758100152015686,terrorism,1901-1930,CBOW,315
berg,0.5756006836891174,terrorism,1901-1930,CBOW,316
consternation,0.5755996108055115,terrorism,1901-1930,CBOW,317
ukrainian,0.5755253434181213,terrorism,1901-1930,CBOW,318
irish_republic,0.5753964185714722,terrorism,1901-1930,CBOW,319
workman_peasant,0.5753225684165955,terrorism,1901-1930,CBOW,320
noun,0.5753164887428284,terrorism,1901-1930,CBOW,321
instrumental,0.5752275586128235,terrorism,1901-1930,CBOW,322
palestine,0.5751889944076538,terrorism,1901-1930,CBOW,323
nationalists,0.5750278234481812,terrorism,1901-1930,CBOW,324
induce,0.5750194787979126,terrorism,1901-1930,CBOW,325
secede,0.5749756693840027,terrorism,1901-1930,CBOW,326
georgia,0.5744467973709106,terrorism,1901-1930,CBOW,327
villa,0.5743257403373718,terrorism,1901-1930,CBOW,328
speak_behalf,0.5743120312690735,terrorism,1901-1930,CBOW,329
hungarian_socialist,0.5742291808128357,terrorism,1901-1930,CBOW,330
truthfully,0.5741176605224609,terrorism,1901-1930,CBOW,331
assassinate,0.5740768313407898,terrorism,1901-1930,CBOW,332
discord,0.5740335583686829,terrorism,1901-1930,CBOW,333
abroad,0.5738192200660706,terrorism,1901-1930,CBOW,334
paris_berlin,0.5735568404197693,terrorism,1901-1930,CBOW,335
cologne,0.5735251307487488,terrorism,1901-1930,CBOW,336
follower,0.5734341740608215,terrorism,1901-1930,CBOW,337
banishment,0.573309063911438,terrorism,1901-1930,CBOW,338
populist,0.5732282400131226,terrorism,1901-1930,CBOW,339
perpetrator_outrage,0.5732207298278809,terrorism,1901-1930,CBOW,340
revolutionists,0.5731341242790222,terrorism,1901-1930,CBOW,341
holmes,0.573038637638092,terrorism,1901-1930,CBOW,342
net_result,0.5729713439941406,terrorism,1901-1930,CBOW,343
throw_light,0.5729628205299377,terrorism,1901-1930,CBOW,344
russian_bolshevism,0.5729084610939026,terrorism,1901-1930,CBOW,345
commission_inquiry,0.5726852416992188,terrorism,1901-1930,CBOW,346
despite,0.5725517868995667,terrorism,1901-1930,CBOW,347
lawless,0.5725293755531311,terrorism,1901-1930,CBOW,348
kun,0.5724997520446777,terrorism,1901-1930,CBOW,349
clemency,0.5723707675933838,terrorism,1901-1930,CBOW,350
admiral_von,0.5723104476928711,terrorism,1901-1930,CBOW,351
depict,0.572234570980072,terrorism,1901-1930,CBOW,352
allay,0.5721787214279175,terrorism,1901-1930,CBOW,353
vigorously,0.5721399188041687,terrorism,1901-1930,CBOW,354
temp,0.5719901919364929,terrorism,1901-1930,CBOW,355
duma,0.5719082355499268,terrorism,1901-1930,CBOW,356
slayer,0.5718111395835876,terrorism,1901-1930,CBOW,357
agents,0.5713583827018738,terrorism,1901-1930,CBOW,358
condemn_death,0.5712364315986633,terrorism,1901-1930,CBOW,359
boy_scout,0.5711585283279419,terrorism,1901-1930,CBOW,360
overt_act,0.5708053708076477,terrorism,1901-1930,CBOW,361
overthrown,0.5704349875450134,terrorism,1901-1930,CBOW,362
peer,0.5700829029083252,terrorism,1901-1930,CBOW,363
burgomaster,0.5700515508651733,terrorism,1901-1930,CBOW,364
episode,0.570029079914093,terrorism,1901-1930,CBOW,365
attempt_assassinate,0.5699915885925293,terrorism,1901-1930,CBOW,366
abbott,0.569960355758667,terrorism,1901-1930,CBOW,367
crime_minister,0.5691999197006226,terrorism,1901-1930,CBOW,368
war_profiteer,0.569193422794342,terrorism,1901-1930,CBOW,369
bloodshed,0.5687283277511597,terrorism,1901-1930,CBOW,370
seditious,0.5685471296310425,terrorism,1901-1930,CBOW,371
demand_immediate,0.5682777166366577,terrorism,1901-1930,CBOW,372
bane,0.5682243704795837,terrorism,1901-1930,CBOW,373
throughout_world,0.5680210590362549,terrorism,1901-1930,CBOW,374
ukase,0.5679431557655334,terrorism,1901-1930,CBOW,375
furious,0.5677431225776672,terrorism,1901-1930,CBOW,376
socialist_organ,0.567629337310791,terrorism,1901-1930,CBOW,377
liberal,0.5676247477531433,terrorism,1901-1930,CBOW,378
severity,0.5673773288726807,terrorism,1901-1930,CBOW,379
ovarian,0.5672940611839294,terrorism,1901-1930,CBOW,380
naked,0.5672768354415894,terrorism,1901-1930,CBOW,381
derogation,0.5669479966163635,terrorism,1901-1930,CBOW,382
anew,0.5667974948883057,terrorism,1901-1930,CBOW,383
royalist,0.5664093494415283,terrorism,1901-1930,CBOW,384
autonomous,0.566199004650116,terrorism,1901-1930,CBOW,385
hesitation,0.5658038258552551,terrorism,1901-1930,CBOW,386
emphatic,0.5653910636901855,terrorism,1901-1930,CBOW,387
perversion,0.564976155757904,terrorism,1901-1930,CBOW,388
emissary,0.5648285150527954,terrorism,1901-1930,CBOW,389
sur_render,0.5647454261779785,terrorism,1901-1930,CBOW,390
dissociate,0.5640818476676941,terrorism,1901-1930,CBOW,391
shocking,0.5636815428733826,terrorism,1901-1930,CBOW,392
comrade,0.5633833408355713,terrorism,1901-1930,CBOW,393
fascist,0.563301682472229,terrorism,1901-1930,CBOW,394
harsh,0.5632274150848389,terrorism,1901-1930,CBOW,395
crystallize,0.5631080865859985,terrorism,1901-1930,CBOW,396
solitary_confinement,0.5630732178688049,terrorism,1901-1930,CBOW,397
aorta,0.5628002285957336,terrorism,1901-1930,CBOW,398
polish,0.5627011060714722,terrorism,1901-1930,CBOW,399
reich,0.5621241927146912,terrorism,1901-1930,CBOW,400
gazette,0.5615107417106628,terrorism,1901-1930,CBOW,401
temporarily,0.561504602432251,terrorism,1901-1930,CBOW,402
reprieve,0.5614874958992004,terrorism,1901-1930,CBOW,403
retro_glad,0.561477780342102,terrorism,1901-1930,CBOW,404
freeman_journal,0.5610843300819397,terrorism,1901-1930,CBOW,405
constitutional_reform,0.5610619783401489,terrorism,1901-1930,CBOW,406
audacity,0.5606138706207275,terrorism,1901-1930,CBOW,407
secret_police,0.5606077313423157,terrorism,1901-1930,CBOW,408
duel,0.5605764389038086,terrorism,1901-1930,CBOW,409
grand_duke_nicholas,0.5604532957077026,terrorism,1901-1930,CBOW,410
arraign,0.5602882504463196,terrorism,1901-1930,CBOW,411
seek_refuge,0.559765100479126,terrorism,1901-1930,CBOW,412
become_evident,0.5597242712974548,terrorism,1901-1930,CBOW,413
nineteen,0.5596683025360107,terrorism,1901-1930,CBOW,414
nonsense,0.5596318244934082,terrorism,1901-1930,CBOW,415
british_soldier,0.5596177577972412,terrorism,1901-1930,CBOW,416
notorious,0.5592555999755859,terrorism,1901-1930,CBOW,417
elder,0.5591180324554443,terrorism,1901-1930,CBOW,418
undersecretary,0.5590205788612366,terrorism,1901-1930,CBOW,419
citadel,0.5588033199310303,terrorism,1901-1930,CBOW,420
revolt,0.5588008761405945,terrorism,1901-1930,CBOW,421
colleague,0.5584354996681213,terrorism,1901-1930,CBOW,422
acquittal,0.558246910572052,terrorism,1901-1930,CBOW,423
summarily,0.5581002235412598,terrorism,1901-1930,CBOW,424
consulate,0.5580148696899414,terrorism,1901-1930,CBOW,425
sanguinary,0.5579949617385864,terrorism,1901-1930,CBOW,426
terrorist,0.5575262308120728,terrorism,1901-1930,CBOW,427
hamburg,0.5570383667945862,terrorism,1901-1930,CBOW,428
peke,0.556760847568512,terrorism,1901-1930,CBOW,429
primo,0.5566349029541016,terrorism,1901-1930,CBOW,430
lithuania,0.5565831065177917,terrorism,1901-1930,CBOW,431
terrorist_organization,0.5562373399734497,terrorism,1901-1930,CBOW,432
collins,0.5562171936035156,terrorism,1901-1930,CBOW,433
unconstitutional,0.5561985373497009,terrorism,1901-1930,CBOW,434
ally_neutral,0.5560871362686157,terrorism,1901-1930,CBOW,435
vindication,0.5560082197189331,terrorism,1901-1930,CBOW,436
impend,0.5559514760971069,terrorism,1901-1930,CBOW,437
ruthless,0.5555289387702942,terrorism,1901-1930,CBOW,438
premiers,0.5552911758422852,terrorism,1901-1930,CBOW,439
suffragette,0.5546690225601196,terrorism,1901-1930,CBOW,440
separatist_movement,0.5545970797538757,terrorism,1901-1930,CBOW,441
bishop_coli,0.5545969605445862,terrorism,1901-1930,CBOW,442
germany_austria,0.5542378425598145,terrorism,1901-1930,CBOW,443
small_minority,0.5539382696151733,terrorism,1901-1930,CBOW,444
intrust,0.5538763999938965,terrorism,1901-1930,CBOW,445
labor_leader,0.5537933707237244,terrorism,1901-1930,CBOW,446
callous,0.553529679775238,terrorism,1901-1930,CBOW,447
militarist,0.5534820556640625,terrorism,1901-1930,CBOW,448
culmination,0.5533719658851624,terrorism,1901-1930,CBOW,449
rage,0.5533664226531982,terrorism,1901-1930,CBOW,450
alexander,0.5531952381134033,terrorism,1901-1930,CBOW,451
premeditate,0.5529688596725464,terrorism,1901-1930,CBOW,452
saxon,0.5529550313949585,terrorism,1901-1930,CBOW,453
inland,0.5527142882347107,terrorism,1901-1930,CBOW,454
embassy,0.5523912906646729,terrorism,1901-1930,CBOW,455
orlando,0.552251935005188,terrorism,1901-1930,CBOW,456
sinus,0.5520927309989929,terrorism,1901-1930,CBOW,457
adhesion,0.5520785450935364,terrorism,1901-1930,CBOW,458
ensue,0.5519973635673523,terrorism,1901-1930,CBOW,459
oligarchy,0.5519532561302185,terrorism,1901-1930,CBOW,460
facto,0.5517722368240356,terrorism,1901-1930,CBOW,461
armed_revolt,0.5517035126686096,terrorism,1901-1930,CBOW,462
prop,0.5513333678245544,terrorism,1901-1930,CBOW,463
inactive,0.5513237118721008,terrorism,1901-1930,CBOW,464
regicide,0.5511746406555176,terrorism,1901-1930,CBOW,465
merciless,0.5507322549819946,terrorism,1901-1930,CBOW,466
terror,0.5505295991897583,terrorism,1901-1930,CBOW,467
daily_nail,0.5504379868507385,terrorism,1901-1930,CBOW,468
class_hatred,0.550272524356842,terrorism,1901-1930,CBOW,469
powerless,0.5502315759658813,terrorism,1901-1930,CBOW,470
editorially,0.5499009490013123,terrorism,1901-1930,CBOW,471
emphatically,0.5498831868171692,terrorism,1901-1930,CBOW,472
demand_resignation,0.549197256565094,terrorism,1901-1930,CBOW,473
amnesty,0.5485498309135437,terrorism,1901-1930,CBOW,474
resorted,0.5483335256576538,terrorism,1901-1930,CBOW,475
unlikely,0.5483316779136658,terrorism,1901-1930,CBOW,476
quit,0.5482583045959473,terrorism,1901-1930,CBOW,477
strong_enough,0.5481615662574768,terrorism,1901-1930,CBOW,478
reluctantly,0.5480901598930359,terrorism,1901-1930,CBOW,479
national_council,0.547572910785675,terrorism,1901-1930,CBOW,480
connivance,0.5475548505783081,terrorism,1901-1930,CBOW,481
councils,0.5471892356872559,terrorism,1901-1930,CBOW,482
unanimous,0.5469090938568115,terrorism,1901-1930,CBOW,483
vent,0.5464827418327332,terrorism,1901-1930,CBOW,484
municipal_election,0.5464044809341431,terrorism,1901-1930,CBOW,485
adherent,0.5462254881858826,terrorism,1901-1930,CBOW,486
prepared,0.5461733341217041,terrorism,1901-1930,CBOW,487
organizing,0.5460580587387085,terrorism,1901-1930,CBOW,488
associate,0.5459625720977783,terrorism,1901-1930,CBOW,489
brutally,0.5459191203117371,terrorism,1901-1930,CBOW,490
frustrate,0.5453295707702637,terrorism,1901-1930,CBOW,491
offer_reward,0.5449962019920349,terrorism,1901-1930,CBOW,492
nightly,0.5448874235153198,terrorism,1901-1930,CBOW,493
communist_party,0.5448552370071411,terrorism,1901-1930,CBOW,494
morrow,0.544820249080658,terrorism,1901-1930,CBOW,495
communistic_experiment,0.5446294546127319,terrorism,1901-1930,CBOW,496
socialists_communist,0.5445704460144043,terrorism,1901-1930,CBOW,497
threaten_resign,0.5444918870925903,terrorism,1901-1930,CBOW,498
reich,0.5965183973312378,terrorism,1901-1930,SkipGram,1
walsh,0.5886250734329224,terrorism,1901-1930,SkipGram,2
russian_revolutionists,0.5775077939033508,terrorism,1901-1930,SkipGram,3
bulgar,0.5703746676445007,terrorism,1901-1930,SkipGram,4
charge_conspire,0.5376569032669067,terrorism,1901-1930,SkipGram,5
miners,0.536024272441864,terrorism,1901-1930,SkipGram,6
equally_responsible,0.5199676156044006,terrorism,1901-1930,SkipGram,7
progress_toward,0.5042620301246643,terrorism,1901-1930,SkipGram,8
forgery,0.49703449010849,terrorism,1901-1930,SkipGram,9
peer,0.4954282343387604,terrorism,1901-1930,SkipGram,10
secret_agent,0.488285094499588,terrorism,1901-1930,SkipGram,11
method_warfare,0.4853934347629547,terrorism,1901-1930,SkipGram,12
inquest,0.4840504229068756,terrorism,1901-1930,SkipGram,13
canton,0.48207032680511475,terrorism,1901-1930,SkipGram,14
ted,0.4812568724155426,terrorism,1901-1930,SkipGram,15
berlin_via,0.479198694229126,terrorism,1901-1930,SkipGram,16
social_revolutionists,0.4756455421447754,terrorism,1901-1930,SkipGram,17
ridicule,0.4737643897533417,terrorism,1901-1930,SkipGram,18
trial_jury,0.47216784954071045,terrorism,1901-1930,SkipGram,19
indianapolis,0.4717728793621063,terrorism,1901-1930,SkipGram,20
ruthlessness,0.47166985273361206,terrorism,1901-1930,SkipGram,21
bolshevik,0.4707823097705841,terrorism,1901-1930,SkipGram,22
communist_propaganda,0.46663713455200195,terrorism,1901-1930,SkipGram,23
unheard,0.4661790430545807,terrorism,1901-1930,SkipGram,24
uneasiness,0.46542227268218994,terrorism,1901-1930,SkipGram,25
offer_reward,0.46403178572654724,terrorism,1901-1930,SkipGram,26
wholesale_execution,0.4628862142562866,terrorism,1901-1930,SkipGram,27
adopt_resolution,0.46172896027565,terrorism,1901-1930,SkipGram,28
affiliated,0.4610986113548279,terrorism,1901-1930,SkipGram,29
farce,0.4583280086517334,terrorism,1901-1930,SkipGram,30
malice,0.45827481150627136,terrorism,1901-1930,SkipGram,31
von_german,0.4559529423713684,terrorism,1901-1930,SkipGram,32
pot,0.4557141065597534,terrorism,1901-1930,SkipGram,33
terrorize,0.4549146294593811,terrorism,1901-1930,SkipGram,34
sofia,0.4534788727760315,terrorism,1901-1930,SkipGram,35
field_marshal,0.4522450268268585,terrorism,1901-1930,SkipGram,36
bridle,0.4486900866031647,terrorism,1901-1930,SkipGram,37
political_opponent,0.4484967291355133,terrorism,1901-1930,SkipGram,38
derogation,0.4480017423629761,terrorism,1901-1930,SkipGram,39
mccarthy,0.44766494631767273,terrorism,1901-1930,SkipGram,40
bold,0.4476394057273865,terrorism,1901-1930,SkipGram,41
financially,0.4472923278808594,terrorism,1901-1930,SkipGram,42
senator_james,0.44657382369041443,terrorism,1901-1930,SkipGram,43
subservience,0.44632208347320557,terrorism,1901-1930,SkipGram,44
palatinate,0.44579675793647766,terrorism,1901-1930,SkipGram,45
terrorist_activity,0.4456120729446411,terrorism,1901-1930,SkipGram,46
magician,0.44545966386795044,terrorism,1901-1930,SkipGram,47
bourgeoisie,0.44492876529693604,terrorism,1901-1930,SkipGram,48
weimar,0.4448753893375397,terrorism,1901-1930,SkipGram,49
killing,0.4446304440498352,terrorism,1901-1930,SkipGram,50
gregory,0.44421839714050293,terrorism,1901-1930,SkipGram,51
instigate,0.44399282336235046,terrorism,1901-1930,SkipGram,52
soviet_union,0.44319164752960205,terrorism,1901-1930,SkipGram,53
eyewitness,0.4427194595336914,terrorism,1901-1930,SkipGram,54
merchantman,0.4426572322845459,terrorism,1901-1930,SkipGram,55
lender,0.4425908029079437,terrorism,1901-1930,SkipGram,56
countless,0.4417048692703247,terrorism,1901-1930,SkipGram,57
terrorist,0.4414846897125244,terrorism,1901-1930,SkipGram,58
elder,0.44137734174728394,terrorism,1901-1930,SkipGram,59
latvia,0.4408046007156372,terrorism,1901-1930,SkipGram,60
speak_behalf,0.4401074945926666,terrorism,1901-1930,SkipGram,61
night_rider,0.43979400396347046,terrorism,1901-1930,SkipGram,62
shocking,0.43977946043014526,terrorism,1901-1930,SkipGram,63
kun,0.4396877586841583,terrorism,1901-1930,SkipGram,64
secretary_hughe,0.43910178542137146,terrorism,1901-1930,SkipGram,65
conservatives,0.43900877237319946,terrorism,1901-1930,SkipGram,66
premiers,0.43794018030166626,terrorism,1901-1930,SkipGram,67
vogue,0.4373775124549866,terrorism,1901-1930,SkipGram,68
blanket,0.43647485971450806,terrorism,1901-1930,SkipGram,69
mele,0.4357061982154846,terrorism,1901-1930,SkipGram,70
duma,0.43567708134651184,terrorism,1901-1930,SkipGram,71
cher,0.4354121685028076,terrorism,1901-1930,SkipGram,72
wholesale_murder,0.4352354407310486,terrorism,1901-1930,SkipGram,73
populist,0.43466123938560486,terrorism,1901-1930,SkipGram,74
instrumental,0.4343886077404022,terrorism,1901-1930,SkipGram,75
passive_resistance,0.4340568780899048,terrorism,1901-1930,SkipGram,76
sinn_fein,0.433745414018631,terrorism,1901-1930,SkipGram,77
boldness,0.4335412085056305,terrorism,1901-1930,SkipGram,78
deter,0.4325222373008728,terrorism,1901-1930,SkipGram,79
wickedness,0.4316897988319397,terrorism,1901-1930,SkipGram,80
aver,0.43103641271591187,terrorism,1901-1930,SkipGram,81
manage_escape,0.43007025122642517,terrorism,1901-1930,SkipGram,82
refuse_recognize,0.4293605089187622,terrorism,1901-1930,SkipGram,83
become_evident,0.42891785502433777,terrorism,1901-1930,SkipGram,84
primo,0.42887425422668457,terrorism,1901-1930,SkipGram,85
cognizance,0.42870715260505676,terrorism,1901-1930,SkipGram,86
political_persecution,0.42824050784111023,terrorism,1901-1930,SkipGram,87
incense,0.42750558257102966,terrorism,1901-1930,SkipGram,88
oust,0.4273238182067871,terrorism,1901-1930,SkipGram,89
wretched,0.42696434259414673,terrorism,1901-1930,SkipGram,90
wane,0.4268525242805481,terrorism,1901-1930,SkipGram,91
bi,0.42683106660842896,terrorism,1901-1930,SkipGram,92
leaders,0.4266930818557739,terrorism,1901-1930,SkipGram,93
alarm,0.42615753412246704,terrorism,1901-1930,SkipGram,94
germanic,0.4254513382911682,terrorism,1901-1930,SkipGram,95
hamburg,0.4249512255191803,terrorism,1901-1930,SkipGram,96
culmination,0.42461684346199036,terrorism,1901-1930,SkipGram,97
secret_police,0.4245947003364563,terrorism,1901-1930,SkipGram,98
communist_regime,0.42452746629714966,terrorism,1901-1930,SkipGram,99
thirdly,0.4236200749874115,terrorism,1901-1930,SkipGram,100
duel,0.42313820123672485,terrorism,1901-1930,SkipGram,101
nonsense,0.4228663146495819,terrorism,1901-1930,SkipGram,102
publicly,0.422781378030777,terrorism,1901-1930,SkipGram,103
factory_worker,0.42276689410209656,terrorism,1901-1930,SkipGram,104
bitterly,0.4223763346672058,terrorism,1901-1930,SkipGram,105
arbiter,0.4217413365840912,terrorism,1901-1930,SkipGram,106
catholics,0.4200535714626312,terrorism,1901-1930,SkipGram,107
peaceful_picking,0.4196704030036926,terrorism,1901-1930,SkipGram,108
irish_republicans,0.4195450246334076,terrorism,1901-1930,SkipGram,109
unanimous_vote,0.41857147216796875,terrorism,1901-1930,SkipGram,110
storm_protest,0.4183618426322937,terrorism,1901-1930,SkipGram,111
unanimous,0.41823986172676086,terrorism,1901-1930,SkipGram,112
german_citizen,0.41807985305786133,terrorism,1901-1930,SkipGram,113
moines,0.41761648654937744,terrorism,1901-1930,SkipGram,114
sympathizer,0.41711729764938354,terrorism,1901-1930,SkipGram,115
handbill,0.41707688570022583,terrorism,1901-1930,SkipGram,116
communistic_experiment,0.41657522320747375,terrorism,1901-1930,SkipGram,117
rabbi,0.41645899415016174,terrorism,1901-1930,SkipGram,118
allege,0.41603967547416687,terrorism,1901-1930,SkipGram,119
scandinavian,0.4158289134502411,terrorism,1901-1930,SkipGram,120
political_prisoner,0.4158104658126831,terrorism,1901-1930,SkipGram,121
nikolai,0.41552478075027466,terrorism,1901-1930,SkipGram,122
slayer,0.41533511877059937,terrorism,1901-1930,SkipGram,123
outlaw,0.4151858985424042,terrorism,1901-1930,SkipGram,124
remnant,0.41504132747650146,terrorism,1901-1930,SkipGram,125
outrage,0.41479507088661194,terrorism,1901-1930,SkipGram,126
assert,0.4147684574127197,terrorism,1901-1930,SkipGram,127
accomplished,0.414594829082489,terrorism,1901-1930,SkipGram,128
lurid,0.4145635962486267,terrorism,1901-1930,SkipGram,129
warsaw_act,0.4134787321090698,terrorism,1901-1930,SkipGram,130
decry,0.4132677912712097,terrorism,1901-1930,SkipGram,131
daily_chronicle,0.4129851758480072,terrorism,1901-1930,SkipGram,132
perversion,0.41292664408683777,terrorism,1901-1930,SkipGram,133
rupture,0.412711501121521,terrorism,1901-1930,SkipGram,134
grande,0.4112277925014496,terrorism,1901-1930,SkipGram,135
jury_trial,0.410961389541626,terrorism,1901-1930,SkipGram,136
saddle,0.41090601682662964,terrorism,1901-1930,SkipGram,137
camden,0.4105355441570282,terrorism,1901-1930,SkipGram,138
barber,0.41052499413490295,terrorism,1901-1930,SkipGram,139
declare,0.40993958711624146,terrorism,1901-1930,SkipGram,140
sponsor,0.4097438454627991,terrorism,1901-1930,SkipGram,141
delhi,0.40924200415611267,terrorism,1901-1930,SkipGram,142
blood,0.4090253412723541,terrorism,1901-1930,SkipGram,143
friedrich,0.4086768925189972,terrorism,1901-1930,SkipGram,144
reign_terror,0.40855908393859863,terrorism,1901-1930,SkipGram,145
deny,0.40851524472236633,terrorism,1901-1930,SkipGram,146
wilhelm,0.40820983052253723,terrorism,1901-1930,SkipGram,147
colonial,0.40734919905662537,terrorism,1901-1930,SkipGram,148
betrayal,0.40713372826576233,terrorism,1901-1930,SkipGram,149
misdeed,0.40704649686813354,terrorism,1901-1930,SkipGram,150
instigation,0.40669041872024536,terrorism,1901-1930,SkipGram,151
respectfully,0.40600621700286865,terrorism,1901-1930,SkipGram,152
abortive,0.40504834055900574,terrorism,1901-1930,SkipGram,153
autocrat,0.40484052896499634,terrorism,1901-1930,SkipGram,154
poles,0.404695600271225,terrorism,1901-1930,SkipGram,155
chill,0.4037759006023407,terrorism,1901-1930,SkipGram,156
furious,0.40347886085510254,terrorism,1901-1930,SkipGram,157
baron_von,0.40326330065727234,terrorism,1901-1930,SkipGram,158
ac,0.4028089642524719,terrorism,1901-1930,SkipGram,159
internationale,0.4024100601673126,terrorism,1901-1930,SkipGram,160
disarm,0.40230607986450195,terrorism,1901-1930,SkipGram,161
twenty_person,0.4020961821079254,terrorism,1901-1930,SkipGram,162
largely_due,0.40209197998046875,terrorism,1901-1930,SkipGram,163
fugitive,0.4009997248649597,terrorism,1901-1930,SkipGram,164
unprecedented,0.40093329548835754,terrorism,1901-1930,SkipGram,165
terrorise,0.40081587433815,terrorism,1901-1930,SkipGram,166
launch,0.40058523416519165,terrorism,1901-1930,SkipGram,167
participant,0.4005238711833954,terrorism,1901-1930,SkipGram,168
express_sympathy,0.4000706970691681,terrorism,1901-1930,SkipGram,169
acquittal,0.39966103434562683,terrorism,1901-1930,SkipGram,170
relinquish,0.39930668473243713,terrorism,1901-1930,SkipGram,171
sermon,0.3992847204208374,terrorism,1901-1930,SkipGram,172
recount,0.39840129017829895,terrorism,1901-1930,SkipGram,173
damn,0.3978264629840851,terrorism,1901-1930,SkipGram,174
tune,0.397550106048584,terrorism,1901-1930,SkipGram,175
bite,0.39752936363220215,terrorism,1901-1930,SkipGram,176
london,0.3972029983997345,terrorism,1901-1930,SkipGram,177
norton,0.3971610963344574,terrorism,1901-1930,SkipGram,178
instigator,0.397060364484787,terrorism,1901-1930,SkipGram,179
utter,0.3968355059623718,terrorism,1901-1930,SkipGram,180
hewitt,0.3968062102794647,terrorism,1901-1930,SkipGram,181
citadel,0.39663779735565186,terrorism,1901-1930,SkipGram,182
heel,0.39650580286979675,terrorism,1901-1930,SkipGram,183
aim,0.396328330039978,terrorism,1901-1930,SkipGram,184
slay,0.3956463634967804,terrorism,1901-1930,SkipGram,185
attempt_overthrow,0.39560914039611816,terrorism,1901-1930,SkipGram,186
alienate,0.39557433128356934,terrorism,1901-1930,SkipGram,187
shoot_death,0.3954339325428009,terrorism,1901-1930,SkipGram,188
thence,0.39518967270851135,terrorism,1901-1930,SkipGram,189
practise,0.3950628936290741,terrorism,1901-1930,SkipGram,190
ruler,0.3947811722755432,terrorism,1901-1930,SkipGram,191
greatest,0.39477765560150146,terrorism,1901-1930,SkipGram,192
air_horace,0.39474496245384216,terrorism,1901-1930,SkipGram,193
herr_von,0.39454254508018494,terrorism,1901-1930,SkipGram,194
embassy,0.39434218406677246,terrorism,1901-1930,SkipGram,195
sullivan,0.3942887783050537,terrorism,1901-1930,SkipGram,196
wildest,0.39419373869895935,terrorism,1901-1930,SkipGram,197
archduke,0.39410892128944397,terrorism,1901-1930,SkipGram,198
reiterate,0.39403608441352844,terrorism,1901-1930,SkipGram,199
attempt_assassination,0.3937263786792755,terrorism,1901-1930,SkipGram,200
adherence,0.3929918706417084,terrorism,1901-1930,SkipGram,201
sur_render,0.3928692042827606,terrorism,1901-1930,SkipGram,202
salle,0.3924536108970642,terrorism,1901-1930,SkipGram,203
noblemen,0.39242029190063477,terrorism,1901-1930,SkipGram,204
parliamentary_election,0.3923846483230591,terrorism,1901-1930,SkipGram,205
cairo,0.3923802673816681,terrorism,1901-1930,SkipGram,206
bombing,0.39220455288887024,terrorism,1901-1930,SkipGram,207
chicago_tribune,0.39185741543769836,terrorism,1901-1930,SkipGram,208
american_civil_liberty,0.3909986913204193,terrorism,1901-1930,SkipGram,209
liberal_party,0.39091309905052185,terrorism,1901-1930,SkipGram,210
documentary_evidence,0.39026764035224915,terrorism,1901-1930,SkipGram,211
assassination,0.39005085825920105,terrorism,1901-1930,SkipGram,212
insinuate,0.38988515734672546,terrorism,1901-1930,SkipGram,213
express_regret,0.3898438811302185,terrorism,1901-1930,SkipGram,214
editorially,0.3896850347518921,terrorism,1901-1930,SkipGram,215
russian_republic,0.38961708545684814,terrorism,1901-1930,SkipGram,216
frenchman,0.3894937336444855,terrorism,1901-1930,SkipGram,217
turmoil,0.3894703686237335,terrorism,1901-1930,SkipGram,218
anne,0.3894425332546234,terrorism,1901-1930,SkipGram,219
demand_resignation,0.3892827033996582,terrorism,1901-1930,SkipGram,220
nonexistent,0.38912007212638855,terrorism,1901-1930,SkipGram,221
guest,0.3888642489910126,terrorism,1901-1930,SkipGram,222
hiding,0.3885071277618408,terrorism,1901-1930,SkipGram,223
emanate,0.38848307728767395,terrorism,1901-1930,SkipGram,224
clarke,0.38846394419670105,terrorism,1901-1930,SkipGram,225
agent_provocateur,0.3883495628833771,terrorism,1901-1930,SkipGram,226
anew,0.38818493485450745,terrorism,1901-1930,SkipGram,227
unbroken,0.3881045877933502,terrorism,1901-1930,SkipGram,228
contention,0.3880729377269745,terrorism,1901-1930,SkipGram,229
tolerable,0.38805341720581055,terrorism,1901-1930,SkipGram,230
deaf,0.3879404366016388,terrorism,1901-1930,SkipGram,231
atrocity,0.38781559467315674,terrorism,1901-1930,SkipGram,232
interpellation,0.38779619336128235,terrorism,1901-1930,SkipGram,233
dress,0.3877820074558258,terrorism,1901-1930,SkipGram,234
roundtable_conference,0.3875938951969147,terrorism,1901-1930,SkipGram,235
signer,0.38749051094055176,terrorism,1901-1930,SkipGram,236
deadlock,0.3872804045677185,terrorism,1901-1930,SkipGram,237
holmes,0.38723024725914,terrorism,1901-1930,SkipGram,238
hurriedly,0.3871833086013794,terrorism,1901-1930,SkipGram,239
informant,0.38629618287086487,terrorism,1901-1930,SkipGram,240
indescribable,0.38623929023742676,terrorism,1901-1930,SkipGram,241
edmund,0.3862294554710388,terrorism,1901-1930,SkipGram,242
consulate,0.38616856932640076,terrorism,1901-1930,SkipGram,243
accentuate,0.38612934947013855,terrorism,1901-1930,SkipGram,244
despise,0.38593095541000366,terrorism,1901-1930,SkipGram,245
burgomaster,0.3857925832271576,terrorism,1901-1930,SkipGram,246
farewell,0.3857617974281311,terrorism,1901-1930,SkipGram,247
greek_catholic,0.3854737877845764,terrorism,1901-1930,SkipGram,248
opposed,0.3853476941585541,terrorism,1901-1930,SkipGram,249
hesitation,0.38529449701309204,terrorism,1901-1930,SkipGram,250
arraign,0.38511595129966736,terrorism,1901-1930,SkipGram,251
peters,0.38410988450050354,terrorism,1901-1930,SkipGram,252
vice_president,0.384048193693161,terrorism,1901-1930,SkipGram,253
catholic_priest,0.3840053379535675,terrorism,1901-1930,SkipGram,254
renewal,0.38393375277519226,terrorism,1901-1930,SkipGram,255
officially_announce,0.38380932807922363,terrorism,1901-1930,SkipGram,256
redeem_province,0.3835093677043915,terrorism,1901-1930,SkipGram,257
copenhagen,0.3833513855934143,terrorism,1901-1930,SkipGram,258
labor_union,0.3828488886356354,terrorism,1901-1930,SkipGram,259
outright,0.3826383650302887,terrorism,1901-1930,SkipGram,260
indiscriminately,0.382596492767334,terrorism,1901-1930,SkipGram,261
vindication,0.3822677731513977,terrorism,1901-1930,SkipGram,262
villager,0.3822316825389862,terrorism,1901-1930,SkipGram,263
violation,0.3821171522140503,terrorism,1901-1930,SkipGram,264
violation_neutrality,0.3819800615310669,terrorism,1901-1930,SkipGram,265
hunger,0.38194289803504944,terrorism,1901-1930,SkipGram,266
evacuate,0.3819301128387451,terrorism,1901-1930,SkipGram,267
federate,0.38186877965927124,terrorism,1901-1930,SkipGram,268
taylor,0.38110852241516113,terrorism,1901-1930,SkipGram,269
malicious,0.3810955584049225,terrorism,1901-1930,SkipGram,270
crowder,0.38097378611564636,terrorism,1901-1930,SkipGram,271
treaty_versailles,0.38090789318084717,terrorism,1901-1930,SkipGram,272
workers,0.38088467717170715,terrorism,1901-1930,SkipGram,273
trot,0.38085687160491943,terrorism,1901-1930,SkipGram,274
dishonor,0.3805350661277771,terrorism,1901-1930,SkipGram,275
aged,0.3804982304573059,terrorism,1901-1930,SkipGram,276
organizing,0.38045021891593933,terrorism,1901-1930,SkipGram,277
hold_sway,0.3803432285785675,terrorism,1901-1930,SkipGram,278
seditious,0.38033318519592285,terrorism,1901-1930,SkipGram,279
special_attention,0.3803238570690155,terrorism,1901-1930,SkipGram,280
callous,0.3802890479564667,terrorism,1901-1930,SkipGram,281
ham,0.38012999296188354,terrorism,1901-1930,SkipGram,282
oak,0.37951844930648804,terrorism,1901-1930,SkipGram,283
amsterdam,0.37946632504463196,terrorism,1901-1930,SkipGram,284
impeach,0.37936273217201233,terrorism,1901-1930,SkipGram,285
keen_interest,0.3793334662914276,terrorism,1901-1930,SkipGram,286
arrest_connection,0.37930646538734436,terrorism,1901-1930,SkipGram,287
focus,0.3790770471096039,terrorism,1901-1930,SkipGram,288
condemn,0.37904465198516846,terrorism,1901-1930,SkipGram,289
associates,0.37903448939323425,terrorism,1901-1930,SkipGram,290
prop,0.3784483075141907,terrorism,1901-1930,SkipGram,291
recklessness,0.378433495759964,terrorism,1901-1930,SkipGram,292
arthur_anderson,0.37836357951164246,terrorism,1901-1930,SkipGram,293
france_germany,0.3782854974269867,terrorism,1901-1930,SkipGram,294
tentative,0.37818264961242676,terrorism,1901-1930,SkipGram,295
occurrence,0.37815696001052856,terrorism,1901-1930,SkipGram,296
catholic_church,0.37814366817474365,terrorism,1901-1930,SkipGram,297
unions,0.3780830502510071,terrorism,1901-1930,SkipGram,298
president_mckinley,0.3780212998390198,terrorism,1901-1930,SkipGram,299
dastardly,0.3778018653392792,terrorism,1901-1930,SkipGram,300
earnestly,0.37746280431747437,terrorism,1901-1930,SkipGram,301
throat,0.3772548735141754,terrorism,1901-1930,SkipGram,302
facto,0.3771047294139862,terrorism,1901-1930,SkipGram,303
demand_immediate,0.3770231008529663,terrorism,1901-1930,SkipGram,304
freeman_journal,0.37690791487693787,terrorism,1901-1930,SkipGram,305
uprising,0.37678515911102295,terrorism,1901-1930,SkipGram,306
pole,0.3767484426498413,terrorism,1901-1930,SkipGram,307
stir,0.3766615688800812,terrorism,1901-1930,SkipGram,308
bohemia,0.3765808939933777,terrorism,1901-1930,SkipGram,309
grey,0.37656450271606445,terrorism,1901-1930,SkipGram,310
thine,0.37640121579170227,terrorism,1901-1930,SkipGram,311
coal_field,0.37628087401390076,terrorism,1901-1930,SkipGram,312
world_domination,0.376248300075531,terrorism,1901-1930,SkipGram,313
municipal_election,0.3759237229824066,terrorism,1901-1930,SkipGram,314
antigovernment,0.37584665417671204,terrorism,1901-1930,SkipGram,315
protest,0.3755332827568054,terrorism,1901-1930,SkipGram,316
president_harding,0.3753083646297455,terrorism,1901-1930,SkipGram,317
socialist_revolutionary,0.3752988576889038,terrorism,1901-1930,SkipGram,318
ablest,0.3752599358558655,terrorism,1901-1930,SkipGram,319
indulge,0.37495335936546326,terrorism,1901-1930,SkipGram,320
viii,0.3745989203453064,terrorism,1901-1930,SkipGram,321
operator,0.374440461397171,terrorism,1901-1930,SkipGram,322
slain,0.3739113509654999,terrorism,1901-1930,SkipGram,323
unitarian,0.3738846480846405,terrorism,1901-1930,SkipGram,324
stab,0.3737049996852875,terrorism,1901-1930,SkipGram,325
class_hatred,0.37363922595977783,terrorism,1901-1930,SkipGram,326
seer,0.37358206510543823,terrorism,1901-1930,SkipGram,327
overt_act,0.37358173727989197,terrorism,1901-1930,SkipGram,328
negotiation,0.3735395669937134,terrorism,1901-1930,SkipGram,329
bohemian,0.3735097050666809,terrorism,1901-1930,SkipGram,330
organ_nation,0.3734762966632843,terrorism,1901-1930,SkipGram,331
defender,0.37345436215400696,terrorism,1901-1930,SkipGram,332
indictment,0.37332168221473694,terrorism,1901-1930,SkipGram,333
melancholy,0.37329432368278503,terrorism,1901-1930,SkipGram,334
disposed,0.3732556700706482,terrorism,1901-1930,SkipGram,335
introduce,0.3731917440891266,terrorism,1901-1930,SkipGram,336
devastate,0.3730868995189667,terrorism,1901-1930,SkipGram,337
saxon,0.37301480770111084,terrorism,1901-1930,SkipGram,338
cessation,0.3728403151035309,terrorism,1901-1930,SkipGram,339
porous,0.37280556559562683,terrorism,1901-1930,SkipGram,340
rotterdam,0.37272411584854126,terrorism,1901-1930,SkipGram,341
climax,0.37266406416893005,terrorism,1901-1930,SkipGram,342
defiant,0.37262094020843506,terrorism,1901-1930,SkipGram,343
republican_army,0.3725241720676422,terrorism,1901-1930,SkipGram,344
recovery,0.3723888695240021,terrorism,1901-1930,SkipGram,345
representatives,0.37234508991241455,terrorism,1901-1930,SkipGram,346
full_responsibility,0.3722954988479614,terrorism,1901-1930,SkipGram,347
worcester,0.3722485899925232,terrorism,1901-1930,SkipGram,348
institute,0.3721840977668762,terrorism,1901-1930,SkipGram,349
firing_squad,0.3720088303089142,terrorism,1901-1930,SkipGram,350
inactive,0.37198761105537415,terrorism,1901-1930,SkipGram,351
keep_alive,0.3718905746936798,terrorism,1901-1930,SkipGram,352
essen,0.3715265095233917,terrorism,1901-1930,SkipGram,353
coercion,0.3709874749183655,terrorism,1901-1930,SkipGram,354
felix,0.3706909418106079,terrorism,1901-1930,SkipGram,355
matthew,0.3705923855304718,terrorism,1901-1930,SkipGram,356
sailing,0.37042370438575745,terrorism,1901-1930,SkipGram,357
denounce,0.37022140622138977,terrorism,1901-1930,SkipGram,358
hooded,0.36982619762420654,terrorism,1901-1930,SkipGram,359
organized,0.36962011456489563,terrorism,1901-1930,SkipGram,360
uproar,0.36955901980400085,terrorism,1901-1930,SkipGram,361
klan,0.36954444646835327,terrorism,1901-1930,SkipGram,362
pass_bill,0.3693564236164093,terrorism,1901-1930,SkipGram,363
patter,0.36919859051704407,terrorism,1901-1930,SkipGram,364
arrogance,0.36910316348075867,terrorism,1901-1930,SkipGram,365
martyr,0.3690571188926697,terrorism,1901-1930,SkipGram,366
pillage,0.36903101205825806,terrorism,1901-1930,SkipGram,367
persecution,0.36896052956581116,terrorism,1901-1930,SkipGram,368
overturn,0.3688081204891205,terrorism,1901-1930,SkipGram,369
reign,0.3686882257461548,terrorism,1901-1930,SkipGram,370
chieftain,0.3686295449733734,terrorism,1901-1930,SkipGram,371
violent_method,0.36829131841659546,terrorism,1901-1930,SkipGram,372
planning,0.368111789226532,terrorism,1901-1930,SkipGram,373
paralyze,0.3681032955646515,terrorism,1901-1930,SkipGram,374
paris_berlin,0.368057519197464,terrorism,1901-1930,SkipGram,375
russian_revolutionist,0.36792710423469543,terrorism,1901-1930,SkipGram,376
interesting_note,0.3676377534866333,terrorism,1901-1930,SkipGram,377
civilized_warfare,0.3675784468650818,terrorism,1901-1930,SkipGram,378
les,0.36725133657455444,terrorism,1901-1930,SkipGram,379
menacing,0.36695557832717896,terrorism,1901-1930,SkipGram,380
menace,0.3668948709964752,terrorism,1901-1930,SkipGram,381
polish_upper,0.3668764531612396,terrorism,1901-1930,SkipGram,382
russian_autocracy,0.3668678402900696,terrorism,1901-1930,SkipGram,383
frustrate,0.36679917573928833,terrorism,1901-1930,SkipGram,384
reformer,0.36679598689079285,terrorism,1901-1930,SkipGram,385
brochure,0.3667250871658325,terrorism,1901-1930,SkipGram,386
rev_john,0.36669018864631653,terrorism,1901-1930,SkipGram,387
planned,0.3665512502193451,terrorism,1901-1930,SkipGram,388
irish_republican,0.36640679836273193,terrorism,1901-1930,SkipGram,389
answer_question,0.3658492863178253,terrorism,1901-1930,SkipGram,390
accuse,0.365835040807724,terrorism,1901-1930,SkipGram,391
arkansas,0.3657471239566803,terrorism,1901-1930,SkipGram,392
hearst,0.36572375893592834,terrorism,1901-1930,SkipGram,393
brother,0.36541101336479187,terrorism,1901-1930,SkipGram,394
lunching,0.3653627038002014,terrorism,1901-1930,SkipGram,395
perfectly_clear,0.3653368353843689,terrorism,1901-1930,SkipGram,396
instructor,0.36532875895500183,terrorism,1901-1930,SkipGram,397
desperate,0.36529067158699036,terrorism,1901-1930,SkipGram,398
widely,0.36510995030403137,terrorism,1901-1930,SkipGram,399
legation,0.3649059236049652,terrorism,1901-1930,SkipGram,400
conviction,0.36486199498176575,terrorism,1901-1930,SkipGram,401
quit,0.3646411895751953,terrorism,1901-1930,SkipGram,402
duplicity,0.36448484659194946,terrorism,1901-1930,SkipGram,403
dose,0.36446356773376465,terrorism,1901-1930,SkipGram,404
blood_flow,0.36442163586616516,terrorism,1901-1930,SkipGram,405
social_revolutionist,0.36437803506851196,terrorism,1901-1930,SkipGram,406
favorably,0.3643266260623932,terrorism,1901-1930,SkipGram,407
activitie,0.364286869764328,terrorism,1901-1930,SkipGram,408
labor_leader,0.3642423152923584,terrorism,1901-1930,SkipGram,409
crosse,0.36393603682518005,terrorism,1901-1930,SkipGram,410
secretary_hughes,0.3639201819896698,terrorism,1901-1930,SkipGram,411
sign_treaty,0.3638668656349182,terrorism,1901-1930,SkipGram,412
impunity,0.3637014925479889,terrorism,1901-1930,SkipGram,413
dublin_dig,0.3636840283870697,terrorism,1901-1930,SkipGram,414
descendant,0.36332470178604126,terrorism,1901-1930,SkipGram,415
repose,0.36331871151924133,terrorism,1901-1930,SkipGram,416
loom,0.36330515146255493,terrorism,1901-1930,SkipGram,417
religious_persecution,0.3632834553718567,terrorism,1901-1930,SkipGram,418
real_danger,0.36299440264701843,terrorism,1901-1930,SkipGram,419
outspoken,0.3629206717014313,terrorism,1901-1930,SkipGram,420
right_wing,0.3628978729248047,terrorism,1901-1930,SkipGram,421
debts,0.36279296875,terrorism,1901-1930,SkipGram,422
nightly,0.36264124512672424,terrorism,1901-1930,SkipGram,423
wing,0.3626328110694885,terrorism,1901-1930,SkipGram,424
popular_movement,0.362422913312912,terrorism,1901-1930,SkipGram,425
tennis,0.3622640371322632,terrorism,1901-1930,SkipGram,426
change_attitude,0.36208704113960266,terrorism,1901-1930,SkipGram,427
gain_strength,0.36204102635383606,terrorism,1901-1930,SkipGram,428
undersecretary,0.3620118796825409,terrorism,1901-1930,SkipGram,429
charles,0.3619299530982971,terrorism,1901-1930,SkipGram,430
attempt_murder,0.3618878424167633,terrorism,1901-1930,SkipGram,431
indorsement,0.3618723750114441,terrorism,1901-1930,SkipGram,432
irreconcilable,0.36176061630249023,terrorism,1901-1930,SkipGram,433
commission_inquiry,0.3615802526473999,terrorism,1901-1930,SkipGram,434
roger,0.36154499650001526,terrorism,1901-1930,SkipGram,435
socialists_communist,0.3612819314002991,terrorism,1901-1930,SkipGram,436
courtroom,0.3612763583660126,terrorism,1901-1930,SkipGram,437
inhabitant_upper,0.3611648976802826,terrorism,1901-1930,SkipGram,438
step_toward,0.3611144423484802,terrorism,1901-1930,SkipGram,439
ministers,0.3610929846763611,terrorism,1901-1930,SkipGram,440
archbishop,0.36092638969421387,terrorism,1901-1930,SkipGram,441
hands,0.3607321083545685,terrorism,1901-1930,SkipGram,442
vast_majority,0.36070942878723145,terrorism,1901-1930,SkipGram,443
exaggerated,0.36056435108184814,terrorism,1901-1930,SkipGram,444
emissary,0.36051157116889954,terrorism,1901-1930,SkipGram,445
hurrah,0.3604125678539276,terrorism,1901-1930,SkipGram,446
armed_intervention,0.3603825271129608,terrorism,1901-1930,SkipGram,447
unalterable,0.36008837819099426,terrorism,1901-1930,SkipGram,448
ministry_interior,0.36002975702285767,terrorism,1901-1930,SkipGram,449
bidding,0.3599589467048645,terrorism,1901-1930,SkipGram,450
cell,0.3597666025161743,terrorism,1901-1930,SkipGram,451
directly_indirectly,0.3597235083580017,terrorism,1901-1930,SkipGram,452
extremist,0.35970252752304077,terrorism,1901-1930,SkipGram,453
solidarity,0.35966262221336365,terrorism,1901-1930,SkipGram,454
dominion,0.35947439074516296,terrorism,1901-1930,SkipGram,455
premier,0.3594677150249481,terrorism,1901-1930,SkipGram,456
anarchy,0.3593827188014984,terrorism,1901-1930,SkipGram,457
crystallize,0.35906362533569336,terrorism,1901-1930,SkipGram,458
sign_charge_affaire,0.35904550552368164,terrorism,1901-1930,SkipGram,459
plug,0.35882535576820374,terrorism,1901-1930,SkipGram,460
unrest,0.3588106632232666,terrorism,1901-1930,SkipGram,461
act_violence,0.3586615324020386,terrorism,1901-1930,SkipGram,462
unconstitutional,0.3586149215698242,terrorism,1901-1930,SkipGram,463
workmen_council,0.3583630919456482,terrorism,1901-1930,SkipGram,464
sharp,0.35831740498542786,terrorism,1901-1930,SkipGram,465
worker_peasant,0.35823696851730347,terrorism,1901-1930,SkipGram,466
serve_notice,0.3581094443798065,terrorism,1901-1930,SkipGram,467
anti,0.35808461904525757,terrorism,1901-1930,SkipGram,468
spread,0.35804763436317444,terrorism,1901-1930,SkipGram,469
supplant,0.3576211929321289,terrorism,1901-1930,SkipGram,470
forum,0.35751083493232727,terrorism,1901-1930,SkipGram,471
announcement,0.35678234696388245,terrorism,1901-1930,SkipGram,472
doom_failure,0.35664013028144836,terrorism,1901-1930,SkipGram,473
chat,0.35662364959716797,terrorism,1901-1930,SkipGram,474
imperial_chancellor,0.3565513491630554,terrorism,1901-1930,SkipGram,475
handful,0.35652223229408264,terrorism,1901-1930,SkipGram,476
civil_liberty,0.3564411401748657,terrorism,1901-1930,SkipGram,477
cast_vote,0.3564129173755646,terrorism,1901-1930,SkipGram,478
extortionist,0.35635149478912354,terrorism,1901-1930,SkipGram,479
wendell,0.3563334047794342,terrorism,1901-1930,SkipGram,480
intercede,0.35601285099983215,terrorism,1901-1930,SkipGram,481
horrify,0.355647474527359,terrorism,1901-1930,SkipGram,482
fred,0.3556070625782013,terrorism,1901-1930,SkipGram,483
parley,0.3554777204990387,terrorism,1901-1930,SkipGram,484
sample,0.3553074598312378,terrorism,1901-1930,SkipGram,485
extermination,0.3552720844745636,terrorism,1901-1930,SkipGram,486
shot_kill,0.35523125529289246,terrorism,1901-1930,SkipGram,487
observer,0.3551793396472931,terrorism,1901-1930,SkipGram,488
vividly,0.35507825016975403,terrorism,1901-1930,SkipGram,489
submit,0.3548645079135895,terrorism,1901-1930,SkipGram,490
fortify,0.35477912425994873,terrorism,1901-1930,SkipGram,491
orlando,0.3546055853366852,terrorism,1901-1930,SkipGram,492
diary,0.35455450415611267,terrorism,1901-1930,SkipGram,493
inner_circle,0.35447999835014343,terrorism,1901-1930,SkipGram,494
viceroy,0.3544619083404541,terrorism,1901-1930,SkipGram,495
serbian,0.35444334149360657,terrorism,1901-1930,SkipGram,496
treaty_ratify,0.35442766547203064,terrorism,1901-1930,SkipGram,497
hinder,0.3543645143508911,terrorism,1901-1930,SkipGram,498
craft,0.354215532541275,terrorism,1901-1930,SkipGram,499
violence,0.5857324600219727,terrorist,1901-1930,CBOW,1
assassination,0.5812299251556396,terrorist,1901-1930,CBOW,2
vengeance,0.5642671585083008,terrorist,1901-1930,CBOW,3
terrorism,0.5575262308120728,terrorist,1901-1930,CBOW,4
repression,0.5567691326141357,terrorist,1901-1930,CBOW,5
terror,0.5546060800552368,terrorist,1901-1930,CBOW,6
intimidation,0.5431204438209534,terrorist,1901-1930,CBOW,7
outrage,0.5415211319923401,terrorist,1901-1930,CBOW,8
indignation,0.5224069952964783,terrorist,1901-1930,CBOW,9
tyranny,0.5210041403770447,terrorist,1901-1930,CBOW,10
inaugurate,0.5139957666397095,terrorist,1901-1930,CBOW,11
brutal,0.5089420676231384,terrorist,1901-1930,CBOW,12
sabotage,0.506199300289154,terrorist,1901-1930,CBOW,13
wholesale,0.5009827017784119,terrorist,1901-1930,CBOW,14
brutally,0.4999258816242218,terrorist,1901-1930,CBOW,15
act_violence,0.49948734045028687,terrorist,1901-1930,CBOW,16
desperate,0.4988408386707306,terrorist,1901-1930,CBOW,17
reprisal,0.49418455362319946,terrorist,1901-1930,CBOW,18
spread,0.4867222011089325,terrorist,1901-1930,CBOW,19
night_rider,0.48661354184150696,terrorist,1901-1930,CBOW,20
resort,0.485857754945755,terrorist,1901-1930,CBOW,21
conspiracy,0.4811694920063019,terrorist,1901-1930,CBOW,22
reign_terror,0.48072269558906555,terrorist,1901-1930,CBOW,23
perpetrate,0.47814539074897766,terrorist,1901-1930,CBOW,24
murder,0.47361963987350464,terrorist,1901-1930,CBOW,25
social_revolutionist,0.4723617434501648,terrorist,1901-1930,CBOW,26
cowardly,0.47184714674949646,terrorist,1901-1930,CBOW,27
pillage,0.4692596197128296,terrorist,1901-1930,CBOW,28
russian_revolutionist,0.46747490763664246,terrorist,1901-1930,CBOW,29
illegal,0.46251046657562256,terrorist,1901-1930,CBOW,30
bulgar,0.46119195222854614,terrorist,1901-1930,CBOW,31
allege,0.46053093671798706,terrorist,1901-1930,CBOW,32
destruction_property,0.4602214992046356,terrorist,1901-1930,CBOW,33
disguise,0.4583248496055603,terrorist,1901-1930,CBOW,34
widespread,0.4574042558670044,terrorist,1901-1930,CBOW,35
bomb_plot,0.45614880323410034,terrorist,1901-1930,CBOW,36
ruthlessly,0.4546718895435333,terrorist,1901-1930,CBOW,37
ruffian,0.45462507009506226,terrorist,1901-1930,CBOW,38
occur,0.4541822075843811,terrorist,1901-1930,CBOW,39
rebellion,0.4529918134212494,terrorist,1901-1930,CBOW,40
arson,0.45263999700546265,terrorist,1901-1930,CBOW,41
retaliation,0.45179107785224915,terrorist,1901-1930,CBOW,42
persecution,0.4478507339954376,terrorist,1901-1930,CBOW,43
threat,0.44481831789016724,terrorist,1901-1930,CBOW,44
revolutionist,0.4440424144268036,terrorist,1901-1930,CBOW,45
uprising,0.4438996911048889,terrorist,1901-1930,CBOW,46
execution,0.44331324100494385,terrorist,1901-1930,CBOW,47
corrupt,0.44247373938560486,terrorist,1901-1930,CBOW,48
cruel,0.4423120319843292,terrorist,1901-1930,CBOW,49
chiefly,0.44168621301651,terrorist,1901-1930,CBOW,50
shotgun,0.4410824775695801,terrorist,1901-1930,CBOW,51
treason,0.44012269377708435,terrorist,1901-1930,CBOW,52
assault,0.4395367205142975,terrorist,1901-1930,CBOW,53
lawless,0.4385434687137604,terrorist,1901-1930,CBOW,54
punishment,0.43751752376556396,terrorist,1901-1930,CBOW,55
continue,0.43713274598121643,terrorist,1901-1930,CBOW,56
condemn,0.43695151805877686,terrorist,1901-1930,CBOW,57
ruthless,0.4349677264690399,terrorist,1901-1930,CBOW,58
suppression,0.4346960484981537,terrorist,1901-1930,CBOW,59
extortion,0.4344944655895233,terrorist,1901-1930,CBOW,60
robbery,0.43313920497894287,terrorist,1901-1930,CBOW,61
terrorist_organization,0.43125471472740173,terrorist,1901-1930,CBOW,62
lawlessness,0.4299672842025757,terrorist,1901-1930,CBOW,63
political_opponent,0.4292577803134918,terrorist,1901-1930,CBOW,64
sympathizer,0.4285939037799835,terrorist,1901-1930,CBOW,65
openly,0.42792513966560364,terrorist,1901-1930,CBOW,66
passive_resistance,0.4270375669002533,terrorist,1901-1930,CBOW,67
resorted,0.42640212178230286,terrorist,1901-1930,CBOW,68
guerrilla_warfare,0.42623138427734375,terrorist,1901-1930,CBOW,69
plot,0.4261977970600128,terrorist,1901-1930,CBOW,70
suffragette,0.4257519543170929,terrorist,1901-1930,CBOW,71
falter,0.42566993832588196,terrorist,1901-1930,CBOW,72
rioting,0.4240901470184326,terrorist,1901-1930,CBOW,73
planning,0.42396536469459534,terrorist,1901-1930,CBOW,74
attempt,0.4228672683238983,terrorist,1901-1930,CBOW,75
persist,0.42237424850463867,terrorist,1901-1930,CBOW,76
imprisonment,0.42163610458374023,terrorist,1901-1930,CBOW,77
terrorising,0.42121002078056335,terrorist,1901-1930,CBOW,78
commit,0.4206923842430115,terrorist,1901-1930,CBOW,79
cloak,0.42054474353790283,terrorist,1901-1930,CBOW,80
violent,0.420479953289032,terrorist,1901-1930,CBOW,81
pitiless,0.419901579618454,terrorist,1901-1930,CBOW,82
factory_worker,0.4197908937931061,terrorist,1901-1930,CBOW,83
common_knowledge,0.41935163736343384,terrorist,1901-1930,CBOW,84
rival,0.4184989035129547,terrorist,1901-1930,CBOW,85
intimidate,0.4179539084434509,terrorist,1901-1930,CBOW,86
inhuman,0.41783472895622253,terrorist,1901-1930,CBOW,87
crime_commit,0.4169110059738159,terrorist,1901-1930,CBOW,88
follower,0.4166131615638733,terrorist,1901-1930,CBOW,89
president_mckinley,0.4162580966949463,terrorist,1901-1930,CBOW,90
isolate,0.4156854748725891,terrorist,1901-1930,CBOW,91
scare,0.41469961404800415,terrorist,1901-1930,CBOW,92
rage,0.4138878583908081,terrorist,1901-1930,CBOW,93
conduct,0.41383251547813416,terrorist,1901-1930,CBOW,94
primo,0.412166029214859,terrorist,1901-1930,CBOW,95
outcome,0.4121513366699219,terrorist,1901-1930,CBOW,96
bloody,0.41162827610969543,terrorist,1901-1930,CBOW,97
band,0.4115391969680786,terrorist,1901-1930,CBOW,98
abandon,0.41088566184043884,terrorist,1901-1930,CBOW,99
outlaw,0.4108532965183258,terrorist,1901-1930,CBOW,100
execute,0.4105999767780304,terrorist,1901-1930,CBOW,101
overthrow,0.4103235602378845,terrorist,1901-1930,CBOW,102
disorder,0.40897250175476074,terrorist,1901-1930,CBOW,103
unlawful,0.40848541259765625,terrorist,1901-1930,CBOW,104
extremist,0.4074447453022003,terrorist,1901-1930,CBOW,105
conspirator,0.4053449332714081,terrorist,1901-1930,CBOW,106
nihilism,0.40501850843429565,terrorist,1901-1930,CBOW,107
blackmail,0.40481704473495483,terrorist,1901-1930,CBOW,108
blame,0.4042869508266449,terrorist,1901-1930,CBOW,109
publicly,0.4038083553314209,terrorist,1901-1930,CBOW,110
wholesale_execution,0.4036296308040619,terrorist,1901-1930,CBOW,111
notorious,0.4034382104873657,terrorist,1901-1930,CBOW,112
inquisition,0.40283340215682983,terrorist,1901-1930,CBOW,113
inoculation,0.40269696712493896,terrorist,1901-1930,CBOW,114
vindication,0.40268674492836,terrorist,1901-1930,CBOW,115
bombing,0.40223634243011475,terrorist,1901-1930,CBOW,116
wicked,0.40161532163619995,terrorist,1901-1930,CBOW,117
shrink,0.4012661278247833,terrorist,1901-1930,CBOW,118
suspect,0.40074071288108826,terrorist,1901-1930,CBOW,119
sanguinary,0.4003830850124359,terrorist,1901-1930,CBOW,120
terrorise,0.40027740597724915,terrorist,1901-1930,CBOW,121
agent_provocateur,0.3992897570133209,terrorist,1901-1930,CBOW,122
attempt_murder,0.39856642484664917,terrorist,1901-1930,CBOW,123
countless,0.3983246684074402,terrorist,1901-1930,CBOW,124
killing,0.3980405330657959,terrorist,1901-1930,CBOW,125
uncover,0.3979935050010681,terrorist,1901-1930,CBOW,126
destruction,0.3976634740829468,terrorist,1901-1930,CBOW,127
bloodshed,0.39760419726371765,terrorist,1901-1930,CBOW,128
awakening,0.39743322134017944,terrorist,1901-1930,CBOW,129
weapon,0.3970179855823517,terrorist,1901-1930,CBOW,130
refuse_recognize,0.39699575304985046,terrorist,1901-1930,CBOW,131
militant,0.39691048860549927,terrorist,1901-1930,CBOW,132
denounce,0.39655494689941406,terrorist,1901-1930,CBOW,133
walsh,0.3963458836078644,terrorist,1901-1930,CBOW,134
pursue,0.3961486518383026,terrorist,1901-1930,CBOW,135
commit_murder,0.3957611918449402,terrorist,1901-1930,CBOW,136
infamous,0.3952667713165283,terrorist,1901-1930,CBOW,137
accuse,0.39372777938842773,terrorist,1901-1930,CBOW,138
adherent,0.3928998112678528,terrorist,1901-1930,CBOW,139
insurrection,0.39217469096183777,terrorist,1901-1930,CBOW,140
quit,0.3919588625431061,terrorist,1901-1930,CBOW,141
socialist_revolutionary,0.3915708363056183,terrorist,1901-1930,CBOW,142
reign,0.3915659785270691,terrorist,1901-1930,CBOW,143
merciless,0.39140450954437256,terrorist,1901-1930,CBOW,144
anarchy,0.39140012860298157,terrorist,1901-1930,CBOW,145
loyalist,0.39057260751724243,terrorist,1901-1930,CBOW,146
victim,0.3894108831882477,terrorist,1901-1930,CBOW,147
barcelona,0.3886694014072418,terrorist,1901-1930,CBOW,148
punish,0.38859257102012634,terrorist,1901-1930,CBOW,149
disgrace,0.3880516290664673,terrorist,1901-1930,CBOW,150
dread,0.38670191168785095,terrorist,1901-1930,CBOW,151
agitation,0.3856690227985382,terrorist,1901-1930,CBOW,152
tactic,0.38518089056015015,terrorist,1901-1930,CBOW,153
capital_punishment,0.38423657417297363,terrorist,1901-1930,CBOW,154
become_aware,0.383952260017395,terrorist,1901-1930,CBOW,155
political_persecution,0.3834643065929413,terrorist,1901-1930,CBOW,156
machination,0.3834052085876465,terrorist,1901-1930,CBOW,157
van,0.3826552629470825,terrorist,1901-1930,CBOW,158
indulge,0.3825843036174774,terrorist,1901-1930,CBOW,159
unearth,0.3817671239376068,terrorist,1901-1930,CBOW,160
espionage,0.3814103901386261,terrorist,1901-1930,CBOW,161
catastrophe,0.3811868131160736,terrorist,1901-1930,CBOW,162
countryside,0.38096171617507935,terrorist,1901-1930,CBOW,163
implicate,0.3807024359703064,terrorist,1901-1930,CBOW,164
instigator,0.38052019476890564,terrorist,1901-1930,CBOW,165
death_sentence,0.3793133795261383,terrorist,1901-1930,CBOW,166
regicide,0.37798240780830383,terrorist,1901-1930,CBOW,167
desist,0.37720611691474915,terrorist,1901-1930,CBOW,168
parliamentary_election,0.377108097076416,terrorist,1901-1930,CBOW,169
frighten,0.3769441843032837,terrorist,1901-1930,CBOW,170
unlawful_method,0.3766910433769226,terrorist,1901-1930,CBOW,171
resistance,0.37662699818611145,terrorist,1901-1930,CBOW,172
unionist,0.37654685974121094,terrorist,1901-1930,CBOW,173
armed_insurrection,0.37514764070510864,terrorist,1901-1930,CBOW,174
coup_tat,0.37503963708877563,terrorist,1901-1930,CBOW,175
force,0.37476846575737,terrorist,1901-1930,CBOW,176
separatist,0.37467360496520996,terrorist,1901-1930,CBOW,177
pretense,0.3745737671852112,terrorist,1901-1930,CBOW,178
adopt,0.3742040693759918,terrorist,1901-1930,CBOW,179
plunder,0.37386825680732727,terrorist,1901-1930,CBOW,180
confess,0.37381601333618164,terrorist,1901-1930,CBOW,181
despot,0.37370380759239197,terrorist,1901-1930,CBOW,182
marauder,0.3732726573944092,terrorist,1901-1930,CBOW,183
artistic,0.37252745032310486,terrorist,1901-1930,CBOW,184
perpetuate,0.372403085231781,terrorist,1901-1930,CBOW,185
culmination,0.37224096059799194,terrorist,1901-1930,CBOW,186
slay,0.37185484170913696,terrorist,1901-1930,CBOW,187
advocacy,0.37154877185821533,terrorist,1901-1930,CBOW,188
riot,0.3712880611419678,terrorist,1901-1930,CBOW,189
fear,0.3712868392467499,terrorist,1901-1930,CBOW,190
ringleader,0.37100228667259216,terrorist,1901-1930,CBOW,191
inn_vein,0.3700684905052185,terrorist,1901-1930,CBOW,192
death_penalty,0.36992427706718445,terrorist,1901-1930,CBOW,193
attempt_escape,0.3699147403240204,terrorist,1901-1930,CBOW,194
rebellious,0.3697212040424347,terrorist,1901-1930,CBOW,195
faction,0.36894598603248596,terrorist,1901-1930,CBOW,196
trial_jury,0.3689046800136566,terrorist,1901-1930,CBOW,197
antagonism,0.36875486373901367,terrorist,1901-1930,CBOW,198
secret_police,0.3686813712120056,terrorist,1901-1930,CBOW,199
recrudescence,0.3681683838367462,terrorist,1901-1930,CBOW,200
vast_majority,0.36791935563087463,terrorist,1901-1930,CBOW,201
unrest,0.36783698201179504,terrorist,1901-1930,CBOW,202
inn_miner,0.3667701482772827,terrorist,1901-1930,CBOW,203
enthusiasm,0.36657002568244934,terrorist,1901-1930,CBOW,204
incite,0.3665323853492737,terrorist,1901-1930,CBOW,205
secret,0.3665296733379364,terrorist,1901-1930,CBOW,206
communistic,0.3660685420036316,terrorist,1901-1930,CBOW,207
antisemitic,0.3660393953323364,terrorist,1901-1930,CBOW,208
revolutionary_tribunal,0.3659466803073883,terrorist,1901-1930,CBOW,209
uneasiness,0.3656907379627228,terrorist,1901-1930,CBOW,210
counterrevolution,0.36558374762535095,terrorist,1901-1930,CBOW,211
silence,0.3653208613395691,terrorist,1901-1930,CBOW,212
informer,0.36528393626213074,terrorist,1901-1930,CBOW,213
continual,0.36497682332992554,terrorist,1901-1930,CBOW,214
seditious,0.36472371220588684,terrorist,1901-1930,CBOW,215
extermination,0.36448317766189575,terrorist,1901-1930,CBOW,216
reactionary,0.36415791511535645,terrorist,1901-1930,CBOW,217
looting,0.3640367388725281,terrorist,1901-1930,CBOW,218
murderous,0.363229364156723,terrorist,1901-1930,CBOW,219
worker_peasant,0.3625156581401825,terrorist,1901-1930,CBOW,220
king_alexander,0.3620753586292267,terrorist,1901-1930,CBOW,221
intermittent,0.3614106774330139,terrorist,1901-1930,CBOW,222
revolt,0.36134716868400574,terrorist,1901-1930,CBOW,223
superior_officer,0.36110737919807434,terrorist,1901-1930,CBOW,224
revenge,0.3607270121574402,terrorist,1901-1930,CBOW,225
banishment,0.3602026402950287,terrorist,1901-1930,CBOW,226
irish_republican_army,0.3601175844669342,terrorist,1901-1930,CBOW,227
gomez,0.36006850004196167,terrorist,1901-1930,CBOW,228
versa,0.36003178358078003,terrorist,1901-1930,CBOW,229
palatinate,0.35992756485939026,terrorist,1901-1930,CBOW,230
guerrilla,0.3598856031894684,terrorist,1901-1930,CBOW,231
method,0.35976657271385193,terrorist,1901-1930,CBOW,232
raid,0.3592429757118225,terrorist,1901-1930,CBOW,233
drunkenness,0.35889342427253723,terrorist,1901-1930,CBOW,234
social_revolutionary,0.35877174139022827,terrorist,1901-1930,CBOW,235
blockade,0.35791006684303284,terrorist,1901-1930,CBOW,236
chill,0.3576350510120392,terrorist,1901-1930,CBOW,237
ruthlessness,0.35725656151771545,terrorist,1901-1930,CBOW,238
practice,0.3571048676967621,terrorist,1901-1930,CBOW,239
camouflage,0.35707607865333557,terrorist,1901-1930,CBOW,240
solitary_confinement,0.35691359639167786,terrorist,1901-1930,CBOW,241
strife,0.3567861020565033,terrorist,1901-1930,CBOW,242
criminal,0.35676318407058716,terrorist,1901-1930,CBOW,243
coercion,0.3567167818546295,terrorist,1901-1930,CBOW,244
labor_leader,0.35641348361968994,terrorist,1901-1930,CBOW,245
retaliate,0.35630372166633606,terrorist,1901-1930,CBOW,246
unlawful_act,0.3562649190425873,terrorist,1901-1930,CBOW,247
prop,0.35616710782051086,terrorist,1901-1930,CBOW,248
arraign,0.3561171889305115,terrorist,1901-1930,CBOW,249
calculate,0.35609349608421326,terrorist,1901-1930,CBOW,250
guest,0.3558071255683899,terrorist,1901-1930,CBOW,251
tray,0.3557852506637573,terrorist,1901-1930,CBOW,252
round,0.3557216227054596,terrorist,1901-1930,CBOW,253
po_lice,0.35553741455078125,terrorist,1901-1930,CBOW,254
suspicion,0.355442076921463,terrorist,1901-1930,CBOW,255
wholesale_murder,0.3551577627658844,terrorist,1901-1930,CBOW,256
undemocratic,0.3549428880214691,terrorist,1901-1930,CBOW,257
teaching,0.3547062873840332,terrorist,1901-1930,CBOW,258
nationalists,0.3546408414840698,terrorist,1901-1930,CBOW,259
directly_indirectly,0.35448455810546875,terrorist,1901-1930,CBOW,260
determined,0.35432812571525574,terrorist,1901-1930,CBOW,261
atrocity,0.35431215167045593,terrorist,1901-1930,CBOW,262
deliberate,0.3541131317615509,terrorist,1901-1930,CBOW,263
hiding,0.3540872037410736,terrorist,1901-1930,CBOW,264
civilian_population,0.3540828227996826,terrorist,1901-1930,CBOW,265
crush,0.35405397415161133,terrorist,1901-1930,CBOW,266
nationwide,0.3538634479045868,terrorist,1901-1930,CBOW,267
furtive,0.353615939617157,terrorist,1901-1930,CBOW,268
terrorist_activity,0.353493332862854,terrorist,1901-1930,CBOW,269
propagate,0.35344597697257996,terrorist,1901-1930,CBOW,270
incur,0.353382408618927,terrorist,1901-1930,CBOW,271
abandonment,0.35313284397125244,terrorist,1901-1930,CBOW,272
systematically,0.35287603735923767,terrorist,1901-1930,CBOW,273
guilty,0.352632999420166,terrorist,1901-1930,CBOW,274
net_result,0.3525644838809967,terrorist,1901-1930,CBOW,275
civil_disobedience,0.35236677527427673,terrorist,1901-1930,CBOW,276
enmity,0.3523273169994354,terrorist,1901-1930,CBOW,277
bloodshe,0.3522137999534607,terrorist,1901-1930,CBOW,278
hire,0.3520616292953491,terrorist,1901-1930,CBOW,279
indictment,0.3518578112125397,terrorist,1901-1930,CBOW,280
charge_conspire,0.3517815172672272,terrorist,1901-1930,CBOW,281
discontent,0.35165148973464966,terrorist,1901-1930,CBOW,282
remnant,0.3514903485774994,terrorist,1901-1930,CBOW,283
charge_murder,0.3513089120388031,terrorist,1901-1930,CBOW,284
domination,0.3511716425418854,terrorist,1901-1930,CBOW,285
shoot,0.35108447074890137,terrorist,1901-1930,CBOW,286
premeditate,0.35097622871398926,terrorist,1901-1930,CBOW,287
irresponsible,0.3507850766181946,terrorist,1901-1930,CBOW,288
degenerate,0.35068994760513306,terrorist,1901-1930,CBOW,289
irish_republicans,0.3504669964313507,terrorist,1901-1930,CBOW,290
temporarily,0.3503771126270294,terrorist,1901-1930,CBOW,291
prey,0.3497582674026489,terrorist,1901-1930,CBOW,292
characterize,0.34970155358314514,terrorist,1901-1930,CBOW,293
concealment,0.3494124412536621,terrorist,1901-1930,CBOW,294
indorsement,0.34935927391052246,terrorist,1901-1930,CBOW,295
gospel,0.3490166962146759,terrorist,1901-1930,CBOW,296
conviction,0.3489888906478882,terrorist,1901-1930,CBOW,297
punitive_expedition,0.34895479679107666,terrorist,1901-1930,CBOW,298
defiance,0.348879873752594,terrorist,1901-1930,CBOW,299
origin,0.3487096130847931,terrorist,1901-1930,CBOW,300
oppression,0.34855541586875916,terrorist,1901-1930,CBOW,301
armed,0.34852004051208496,terrorist,1901-1930,CBOW,302
armed_revolt,0.3483884036540985,terrorist,1901-1930,CBOW,303
small_minority,0.3483031690120697,terrorist,1901-1930,CBOW,304
oppressive,0.34829407930374146,terrorist,1901-1930,CBOW,305
consternation,0.34825974702835083,terrorist,1901-1930,CBOW,306
consciously,0.3482033312320709,terrorist,1901-1930,CBOW,307
stir,0.3481944799423218,terrorist,1901-1930,CBOW,308
unarmed,0.34814637899398804,terrorist,1901-1930,CBOW,309
unlikely,0.3478810787200928,terrorist,1901-1930,CBOW,310
court_sentence,0.3478492498397827,terrorist,1901-1930,CBOW,311
counterrevolutionary_activity,0.3472723066806793,terrorist,1901-1930,CBOW,312
socialists_communist,0.3467848002910614,terrorist,1901-1930,CBOW,313
proof,0.3467009365558624,terrorist,1901-1930,CBOW,314
vigorously,0.34660282731056213,terrorist,1901-1930,CBOW,315
attempt_overthrow,0.3463244140148163,terrorist,1901-1930,CBOW,316
knife,0.34562307596206665,terrorist,1901-1930,CBOW,317
rude,0.345451682806015,terrorist,1901-1930,CBOW,318
betray,0.34425854682922363,terrorist,1901-1930,CBOW,319
clue,0.34418970346450806,terrorist,1901-1930,CBOW,320
freeman_journal,0.3441770374774933,terrorist,1901-1930,CBOW,321
political_prisoner,0.34392333030700684,terrorist,1901-1930,CBOW,322
thence,0.3437742292881012,terrorist,1901-1930,CBOW,323
accomplice,0.34349411725997925,terrorist,1901-1930,CBOW,324
impunity,0.3434852659702301,terrorist,1901-1930,CBOW,325
crime,0.3431790769100189,terrorist,1901-1930,CBOW,326
deliberately,0.34302636981010437,terrorist,1901-1930,CBOW,327
emissary,0.3427930772304535,terrorist,1901-1930,CBOW,328
unscrupulous,0.3426409065723419,terrorist,1901-1930,CBOW,329
severity,0.3425333797931671,terrorist,1901-1930,CBOW,330
armed_force,0.3424576222896576,terrorist,1901-1930,CBOW,331
dynasty,0.3422369658946991,terrorist,1901-1930,CBOW,332
progress_toward,0.3419261872768402,terrorist,1901-1930,CBOW,333
responsible,0.3418739438056946,terrorist,1901-1930,CBOW,334
ditch,0.34180912375450134,terrorist,1901-1930,CBOW,335
reprieve,0.34169885516166687,terrorist,1901-1930,CBOW,336
bloody_twentieth,0.3415727913379669,terrorist,1901-1930,CBOW,337
proclaim,0.3414713144302368,terrorist,1901-1930,CBOW,338
wickedness,0.34139394760131836,terrorist,1901-1930,CBOW,339
madness,0.3412192463874817,terrorist,1901-1930,CBOW,340
implacable,0.3411884009838104,terrorist,1901-1930,CBOW,341
perpetrator_outrage,0.3409394323825836,terrorist,1901-1930,CBOW,342
lunatic,0.3406967520713806,terrorist,1901-1930,CBOW,343
reckless,0.3406054377555847,terrorist,1901-1930,CBOW,344
detection,0.3402807414531708,terrorist,1901-1930,CBOW,345
turbulent,0.34005478024482727,terrorist,1901-1930,CBOW,346
minister_interior,0.3397592306137085,terrorist,1901-1930,CBOW,347
plug,0.33956286311149597,terrorist,1901-1930,CBOW,348
severe_punishment,0.3395555913448334,terrorist,1901-1930,CBOW,349
connivance,0.33913660049438477,terrorist,1901-1930,CBOW,350
discover,0.33903032541275024,terrorist,1901-1930,CBOW,351
federal_agent,0.3389485776424408,terrorist,1901-1930,CBOW,352
massacre,0.3389222323894501,terrorist,1901-1930,CBOW,353
fascists,0.33870142698287964,terrorist,1901-1930,CBOW,354
form_cabinet,0.338643878698349,terrorist,1901-1930,CBOW,355
rosa,0.3383195400238037,terrorist,1901-1930,CBOW,356
advocate,0.33806878328323364,terrorist,1901-1930,CBOW,357
counterrevolutionary,0.3380056619644165,terrorist,1901-1930,CBOW,358
radical_element,0.337492436170578,terrorist,1901-1930,CBOW,359
organ_nation,0.33730998635292053,terrorist,1901-1930,CBOW,360
dead_wound,0.33718347549438477,terrorist,1901-1930,CBOW,361
imminent_danger,0.33713412284851074,terrorist,1901-1930,CBOW,362
penalty,0.3370831608772278,terrorist,1901-1930,CBOW,363
half_dozen,0.33703580498695374,terrorist,1901-1930,CBOW,364
miners,0.33695536851882935,terrorist,1901-1930,CBOW,365
crueltie,0.3367932140827179,terrorist,1901-1930,CBOW,366
pretext,0.33658525347709656,terrorist,1901-1930,CBOW,367
decry,0.33637136220932007,terrorist,1901-1930,CBOW,368
militarist,0.3361588716506958,terrorist,1901-1930,CBOW,369
submission,0.3361501395702362,terrorist,1901-1930,CBOW,370
perpetrator,0.3359503149986267,terrorist,1901-1930,CBOW,371
delude,0.33591049909591675,terrorist,1901-1930,CBOW,372
sinn_fein,0.33584558963775635,terrorist,1901-1930,CBOW,373
solidarity,0.3358411192893982,terrorist,1901-1930,CBOW,374
aver,0.33571696281433105,terrorist,1901-1930,CBOW,375
boldness,0.33552086353302,terrorist,1901-1930,CBOW,376
busy,0.33544182777404785,terrorist,1901-1930,CBOW,377
apprehension,0.33523327112197876,terrorist,1901-1930,CBOW,378
truthfully,0.3352068066596985,terrorist,1901-1930,CBOW,379
commit_act,0.33511805534362793,terrorist,1901-1930,CBOW,380
civilized_world,0.334808349609375,terrorist,1901-1930,CBOW,381
unpopular,0.3347882330417633,terrorist,1901-1930,CBOW,382
provoke,0.33459389209747314,terrorist,1901-1930,CBOW,383
smuggler,0.3345588147640228,terrorist,1901-1930,CBOW,384
civil_war,0.3343600630760193,terrorist,1901-1930,CBOW,385
unionism,0.3343559503555298,terrorist,1901-1930,CBOW,386
misdeed,0.33431392908096313,terrorist,1901-1930,CBOW,387
spectacular,0.3342761993408203,terrorist,1901-1930,CBOW,388
blanket,0.3342456817626953,terrorist,1901-1930,CBOW,389
undergo,0.3341728448867798,terrorist,1901-1930,CBOW,390
vacillate,0.33404770493507385,terrorist,1901-1930,CBOW,391
lapse,0.33396366238594055,terrorist,1901-1930,CBOW,392
wreck,0.3336433470249176,terrorist,1901-1930,CBOW,393
orator,0.33351340889930725,terrorist,1901-1930,CBOW,394
battalion,0.33338338136672974,terrorist,1901-1930,CBOW,395
oppressive_measure,0.3333258032798767,terrorist,1901-1930,CBOW,396
summer,0.33331912755966187,terrorist,1901-1930,CBOW,397
confession,0.33325111865997314,terrorist,1901-1930,CBOW,398
vitriol,0.3331882059574127,terrorist,1901-1930,CBOW,399
anticipation,0.33296072483062744,terrorist,1901-1930,CBOW,400
iron_hand,0.3329038918018341,terrorist,1901-1930,CBOW,401
indiscriminately,0.3328760862350464,terrorist,1901-1930,CBOW,402
syndicalism,0.33283963799476624,terrorist,1901-1930,CBOW,403
incitement,0.33279553055763245,terrorist,1901-1930,CBOW,404
czarist,0.33245453238487244,terrorist,1901-1930,CBOW,405
instigation,0.33243146538734436,terrorist,1901-1930,CBOW,406
opponent,0.332073450088501,terrorist,1901-1930,CBOW,407
slum,0.3319932818412781,terrorist,1901-1930,CBOW,408
disorderly,0.3316750228404999,terrorist,1901-1930,CBOW,409
dictator,0.33107951283454895,terrorist,1901-1930,CBOW,410
provocateur,0.3307651877403259,terrorist,1901-1930,CBOW,411
overthrown,0.33043769001960754,terrorist,1901-1930,CBOW,412
hinder,0.3303408622741699,terrorist,1901-1930,CBOW,413
dictatorship_proletarian,0.3302498161792755,terrorist,1901-1930,CBOW,414
rife,0.33004865050315857,terrorist,1901-1930,CBOW,415
embark,0.32973527908325195,terrorist,1901-1930,CBOW,416
revival,0.3297100067138672,terrorist,1901-1930,CBOW,417
demonstrate,0.32960155606269836,terrorist,1901-1930,CBOW,418
recruit,0.3294669985771179,terrorist,1901-1930,CBOW,419
oust,0.32924091815948486,terrorist,1901-1930,CBOW,420
senseless,0.32921695709228516,terrorist,1901-1930,CBOW,421
black_dans,0.32908323407173157,terrorist,1901-1930,CBOW,422
monarchist,0.3289777636528015,terrorist,1901-1930,CBOW,423
detailed,0.3289478123188019,terrorist,1901-1930,CBOW,424
king_boris,0.32892507314682007,terrorist,1901-1930,CBOW,425
soviet_union,0.32864657044410706,terrorist,1901-1930,CBOW,426
abhorrent,0.32849621772766113,terrorist,1901-1930,CBOW,427
scene,0.32817819714546204,terrorist,1901-1930,CBOW,428
become_acute,0.32805582880973816,terrorist,1901-1930,CBOW,429
insurgent,0.32804617285728455,terrorist,1901-1930,CBOW,430
inquest,0.32801660895347595,terrorist,1901-1930,CBOW,431
cooperate,0.32799598574638367,terrorist,1901-1930,CBOW,432
strong_enough,0.32793760299682617,terrorist,1901-1930,CBOW,433
red_guard,0.3277449309825897,terrorist,1901-1930,CBOW,434
culprit,0.32770058512687683,terrorist,1901-1930,CBOW,435
dublin_dig,0.32766273617744446,terrorist,1901-1930,CBOW,436
informant,0.3276122212409973,terrorist,1901-1930,CBOW,437
boycott,0.32718387246131897,terrorist,1901-1930,CBOW,438
accuser,0.3271835744380951,terrorist,1901-1930,CBOW,439
survivor,0.32703351974487305,terrorist,1901-1930,CBOW,440
military_dictatorship,0.3269002437591553,terrorist,1901-1930,CBOW,441
opposition,0.3267073333263397,terrorist,1901-1930,CBOW,442
gendarme,0.32666078209877014,terrorist,1901-1930,CBOW,443
seem_inevitable,0.32663145661354065,terrorist,1901-1930,CBOW,444
infamy,0.32618463039398193,terrorist,1901-1930,CBOW,445
delhi,0.32605233788490295,terrorist,1901-1930,CBOW,446
detachment,0.3260279893875122,terrorist,1901-1930,CBOW,447
tribunal,0.3257410526275635,terrorist,1901-1930,CBOW,448
jury_trial,0.3257043659687042,terrorist,1901-1930,CBOW,449
spy,0.32559359073638916,terrorist,1901-1930,CBOW,450
antifascist,0.32557442784309387,terrorist,1901-1930,CBOW,451
duplicity,0.32556381821632385,terrorist,1901-1930,CBOW,452
method_warfare,0.3253709375858307,terrorist,1901-1930,CBOW,453
formal_charge,0.32513126730918884,terrorist,1901-1930,CBOW,454
town_village,0.3249664306640625,terrorist,1901-1930,CBOW,455
gang,0.3247106373310089,terrorist,1901-1930,CBOW,456
barbarian,0.32450348138809204,terrorist,1901-1930,CBOW,457
counterfeit,0.32448652386665344,terrorist,1901-1930,CBOW,458
bridle,0.3239039480686188,terrorist,1901-1930,CBOW,459
camera,0.3238314688205719,terrorist,1901-1930,CBOW,460
dangerous,0.32368582487106323,terrorist,1901-1930,CBOW,461
inspire,0.3235425055027008,terrorist,1901-1930,CBOW,462
irregular,0.3235240876674652,terrorist,1901-1930,CBOW,463
disorganization,0.32330814003944397,terrorist,1901-1930,CBOW,464
incense,0.3232696056365967,terrorist,1901-1930,CBOW,465
despotic,0.32326024770736694,terrorist,1901-1930,CBOW,466
panic,0.32315075397491455,terrorist,1901-1930,CBOW,467
murder_robbery,0.32287976145744324,terrorist,1901-1930,CBOW,468
reveal,0.32280537486076355,terrorist,1901-1930,CBOW,469
attack,0.32275155186653137,terrorist,1901-1930,CBOW,470
starvation,0.32268664240837097,terrorist,1901-1930,CBOW,471
sixty,0.32264575362205505,terrorist,1901-1930,CBOW,472
slayer,0.32260194420814514,terrorist,1901-1930,CBOW,473
death_threat,0.32226136326789856,terrorist,1901-1930,CBOW,474
refuge,0.32220953702926636,terrorist,1901-1930,CBOW,475
denunciation,0.3222053647041321,terrorist,1901-1930,CBOW,476
kiev,0.3221297562122345,terrorist,1901-1930,CBOW,477
incident,0.32210293412208557,terrorist,1901-1930,CBOW,478
observer,0.32175272703170776,terrorist,1901-1930,CBOW,479
reich,0.32165417075157166,terrorist,1901-1930,CBOW,480
impatient,0.32146212458610535,terrorist,1901-1930,CBOW,481
assert,0.3210255801677704,terrorist,1901-1930,CBOW,482
menace,0.3209535479545593,terrorist,1901-1930,CBOW,483
wretched,0.3208372890949249,terrorist,1901-1930,CBOW,484
condemn_death,0.3208179175853729,terrorist,1901-1930,CBOW,485
aid_aet,0.3207227289676666,terrorist,1901-1930,CBOW,486
swift,0.3199942111968994,terrorist,1901-1930,CBOW,487
shield,0.3198292553424835,terrorist,1901-1930,CBOW,488
cold_blood,0.3197517991065979,terrorist,1901-1930,CBOW,489
workman_peasant,0.31971099972724915,terrorist,1901-1930,CBOW,490
revelation,0.3194946050643921,terrorist,1901-1930,CBOW,491
hunger_strike,0.319314181804657,terrorist,1901-1930,CBOW,492
root,0.3190755248069763,terrorist,1901-1930,CBOW,493
affiliated,0.3189365565776825,terrorist,1901-1930,CBOW,494
violent_method,0.3188490867614746,terrorist,1901-1930,CBOW,495
warsaw,0.3185422122478485,terrorist,1901-1930,CBOW,496
carry,0.3185300827026367,terrorist,1901-1930,CBOW,497
secret_agent,0.318488746881485,terrorist,1901-1930,CBOW,498
expose,0.31828582286834717,terrorist,1901-1930,CBOW,499
shrink,0.589587926864624,terrorist,1901-1930,SkipGram,1
vindication,0.5889217853546143,terrorist,1901-1930,SkipGram,2
slayer,0.5696170926094055,terrorist,1901-1930,SkipGram,3
culmination,0.5694050192832947,terrorist,1901-1930,SkipGram,4
political_opponent,0.5636833310127258,terrorist,1901-1930,SkipGram,5
assassination,0.5595530867576599,terrorist,1901-1930,SkipGram,6
night_rider,0.5583030581474304,terrorist,1901-1930,SkipGram,7
resorted,0.5573911070823669,terrorist,1901-1930,SkipGram,8
political_persecution,0.5559697151184082,terrorist,1901-1930,SkipGram,9
wholesale_murder,0.5549184083938599,terrorist,1901-1930,SkipGram,10
factory_worker,0.5528174638748169,terrorist,1901-1930,SkipGram,11
misdeed,0.5505915880203247,terrorist,1901-1930,SkipGram,12
callous,0.5470624566078186,terrorist,1901-1930,SkipGram,13
emissary,0.5469629764556885,terrorist,1901-1930,SkipGram,14
pillage,0.5462443232536316,terrorist,1901-1930,SkipGram,15
murder_robbery,0.5457688570022583,terrorist,1901-1930,SkipGram,16
parliamentary_election,0.5453990697860718,terrorist,1901-1930,SkipGram,17
perpetrate,0.5397252440452576,terrorist,1901-1930,SkipGram,18
inaugurate,0.5347567796707153,terrorist,1901-1930,SkipGram,19
unlawful_act,0.5323341488838196,terrorist,1901-1930,SkipGram,20
wickedness,0.5311753153800964,terrorist,1901-1930,SkipGram,21
violence,0.529211699962616,terrorist,1901-1930,SkipGram,22
instrumental,0.5288019180297852,terrorist,1901-1930,SkipGram,23
wholesale_execution,0.5232818722724915,terrorist,1901-1930,SkipGram,24
awakening,0.5205309987068176,terrorist,1901-1930,SkipGram,25
gendarme,0.520310640335083,terrorist,1901-1930,SkipGram,26
unheard,0.519951343536377,terrorist,1901-1930,SkipGram,27
isolate,0.5198445916175842,terrorist,1901-1930,SkipGram,28
terrorising,0.5197630524635315,terrorist,1901-1930,SkipGram,29
passive_resistance,0.5195185542106628,terrorist,1901-1930,SkipGram,30
unlawful_method,0.5180035829544067,terrorist,1901-1930,SkipGram,31
become_aware,0.5174935460090637,terrorist,1901-1930,SkipGram,32
violent_method,0.5166054964065552,terrorist,1901-1930,SkipGram,33
ruthlessness,0.515913724899292,terrorist,1901-1930,SkipGram,34
president_mckinley,0.5147150754928589,terrorist,1901-1930,SkipGram,35
solitary_confinement,0.514407217502594,terrorist,1901-1930,SkipGram,36
common_knowledge,0.5142377614974976,terrorist,1901-1930,SkipGram,37
guerrilla_warfare,0.5139828324317932,terrorist,1901-1930,SkipGram,38
killing,0.5136414170265198,terrorist,1901-1930,SkipGram,39
commit_act,0.5126020908355713,terrorist,1901-1930,SkipGram,40
armed_revolt,0.5125725269317627,terrorist,1901-1930,SkipGram,41
miners,0.51171875,terrorist,1901-1930,SkipGram,42
instigate,0.509784460067749,terrorist,1901-1930,SkipGram,43
intimidation,0.5097700357437134,terrorist,1901-1930,SkipGram,44
attempt_overthrow,0.5096607804298401,terrorist,1901-1930,SkipGram,45
chill,0.5093811750411987,terrorist,1901-1930,SkipGram,46
banishment,0.5081971883773804,terrorist,1901-1930,SkipGram,47
disgrace,0.5081935524940491,terrorist,1901-1930,SkipGram,48
regicide,0.5077123045921326,terrorist,1901-1930,SkipGram,49
citadel,0.5071651339530945,terrorist,1901-1930,SkipGram,50
rife,0.506629228591919,terrorist,1901-1930,SkipGram,51
recrudescence,0.505647599697113,terrorist,1901-1930,SkipGram,52
wholesale_arrest,0.5056326985359192,terrorist,1901-1930,SkipGram,53
ringleader,0.505114734172821,terrorist,1901-1930,SkipGram,54
indefinite,0.5043753981590271,terrorist,1901-1930,SkipGram,55
bulgar,0.5036511421203613,terrorist,1901-1930,SkipGram,56
secret_police,0.5032668113708496,terrorist,1901-1930,SkipGram,57
disorganization,0.5022422671318054,terrorist,1901-1930,SkipGram,58
instigation,0.5021555423736572,terrorist,1901-1930,SkipGram,59
statesmanship,0.5019212961196899,terrorist,1901-1930,SkipGram,60
net_result,0.5019081830978394,terrorist,1901-1930,SkipGram,61
survivor,0.5012158155441284,terrorist,1901-1930,SkipGram,62
primo,0.5008724331855774,terrorist,1901-1930,SkipGram,63
russian_revolutionist,0.5007772445678711,terrorist,1901-1930,SkipGram,64
reich,0.5002532005310059,terrorist,1901-1930,SkipGram,65
bomb_plot,0.5002094507217407,terrorist,1901-1930,SkipGram,66
vengeance,0.5002076029777527,terrorist,1901-1930,SkipGram,67
separatist_movement,0.4997868537902832,terrorist,1901-1930,SkipGram,68
blackmail,0.499671071767807,terrorist,1901-1930,SkipGram,69
polish_upper,0.49957430362701416,terrorist,1901-1930,SkipGram,70
terrorist_activity,0.49930721521377563,terrorist,1901-1930,SkipGram,71
camouflage,0.49676114320755005,terrorist,1901-1930,SkipGram,72
capital_punishment,0.4966657757759094,terrorist,1901-1930,SkipGram,73
method_employ,0.4965532720088959,terrorist,1901-1930,SkipGram,74
walsh,0.49626123905181885,terrorist,1901-1930,SkipGram,75
pitiless,0.4961952269077301,terrorist,1901-1930,SkipGram,76
ruse,0.4957135021686554,terrorist,1901-1930,SkipGram,77
falter,0.4956142008304596,terrorist,1901-1930,SkipGram,78
cowardly,0.49541062116622925,terrorist,1901-1930,SkipGram,79
implacable,0.4953347444534302,terrorist,1901-1930,SkipGram,80
abhorrent,0.4943857192993164,terrorist,1901-1930,SkipGram,81
artistic,0.49238336086273193,terrorist,1901-1930,SkipGram,82
trial_jury,0.4923318028450012,terrorist,1901-1930,SkipGram,83
destruction_property,0.49227961897850037,terrorist,1901-1930,SkipGram,84
sabotage,0.49180591106414795,terrorist,1901-1930,SkipGram,85
wicked,0.4914452135562897,terrorist,1901-1930,SkipGram,86
london_dig,0.4907224476337433,terrorist,1901-1930,SkipGram,87
consternation,0.4905318021774292,terrorist,1901-1930,SkipGram,88
latvia,0.49010294675827026,terrorist,1901-1930,SkipGram,89
vent,0.48935067653656006,terrorist,1901-1930,SkipGram,90
allege,0.48889103531837463,terrorist,1901-1930,SkipGram,91
extortion,0.4888732135295868,terrorist,1901-1930,SkipGram,92
lawless_element,0.48846304416656494,terrorist,1901-1930,SkipGram,93
armed_insurrection,0.48790422081947327,terrorist,1901-1930,SkipGram,94
soviet_union,0.487885057926178,terrorist,1901-1930,SkipGram,95
peaceable,0.4876388907432556,terrorist,1901-1930,SkipGram,96
intimidate,0.4875326454639435,terrorist,1901-1930,SkipGram,97
knife,0.4872485101222992,terrorist,1901-1930,SkipGram,98
social_revolutionist,0.4868704080581665,terrorist,1901-1930,SkipGram,99
outdo,0.48561790585517883,terrorist,1901-1930,SkipGram,100
cairo,0.48394379019737244,terrorist,1901-1930,SkipGram,101
formal_charge,0.48379072546958923,terrorist,1901-1930,SkipGram,102
vote_fraud,0.48318201303482056,terrorist,1901-1930,SkipGram,103
blandly,0.48157423734664917,terrorist,1901-1930,SkipGram,104
nihilism,0.4814293086528778,terrorist,1901-1930,SkipGram,105
become_evident,0.4812493920326233,terrorist,1901-1930,SkipGram,106
court_sentence,0.4800405204296112,terrorist,1901-1930,SkipGram,107
persecution,0.479028582572937,terrorist,1901-1930,SkipGram,108
prevalent,0.4785742163658142,terrorist,1901-1930,SkipGram,109
imminent_danger,0.4784400761127472,terrorist,1901-1930,SkipGram,110
overt_act,0.4781847596168518,terrorist,1901-1930,SkipGram,111
repression,0.4781251847743988,terrorist,1901-1930,SkipGram,112
affiliated,0.4780469536781311,terrorist,1901-1930,SkipGram,113
proscription,0.4780036211013794,terrorist,1901-1930,SkipGram,114
unwelcome,0.47731027007102966,terrorist,1901-1930,SkipGram,115
marauder,0.4765532612800598,terrorist,1901-1930,SkipGram,116
cloak,0.47638627886772156,terrorist,1901-1930,SkipGram,117
social_revolution,0.47597917914390564,terrorist,1901-1930,SkipGram,118
furtive,0.4758395254611969,terrorist,1901-1930,SkipGram,119
blood_flow,0.4758088290691376,terrorist,1901-1930,SkipGram,120
effectually,0.47577959299087524,terrorist,1901-1930,SkipGram,121
drunkenness,0.47562217712402344,terrorist,1901-1930,SkipGram,122
vitriol,0.47516509890556335,terrorist,1901-1930,SkipGram,123
slight_doubt,0.4746902585029602,terrorist,1901-1930,SkipGram,124
instigator,0.47464022040367126,terrorist,1901-1930,SkipGram,125
military_dictatorship,0.474032461643219,terrorist,1901-1930,SkipGram,126
associates,0.47324323654174805,terrorist,1901-1930,SkipGram,127
doom,0.4730944037437439,terrorist,1901-1930,SkipGram,128
setback,0.47308820486068726,terrorist,1901-1930,SkipGram,129
systematic,0.47301623225212097,terrorist,1901-1930,SkipGram,130
merciless,0.4723355770111084,terrorist,1901-1930,SkipGram,131
ruthless,0.4719547927379608,terrorist,1901-1930,SkipGram,132
hiding,0.47134920954704285,terrorist,1901-1930,SkipGram,133
prey,0.4711158871650696,terrorist,1901-1930,SkipGram,134
communist_propaganda,0.47074317932128906,terrorist,1901-1930,SkipGram,135
charge_conspire,0.47010451555252075,terrorist,1901-1930,SkipGram,136
boldness,0.4696001410484314,terrorist,1901-1930,SkipGram,137
revolutionist,0.46863895654678345,terrorist,1901-1930,SkipGram,138
bombing,0.468563437461853,terrorist,1901-1930,SkipGram,139
concealment,0.46840256452560425,terrorist,1901-1930,SkipGram,140
consciously,0.4682147204875946,terrorist,1901-1930,SkipGram,141
extortionist,0.46796783804893494,terrorist,1901-1930,SkipGram,142
workman_peasant,0.4676007926464081,terrorist,1901-1930,SkipGram,143
arson,0.46753039956092834,terrorist,1901-1930,SkipGram,144
derision,0.46730995178222656,terrorist,1901-1930,SkipGram,145
nikolai,0.46707290410995483,terrorist,1901-1930,SkipGram,146
van,0.4655899107456207,terrorist,1901-1930,SkipGram,147
remnant,0.46520599722862244,terrorist,1901-1930,SkipGram,148
outrageous,0.46476680040359497,terrorist,1901-1930,SkipGram,149
superior_officer,0.4645450711250305,terrorist,1901-1930,SkipGram,150
despot,0.4644348621368408,terrorist,1901-1930,SkipGram,151
outrage,0.4641337990760803,terrorist,1901-1930,SkipGram,152
stealth,0.46366581320762634,terrorist,1901-1930,SkipGram,153
plug,0.4636536240577698,terrorist,1901-1930,SkipGram,154
derogation,0.4635069966316223,terrorist,1901-1930,SkipGram,155
refuse_recognize,0.4634062349796295,terrorist,1901-1930,SkipGram,156
unearth,0.46338382363319397,terrorist,1901-1930,SkipGram,157
socialists_communist,0.4630616009235382,terrorist,1901-1930,SkipGram,158
futility,0.4627362787723541,terrorist,1901-1930,SkipGram,159
wane,0.4621948301792145,terrorist,1901-1930,SkipGram,160
become_acute,0.46214747428894043,terrorist,1901-1930,SkipGram,161
opposed,0.46188461780548096,terrorist,1901-1930,SkipGram,162
insolent,0.46113213896751404,terrorist,1901-1930,SkipGram,163
terrorise,0.46089738607406616,terrorist,1901-1930,SkipGram,164
tolerable,0.46081045269966125,terrorist,1901-1930,SkipGram,165
systematic_campaign,0.4605017900466919,terrorist,1901-1930,SkipGram,166
melancholy,0.4603174030780792,terrorist,1901-1930,SkipGram,167
neighboring_village,0.46022072434425354,terrorist,1901-1930,SkipGram,168
freeman_journal,0.4597584009170532,terrorist,1901-1930,SkipGram,169
turbulent,0.4596576392650604,terrorist,1901-1930,SkipGram,170
counterrevolutionary_activity,0.45951101183891296,terrorist,1901-1930,SkipGram,171
shotgun,0.4594094455242157,terrorist,1901-1930,SkipGram,172
shoot_death,0.45940083265304565,terrorist,1901-1930,SkipGram,173
aid_aet,0.45933330059051514,terrorist,1901-1930,SkipGram,174
habitually,0.45820537209510803,terrorist,1901-1930,SkipGram,175
accentuate,0.4581867754459381,terrorist,1901-1930,SkipGram,176
looting,0.457711398601532,terrorist,1901-1930,SkipGram,177
despotic,0.45743393898010254,terrorist,1901-1930,SkipGram,178
inner_circle,0.45716825127601624,terrorist,1901-1930,SkipGram,179
senseless,0.4558860659599304,terrorist,1901-1930,SkipGram,180
infamous,0.4553244113922119,terrorist,1901-1930,SkipGram,181
magician,0.45492297410964966,terrorist,1901-1930,SkipGram,182
seem_inevitable,0.4544564485549927,terrorist,1901-1930,SkipGram,183
robbery,0.4540656805038452,terrorist,1901-1930,SkipGram,184
disrepute,0.45401155948638916,terrorist,1901-1930,SkipGram,185
wholesale,0.45398494601249695,terrorist,1901-1930,SkipGram,186
brutal,0.4537099301815033,terrorist,1901-1930,SkipGram,187
defied,0.4536241292953491,terrorist,1901-1930,SkipGram,188
germany_austria,0.4535801112651825,terrorist,1901-1930,SkipGram,189
accomplished,0.45331549644470215,terrorist,1901-1930,SkipGram,190
brutally,0.4532395899295807,terrorist,1901-1930,SkipGram,191
suffragette,0.45295777916908264,terrorist,1901-1930,SkipGram,192
veritable,0.45275843143463135,terrorist,1901-1930,SkipGram,193
noblemen,0.45270299911499023,terrorist,1901-1930,SkipGram,194
perpetuate,0.45252662897109985,terrorist,1901-1930,SkipGram,195
incessant,0.4521716833114624,terrorist,1901-1930,SkipGram,196
inhuman,0.45206621289253235,terrorist,1901-1930,SkipGram,197
hold_sway,0.45200443267822266,terrorist,1901-1930,SkipGram,198
incense,0.45195165276527405,terrorist,1901-1930,SkipGram,199
countless,0.4519391357898712,terrorist,1901-1930,SkipGram,200
indictment_charge,0.4516634941101074,terrorist,1901-1930,SkipGram,201
overpower,0.4513145387172699,terrorist,1901-1930,SkipGram,202
anal,0.4510752856731415,terrorist,1901-1930,SkipGram,203
communist_regime,0.45105069875717163,terrorist,1901-1930,SkipGram,204
give_detail,0.4510313868522644,terrorist,1901-1930,SkipGram,205
manage_escape,0.45068418979644775,terrorist,1901-1930,SkipGram,206
inquest,0.45059624314308167,terrorist,1901-1930,SkipGram,207
within_rank,0.45032796263694763,terrorist,1901-1930,SkipGram,208
antifascist,0.44972723722457886,terrorist,1901-1930,SkipGram,209
arrow,0.4496348798274994,terrorist,1901-1930,SkipGram,210
sanguinary,0.4495413601398468,terrorist,1901-1930,SkipGram,211
instill,0.4490312337875366,terrorist,1901-1930,SkipGram,212
reprieve,0.4487384259700775,terrorist,1901-1930,SkipGram,213
crueltie,0.4487028121948242,terrorist,1901-1930,SkipGram,214
fifteenth_amendment,0.44848117232322693,terrorist,1901-1930,SkipGram,215
eyewitness,0.44816210865974426,terrorist,1901-1930,SkipGram,216
wanton_destruction,0.44809794425964355,terrorist,1901-1930,SkipGram,217
rioting,0.4474417567253113,terrorist,1901-1930,SkipGram,218
demand_resignation,0.44743484258651733,terrorist,1901-1930,SkipGram,219
stampede,0.44720780849456787,terrorist,1901-1930,SkipGram,220
threat,0.44705700874328613,terrorist,1901-1930,SkipGram,221
smuggler,0.4469718039035797,terrorist,1901-1930,SkipGram,222
civilized_world,0.4466702938079834,terrorist,1901-1930,SkipGram,223
white_supremacy,0.44663113355636597,terrorist,1901-1930,SkipGram,224
atrocious,0.4465867877006531,terrorist,1901-1930,SkipGram,225
militarist,0.4465530514717102,terrorist,1901-1930,SkipGram,226
adherent,0.44653213024139404,terrorist,1901-1930,SkipGram,227
bomb_explosion,0.4464137554168701,terrorist,1901-1930,SkipGram,228
spectacular,0.4460521638393402,terrorist,1901-1930,SkipGram,229
disguise,0.4459317922592163,terrorist,1901-1930,SkipGram,230
populace,0.4458930492401123,terrorist,1901-1930,SkipGram,231
undeservedly,0.44564104080200195,terrorist,1901-1930,SkipGram,232
po_lice,0.4456343650817871,terrorist,1901-1930,SkipGram,233
wildest,0.44541382789611816,terrorist,1901-1930,SkipGram,234
workers,0.44524267315864563,terrorist,1901-1930,SkipGram,235
boycott,0.445003479719162,terrorist,1901-1930,SkipGram,236
onslaught,0.44477415084838867,terrorist,1901-1930,SkipGram,237
dead_wound,0.4445641040802002,terrorist,1901-1930,SkipGram,238
agent_provocateur,0.44449204206466675,terrorist,1901-1930,SkipGram,239
directly_indirectly,0.44434690475463867,terrorist,1901-1930,SkipGram,240
flogging,0.44413280487060547,terrorist,1901-1930,SkipGram,241
forgery,0.4437524378299713,terrorist,1901-1930,SkipGram,242
wretched,0.4433833360671997,terrorist,1901-1930,SkipGram,243
desperate,0.44277524948120117,terrorist,1901-1930,SkipGram,244
insinuate,0.4425349831581116,terrorist,1901-1930,SkipGram,245
popular_indignation,0.4420728385448456,terrorist,1901-1930,SkipGram,246
optimistic,0.4419773817062378,terrorist,1901-1930,SkipGram,247
town_village,0.4415917694568634,terrorist,1901-1930,SkipGram,248
terrorism,0.4414847791194916,terrorist,1901-1930,SkipGram,249
mobs,0.44135111570358276,terrorist,1901-1930,SkipGram,250
inevitably,0.44127514958381653,terrorist,1901-1930,SkipGram,251
betrayal,0.44082486629486084,terrorist,1901-1930,SkipGram,252
commit_murder,0.44070181250572205,terrorist,1901-1930,SkipGram,253
belonging,0.4404858648777008,terrorist,1901-1930,SkipGram,254
fascists,0.44048169255256653,terrorist,1901-1930,SkipGram,255
hinder,0.4399111568927765,terrorist,1901-1930,SkipGram,256
whim,0.43980348110198975,terrorist,1901-1930,SkipGram,257
voting,0.4394795000553131,terrorist,1901-1930,SkipGram,258
outlaw,0.4394446015357971,terrorist,1901-1930,SkipGram,259
scare,0.43942123651504517,terrorist,1901-1930,SkipGram,260
ceaseless,0.4393458366394043,terrorist,1901-1930,SkipGram,261
sermon,0.4393189251422882,terrorist,1901-1930,SkipGram,262
prove_successful,0.4393172860145569,terrorist,1901-1930,SkipGram,263
mccarthy,0.43917378783226013,terrorist,1901-1930,SkipGram,264
outskirt,0.4389938414096832,terrorist,1901-1930,SkipGram,265
proquest_historical_italian,0.4388405978679657,terrorist,1901-1930,SkipGram,266
brigandage,0.4388226568698883,terrorist,1901-1930,SkipGram,267
baleful,0.43864116072654724,terrorist,1901-1930,SkipGram,268
dreadful,0.4385991096496582,terrorist,1901-1930,SkipGram,269
infamy,0.4385495185852051,terrorist,1901-1930,SkipGram,270
socialist_revolutionary,0.43832892179489136,terrorist,1901-1930,SkipGram,271
bold,0.4383136034011841,terrorist,1901-1930,SkipGram,272
ruffian,0.4382895231246948,terrorist,1901-1930,SkipGram,273
act_violence,0.43826812505722046,terrorist,1901-1930,SkipGram,274
arrogance,0.43797025084495544,terrorist,1901-1930,SkipGram,275
barbarian,0.43784958124160767,terrorist,1901-1930,SkipGram,276
bitter_resentment,0.4378202259540558,terrorist,1901-1930,SkipGram,277
cast_ballot,0.43761885166168213,terrorist,1901-1930,SkipGram,278
undemocratic,0.4373630881309509,terrorist,1901-1930,SkipGram,279
false_pretense,0.43712419271469116,terrorist,1901-1930,SkipGram,280
popular_movement,0.4371234178543091,terrorist,1901-1930,SkipGram,281
participant,0.4371040463447571,terrorist,1901-1930,SkipGram,282
fine_imprisonment,0.4371027648448944,terrorist,1901-1930,SkipGram,283
adopt_resolution,0.43700382113456726,terrorist,1901-1930,SkipGram,284
monarchist,0.4368078112602234,terrorist,1901-1930,SkipGram,285
upper_class,0.43670958280563354,terrorist,1901-1930,SkipGram,286
crime_commit,0.4366622269153595,terrorist,1901-1930,SkipGram,287
retaliation,0.4366310238838196,terrorist,1901-1930,SkipGram,288
uncover,0.4365549385547638,terrorist,1901-1930,SkipGram,289
kun,0.43638402223587036,terrorist,1901-1930,SkipGram,290
punitive_expedition,0.436305433511734,terrorist,1901-1930,SkipGram,291
twentieth_hard,0.43615463376045227,terrorist,1901-1930,SkipGram,292
stun,0.4361444115638733,terrorist,1901-1930,SkipGram,293
nearer,0.4361177086830139,terrorist,1901-1930,SkipGram,294
mute,0.43608251214027405,terrorist,1901-1930,SkipGram,295
rebellious,0.436023473739624,terrorist,1901-1930,SkipGram,296
grate,0.43563854694366455,terrorist,1901-1930,SkipGram,297
uprising,0.43548014760017395,terrorist,1901-1930,SkipGram,298
enmity,0.43542736768722534,terrorist,1901-1930,SkipGram,299
giant,0.4354095160961151,terrorist,1901-1930,SkipGram,300
twenty_person,0.43528929352760315,terrorist,1901-1930,SkipGram,301
inactive,0.4352233111858368,terrorist,1901-1930,SkipGram,302
provocative,0.4352176785469055,terrorist,1901-1930,SkipGram,303
organize,0.43509694933891296,terrorist,1901-1930,SkipGram,304
chieftain,0.4347785413265228,terrorist,1901-1930,SkipGram,305
indianapolis,0.43477216362953186,terrorist,1901-1930,SkipGram,306
information_obtain,0.43474581837654114,terrorist,1901-1930,SkipGram,307
consuls,0.4347420632839203,terrorist,1901-1930,SkipGram,308
iron_hand,0.4346517324447632,terrorist,1901-1930,SkipGram,309
irish_republicans,0.43449386954307556,terrorist,1901-1930,SkipGram,310
grand_jury_inquiry,0.434446781873703,terrorist,1901-1930,SkipGram,311
bloody,0.43443137407302856,terrorist,1901-1930,SkipGram,312
religious_racial,0.43437209725379944,terrorist,1901-1930,SkipGram,313
practise,0.4341973066329956,terrorist,1901-1930,SkipGram,314
collective_bargaining,0.4341850280761719,terrorist,1901-1930,SkipGram,315
labor_leader,0.4341486692428589,terrorist,1901-1930,SkipGram,316
intensity,0.4336174726486206,terrorist,1901-1930,SkipGram,317
unarmed,0.4335768520832062,terrorist,1901-1930,SkipGram,318
countryside,0.4333672821521759,terrorist,1901-1930,SkipGram,319
subvert,0.43328624963760376,terrorist,1901-1930,SkipGram,320
mere_fact,0.43328434228897095,terrorist,1901-1930,SkipGram,321
presumption,0.4331806004047394,terrorist,1901-1930,SkipGram,322
thank_god,0.4329259395599365,terrorist,1901-1930,SkipGram,323
police_headquarter,0.43278419971466064,terrorist,1901-1930,SkipGram,324
attempt_murder,0.4326664209365845,terrorist,1901-1930,SkipGram,325
political_prisoner,0.4326058328151703,terrorist,1901-1930,SkipGram,326
point_bayonet,0.4324786067008972,terrorist,1901-1930,SkipGram,327
cool,0.43244320154190063,terrorist,1901-1930,SkipGram,328
indulge,0.4324378967285156,terrorist,1901-1930,SkipGram,329
hireling,0.4322385787963867,terrorist,1901-1930,SkipGram,330
anarchists,0.4321671724319458,terrorist,1901-1930,SkipGram,331
criminal_element,0.4318251311779022,terrorist,1901-1930,SkipGram,332
protestant_catholic,0.4313439726829529,terrorist,1901-1930,SkipGram,333
terror,0.43131402134895325,terrorist,1901-1930,SkipGram,334
unionism,0.43124881386756897,terrorist,1901-1930,SkipGram,335
offer_reward,0.4306485652923584,terrorist,1901-1930,SkipGram,336
secret_agent,0.4306071102619171,terrorist,1901-1930,SkipGram,337
express_belief,0.43034324049949646,terrorist,1901-1930,SkipGram,338
audacity,0.4302714467048645,terrorist,1901-1930,SkipGram,339
adversary,0.43013522028923035,terrorist,1901-1930,SkipGram,340
relinquish,0.43004584312438965,terrorist,1901-1930,SkipGram,341
imperialistic,0.4300239086151123,terrorist,1901-1930,SkipGram,342
peak,0.4295002520084381,terrorist,1901-1930,SkipGram,343
storm_protest,0.4294649362564087,terrorist,1901-1930,SkipGram,344
russian_revolutionists,0.42921870946884155,terrorist,1901-1930,SkipGram,345
provocateur,0.4291357100009918,terrorist,1901-1930,SkipGram,346
collision,0.42909032106399536,terrorist,1901-1930,SkipGram,347
editorially,0.42876923084259033,terrorist,1901-1930,SkipGram,348
elias,0.42858555912971497,terrorist,1901-1930,SkipGram,349
continue_age,0.4284982979297638,terrorist,1901-1930,SkipGram,350
arbiter,0.4284838140010834,terrorist,1901-1930,SkipGram,351
express_sympathy,0.4280199110507965,terrorist,1901-1930,SkipGram,352
bane,0.42800307273864746,terrorist,1901-1930,SkipGram,353
serve_prison,0.42782920598983765,terrorist,1901-1930,SkipGram,354
tangible,0.4277712106704712,terrorist,1901-1930,SkipGram,355
reluctantly,0.4277009963989258,terrorist,1901-1930,SkipGram,356
ruthlessly,0.42764899134635925,terrorist,1901-1930,SkipGram,357
informer,0.42755377292633057,terrorist,1901-1930,SkipGram,358
condemn,0.42730605602264404,terrorist,1901-1930,SkipGram,359
animate,0.4269053339958191,terrorist,1901-1930,SkipGram,360
slum,0.4268123507499695,terrorist,1901-1930,SkipGram,361
death_threat,0.42679786682128906,terrorist,1901-1930,SkipGram,362
illegally,0.42675942182540894,terrorist,1901-1930,SkipGram,363
senator_lenten,0.4267440736293793,terrorist,1901-1930,SkipGram,364
union_square,0.4266734719276428,terrorist,1901-1930,SkipGram,365
semblance,0.4266625940799713,terrorist,1901-1930,SkipGram,366
exterminate,0.42625609040260315,terrorist,1901-1930,SkipGram,367
random,0.42622461915016174,terrorist,1901-1930,SkipGram,368
dublin_dig,0.42606303095817566,terrorist,1901-1930,SkipGram,369
perpetrator_outrage,0.42559897899627686,terrorist,1901-1930,SkipGram,370
bridle,0.42559126019477844,terrorist,1901-1930,SkipGram,371
threaten_resign,0.4254409968852997,terrorist,1901-1930,SkipGram,372
hooded,0.4252212345600128,terrorist,1901-1930,SkipGram,373
moines,0.42502516508102417,terrorist,1901-1930,SkipGram,374
inertia,0.4247102737426758,terrorist,1901-1930,SkipGram,375
severe_punishment,0.4246407151222229,terrorist,1901-1930,SkipGram,376
sweeping,0.4245436489582062,terrorist,1901-1930,SkipGram,377
planned,0.4244648814201355,terrorist,1901-1930,SkipGram,378
criminal_activity,0.4244216978549957,terrorist,1901-1930,SkipGram,379
cathedral_outrage,0.4243932068347931,terrorist,1901-1930,SkipGram,380
gospel,0.42428508400917053,terrorist,1901-1930,SkipGram,381
civilian_population,0.42409560084342957,terrorist,1901-1930,SkipGram,382
solidarity,0.4239320456981659,terrorist,1901-1930,SkipGram,383
bolshevik,0.42385026812553406,terrorist,1901-1930,SkipGram,384
arrest_connection,0.42360374331474304,terrorist,1901-1930,SkipGram,385
republicanism,0.42359447479248047,terrorist,1901-1930,SkipGram,386
defiant,0.42351868748664856,terrorist,1901-1930,SkipGram,387
impunity,0.4232783019542694,terrorist,1901-1930,SkipGram,388
storekeeper,0.4232523441314697,terrorist,1901-1930,SkipGram,389
aver,0.4231615364551544,terrorist,1901-1930,SkipGram,390
garrisons,0.42315569519996643,terrorist,1901-1930,SkipGram,391
oppression,0.4231398403644562,terrorist,1901-1930,SkipGram,392
preparatory,0.4229964315891266,terrorist,1901-1930,SkipGram,393
propagate,0.4228610396385193,terrorist,1901-1930,SkipGram,394
ounce,0.4228084981441498,terrorist,1901-1930,SkipGram,395
loyalist,0.4227936565876007,terrorist,1901-1930,SkipGram,396
inevitable_result,0.42265865206718445,terrorist,1901-1930,SkipGram,397
guest,0.42247188091278076,terrorist,1901-1930,SkipGram,398
void,0.4224091172218323,terrorist,1901-1930,SkipGram,399
bloody_twentieth,0.42223769426345825,terrorist,1901-1930,SkipGram,400
hoodlum,0.4220474362373352,terrorist,1901-1930,SkipGram,401
irritation,0.42192187905311584,terrorist,1901-1930,SkipGram,402
sur_render,0.4217635691165924,terrorist,1901-1930,SkipGram,403
clutch,0.42155009508132935,terrorist,1901-1930,SkipGram,404
unemployed,0.42146942019462585,terrorist,1901-1930,SkipGram,405
defensive,0.42146560549736023,terrorist,1901-1930,SkipGram,406
militant,0.42118579149246216,terrorist,1901-1930,SkipGram,407
indiscriminately,0.4211394190788269,terrorist,1901-1930,SkipGram,408
progress_toward,0.42096251249313354,terrorist,1901-1930,SkipGram,409
sentry,0.42086195945739746,terrorist,1901-1930,SkipGram,410
persian_frontier,0.4208603799343109,terrorist,1901-1930,SkipGram,411
field_marshal,0.4207007884979248,terrorist,1901-1930,SkipGram,412
indescribable,0.42057278752326965,terrorist,1901-1930,SkipGram,413
late_night,0.420552134513855,terrorist,1901-1930,SkipGram,414
mutinous,0.42050331830978394,terrorist,1901-1930,SkipGram,415
counterrevolution,0.42049965262413025,terrorist,1901-1930,SkipGram,416
doubly,0.42042526602745056,terrorist,1901-1930,SkipGram,417
unrestricted,0.4202325642108917,terrorist,1901-1930,SkipGram,418
method_warfare,0.42010700702667236,terrorist,1901-1930,SkipGram,419
hangman,0.42008131742477417,terrorist,1901-1930,SkipGram,420
readiness,0.42004793882369995,terrorist,1901-1930,SkipGram,421
jury_trial,0.41961315274238586,terrorist,1901-1930,SkipGram,422
quest,0.41943544149398804,terrorist,1901-1930,SkipGram,423
pronounce,0.41941937804222107,terrorist,1901-1930,SkipGram,424
compulsion,0.41938841342926025,terrorist,1901-1930,SkipGram,425
governor_ellen,0.41929829120635986,terrorist,1901-1930,SkipGram,426
premeditate,0.419147253036499,terrorist,1901-1930,SkipGram,427
depredation,0.4191409945487976,terrorist,1901-1930,SkipGram,428
relentless,0.41896572709083557,terrorist,1901-1930,SkipGram,429
bloodshe,0.4189646244049072,terrorist,1901-1930,SkipGram,430
cold_blood,0.4188399016857147,terrorist,1901-1930,SkipGram,431
crush,0.4187251627445221,terrorist,1901-1930,SkipGram,432
headway,0.41867727041244507,terrorist,1901-1930,SkipGram,433
oust,0.4185384511947632,terrorist,1901-1930,SkipGram,434
anticipation,0.4184575080871582,terrorist,1901-1930,SkipGram,435
bourgeoisie,0.41830167174339294,terrorist,1901-1930,SkipGram,436
racketeering,0.41822025179862976,terrorist,1901-1930,SkipGram,437
vacillate,0.4181377589702606,terrorist,1901-1930,SkipGram,438
grand_jury_investigation,0.4181020259857178,terrorist,1901-1930,SkipGram,439
workmen_council,0.41792967915534973,terrorist,1901-1930,SkipGram,440
attempt_assassination,0.4178067743778229,terrorist,1901-1930,SkipGram,441
insidious,0.41770288348197937,terrorist,1901-1930,SkipGram,442
legation,0.4176512658596039,terrorist,1901-1930,SkipGram,443
small_minority,0.41764935851097107,terrorist,1901-1930,SkipGram,444
worker_peasant,0.41763442754745483,terrorist,1901-1930,SkipGram,445
comb,0.4176226258277893,terrorist,1901-1930,SkipGram,446
revival,0.41752704977989197,terrorist,1901-1930,SkipGram,447
unrestrained,0.41751453280448914,terrorist,1901-1930,SkipGram,448
german_citizen,0.41750431060791016,terrorist,1901-1930,SkipGram,449
tyranny,0.4173358976840973,terrorist,1901-1930,SkipGram,450
confiscation_property,0.41732972860336304,terrorist,1901-1930,SkipGram,451
kiev,0.4172355532646179,terrorist,1901-1930,SkipGram,452
civil_disobedience,0.4171634316444397,terrorist,1901-1930,SkipGram,453
reign_terror,0.41694581508636475,terrorist,1901-1930,SkipGram,454
supplant,0.41681376099586487,terrorist,1901-1930,SkipGram,455
rabbi,0.41675126552581787,terrorist,1901-1930,SkipGram,456
death_penalty,0.4167145788669586,terrorist,1901-1930,SkipGram,457
treason,0.4166927933692932,terrorist,1901-1930,SkipGram,458
hare,0.41663873195648193,terrorist,1901-1930,SkipGram,459
daily_chronicle,0.4165697693824768,terrorist,1901-1930,SkipGram,460
hood,0.4164424240589142,terrorist,1901-1930,SkipGram,461
needle_trade,0.4162067174911499,terrorist,1901-1930,SkipGram,462
indulged,0.4160861670970917,terrorist,1901-1930,SkipGram,463
continual,0.4160299599170685,terrorist,1901-1930,SkipGram,464
hopeless,0.4158625602722168,terrorist,1901-1930,SkipGram,465
imprisonment,0.41546961665153503,terrorist,1901-1930,SkipGram,466
feeling,0.41541242599487305,terrorist,1901-1930,SkipGram,467
industrial_worker,0.4153425693511963,terrorist,1901-1930,SkipGram,468
murderous,0.4150557219982147,terrorist,1901-1930,SkipGram,469
adjutant_general,0.415052592754364,terrorist,1901-1930,SkipGram,470
antisemitic,0.4149136245250702,terrorist,1901-1930,SkipGram,471
mercenary,0.41480109095573425,terrorist,1901-1930,SkipGram,472
frisco,0.41478270292282104,terrorist,1901-1930,SkipGram,473
special_attention,0.41473039984703064,terrorist,1901-1930,SkipGram,474
civil_war,0.4143988788127899,terrorist,1901-1930,SkipGram,475
dose,0.41409677267074585,terrorist,1901-1930,SkipGram,476
futile,0.41408219933509827,terrorist,1901-1930,SkipGram,477
social_justice,0.4140590727329254,terrorist,1901-1930,SkipGram,478
depose,0.4138992726802826,terrorist,1901-1930,SkipGram,479
vanquish,0.4138547480106354,terrorist,1901-1930,SkipGram,480
banish,0.4138064980506897,terrorist,1901-1930,SkipGram,481
serfdom,0.41370514035224915,terrorist,1901-1930,SkipGram,482
liquor_traffic,0.41366812586784363,terrorist,1901-1930,SkipGram,483
social_democratic,0.41364598274230957,terrorist,1901-1930,SkipGram,484
aggression,0.41361817717552185,terrorist,1901-1930,SkipGram,485
coup_etat,0.4136100113391876,terrorist,1901-1930,SkipGram,486
furious,0.41357192397117615,terrorist,1901-1930,SkipGram,487
tiller,0.4135219156742096,terrorist,1901-1930,SkipGram,488
ruffians,0.4134254455566406,terrorist,1901-1930,SkipGram,489
adopt,0.41339242458343506,terrorist,1901-1930,SkipGram,490
retaliate,0.41323837637901306,terrorist,1901-1930,SkipGram,491
len,0.4131566882133484,terrorist,1901-1930,SkipGram,492
westward,0.41289573907852173,terrorist,1901-1930,SkipGram,493
extermination,0.41284313797950745,terrorist,1901-1930,SkipGram,494
reiterate,0.41273289918899536,terrorist,1901-1930,SkipGram,495
flare,0.41268280148506165,terrorist,1901-1930,SkipGram,496
dig_grave,0.4126747250556946,terrorist,1901-1930,SkipGram,497
federate,0.4126603603363037,terrorist,1901-1930,SkipGram,498
nazis,0.6948573589324951,terrorism,1931-1950,CBOW,1
bombing,0.6780061721801758,terrorism,1931-1950,CBOW,2
jews,0.6580198407173157,terrorism,1931-1950,CBOW,3
reich,0.6187967658042908,terrorism,1931-1950,CBOW,4
leftist,0.6147419810295105,terrorism,1931-1950,CBOW,5
zionist,0.613508403301239,terrorism,1931-1950,CBOW,6
nazi,0.6110044121742249,terrorism,1931-1950,CBOW,7
riot,0.6062473058700562,terrorism,1931-1950,CBOW,8
klan,0.6004742383956909,terrorism,1931-1950,CBOW,9
zionism,0.5996856689453125,terrorism,1931-1950,CBOW,10
terror,0.5922906994819641,terrorism,1931-1950,CBOW,11
malaya,0.5866271257400513,terrorism,1931-1950,CBOW,12
outlaws,0.582217276096344,terrorism,1931-1950,CBOW,13
issue_manifesto,0.5770499110221863,terrorism,1931-1950,CBOW,14
spain,0.5720158219337463,terrorism,1931-1950,CBOW,15
pact,0.5701116919517517,terrorism,1931-1950,CBOW,16
deportation,0.5684862732887268,terrorism,1931-1950,CBOW,17
plotter,0.5676198601722717,terrorism,1931-1950,CBOW,18
arabs,0.5642606019973755,terrorism,1931-1950,CBOW,19
holy_war,0.5620763301849365,terrorism,1931-1950,CBOW,20
reign_terror,0.5607391595840454,terrorism,1931-1950,CBOW,21
assail,0.557023823261261,terrorism,1931-1950,CBOW,22
berne_switzerland,0.5546393394470215,terrorism,1931-1950,CBOW,23
jews_palestine,0.5526006817817688,terrorism,1931-1950,CBOW,24
riots,0.5504846572875977,terrorism,1931-1950,CBOW,25
depose,0.5490233302116394,terrorism,1931-1950,CBOW,26
slain,0.5476983189582825,terrorism,1931-1950,CBOW,27
erroneous,0.5450391173362732,terrorism,1931-1950,CBOW,28
agitation,0.5431308746337891,terrorism,1931-1950,CBOW,29
zionists,0.5406767725944519,terrorism,1931-1950,CBOW,30
claim_credit,0.5377846956253052,terrorism,1931-1950,CBOW,31
killing,0.5371571183204651,terrorism,1931-1950,CBOW,32
consulate,0.5365989208221436,terrorism,1931-1950,CBOW,33
rome,0.5364890098571777,terrorism,1931-1950,CBOW,34
electoral_campaign,0.5363800525665283,terrorism,1931-1950,CBOW,35
seizure,0.5352969765663147,terrorism,1931-1950,CBOW,36
stockholm_sweden,0.5352789163589478,terrorism,1931-1950,CBOW,37
lima_peru,0.5337151885032654,terrorism,1931-1950,CBOW,38
ted,0.5317651629447937,terrorism,1931-1950,CBOW,39
eden,0.5287152528762817,terrorism,1931-1950,CBOW,40
foe,0.5285117626190186,terrorism,1931-1950,CBOW,41
telephone,0.5270178318023682,terrorism,1931-1950,CBOW,42
postelection,0.5265662670135498,terrorism,1931-1950,CBOW,43
oust,0.5264992713928223,terrorism,1931-1950,CBOW,44
hague,0.525354266166687,terrorism,1931-1950,CBOW,45
links,0.5249741673469543,terrorism,1931-1950,CBOW,46
unionist_militia,0.5246061682701111,terrorism,1931-1950,CBOW,47
watch_closely,0.5240804553031921,terrorism,1931-1950,CBOW,48
chiefs,0.5220058560371399,terrorism,1931-1950,CBOW,49
terrorize,0.5213704109191895,terrorism,1931-1950,CBOW,50
bombay_india,0.5208398103713989,terrorism,1931-1950,CBOW,51
yugoslavia,0.5206066966056824,terrorism,1931-1950,CBOW,52
sydney,0.5197084546089172,terrorism,1931-1950,CBOW,53
argentine,0.51861971616745,terrorism,1931-1950,CBOW,54
web,0.5175845623016357,terrorism,1931-1950,CBOW,55
overture,0.5158020853996277,terrorism,1931-1950,CBOW,56
lech,0.5155368447303772,terrorism,1931-1950,CBOW,57
clifton_daniel_special_times,0.5146328210830688,terrorism,1931-1950,CBOW,58
hitler,0.5146234035491943,terrorism,1931-1950,CBOW,59
exodus,0.5099132657051086,terrorism,1931-1950,CBOW,60
formal_protest,0.5095041394233704,terrorism,1931-1950,CBOW,61
score,0.5081757307052612,terrorism,1931-1950,CBOW,62
truman,0.5081611275672913,terrorism,1931-1950,CBOW,63
coup,0.5077970623970032,terrorism,1931-1950,CBOW,64
unionist_revisionist,0.5064469575881958,terrorism,1931-1950,CBOW,65
misrule,0.5040540099143982,terrorism,1931-1950,CBOW,66
catholics,0.5038917660713196,terrorism,1931-1950,CBOW,67
instigate,0.5038172006607056,terrorism,1931-1950,CBOW,68
sympathizer,0.5035504102706909,terrorism,1931-1950,CBOW,69
sob,0.5021877884864807,terrorism,1931-1950,CBOW,70
walkout,0.5020313262939453,terrorism,1931-1950,CBOW,71
clifton_daniel_special,0.5011318922042847,terrorism,1931-1950,CBOW,72
plot_overthrow,0.5005022883415222,terrorism,1931-1950,CBOW,73
talks,0.4989776015281677,terrorism,1931-1950,CBOW,74
issue_proclamation,0.49885493516921997,terrorism,1931-1950,CBOW,75
cleanup,0.4971030652523041,terrorism,1931-1950,CBOW,76
meetings,0.49567675590515137,terrorism,1931-1950,CBOW,77
ban,0.4936583936214447,terrorism,1931-1950,CBOW,78
lee,0.4929119646549225,terrorism,1931-1950,CBOW,79
predict,0.4926568865776062,terrorism,1931-1950,CBOW,80
dentist,0.49193403124809265,terrorism,1931-1950,CBOW,81
minister_defense,0.4913204610347748,terrorism,1931-1950,CBOW,82
mourning,0.4897920489311218,terrorism,1931-1950,CBOW,83
disturb_peace,0.48938530683517456,terrorism,1931-1950,CBOW,84
tre_jerusalem,0.4887539744377136,terrorism,1931-1950,CBOW,85
rightist,0.4879056513309479,terrorism,1931-1950,CBOW,86
bet,0.48740965127944946,terrorism,1931-1950,CBOW,87
clifton,0.486189603805542,terrorism,1931-1950,CBOW,88
launch,0.4854811728000641,terrorism,1931-1950,CBOW,89
rid,0.48496484756469727,terrorism,1931-1950,CBOW,90
leaders,0.4839317798614502,terrorism,1931-1950,CBOW,91
republican_army,0.48361605405807495,terrorism,1931-1950,CBOW,92
univer,0.48265668749809265,terrorism,1931-1950,CBOW,93
surveillance,0.4810332655906677,terrorism,1931-1950,CBOW,94
strife,0.48065808415412903,terrorism,1931-1950,CBOW,95
deputation,0.47991943359375,terrorism,1931-1950,CBOW,96
submit_memorandum,0.47843077778816223,terrorism,1931-1950,CBOW,97
renewal,0.4783274531364441,terrorism,1931-1950,CBOW,98
parachutist,0.47799697518348694,terrorism,1931-1950,CBOW,99
police_chief,0.4778524935245514,terrorism,1931-1950,CBOW,100
works,0.47732311487197876,terrorism,1931-1950,CBOW,101
paraguay,0.4769967198371887,terrorism,1931-1950,CBOW,102
seize,0.4760477840900421,terrorism,1931-1950,CBOW,103
incitement,0.47564274072647095,terrorism,1931-1950,CBOW,104
immigrants,0.4750823974609375,terrorism,1931-1950,CBOW,105
herbert_matthews,0.47489020228385925,terrorism,1931-1950,CBOW,106
bulgarian,0.474028080701828,terrorism,1931-1950,CBOW,107
textile_strike,0.4736538529396057,terrorism,1931-1950,CBOW,108
northern_province,0.4734608232975006,terrorism,1931-1950,CBOW,109
francisco_cargo_caballero,0.47293615341186523,terrorism,1931-1950,CBOW,110
herb,0.4726715087890625,terrorism,1931-1950,CBOW,111
reach_peak,0.47261402010917664,terrorism,1931-1950,CBOW,112
quit,0.4722301959991455,terrorism,1931-1950,CBOW,113
citizens_federation,0.4720216393470764,terrorism,1931-1950,CBOW,114
berlin_dig,0.4718864858150482,terrorism,1931-1950,CBOW,115
nonsectarian,0.47182580828666687,terrorism,1931-1950,CBOW,116
resolution_condemn,0.4708884060382843,terrorism,1931-1950,CBOW,117
zagreb,0.4708138108253479,terrorism,1931-1950,CBOW,118
political_circle,0.4702291488647461,terrorism,1931-1950,CBOW,119
uprising,0.4694908857345581,terrorism,1931-1950,CBOW,120
dandy,0.46905839443206787,terrorism,1931-1950,CBOW,121
barcelona_pain,0.46864771842956543,terrorism,1931-1950,CBOW,122
hoax,0.46758297085762024,terrorism,1931-1950,CBOW,123
severe_punishment,0.46746012568473816,terrorism,1931-1950,CBOW,124
ascribe,0.4668158292770386,terrorism,1931-1950,CBOW,125
collaborationist,0.46673500537872314,terrorism,1931-1950,CBOW,126
jefferson_birmingham,0.46611103415489197,terrorism,1931-1950,CBOW,127
manifesto,0.46584874391555786,terrorism,1931-1950,CBOW,128
war_terror,0.4643213152885437,terrorism,1931-1950,CBOW,129
seoul,0.4642610549926758,terrorism,1931-1950,CBOW,130
budapest_hungary,0.46344125270843506,terrorism,1931-1950,CBOW,131
swoop,0.46247807145118713,terrorism,1931-1950,CBOW,132
whispering,0.4623902440071106,terrorism,1931-1950,CBOW,133
sup_press,0.4623688757419586,terrorism,1931-1950,CBOW,134
milan,0.46218544244766235,terrorism,1931-1950,CBOW,135
accuse_clot,0.46174418926239014,terrorism,1931-1950,CBOW,136
crackdown,0.4606119394302368,terrorism,1931-1950,CBOW,137
belgrade_dig,0.46023112535476685,terrorism,1931-1950,CBOW,138
puerto_rico,0.4587015211582184,terrorism,1931-1950,CBOW,139
lebanon_syria,0.4586511552333832,terrorism,1931-1950,CBOW,140
labor_confederation,0.45824548602104187,terrorism,1931-1950,CBOW,141
belfast_northern_ireland,0.4581926167011261,terrorism,1931-1950,CBOW,142
passive,0.4580865800380707,terrorism,1931-1950,CBOW,143
warn,0.45691928267478943,terrorism,1931-1950,CBOW,144
athens_web,0.45689457654953003,terrorism,1931-1950,CBOW,145
retaliate,0.456705242395401,terrorism,1931-1950,CBOW,146
mass_murder,0.45660749077796936,terrorism,1931-1950,CBOW,147
eam,0.4565955102443695,terrorism,1931-1950,CBOW,148
newly_form,0.4563901424407959,terrorism,1931-1950,CBOW,149
incite,0.456386923789978,terrorism,1931-1950,CBOW,150
lighten,0.4563535153865814,terrorism,1931-1950,CBOW,151
sofia,0.4559290409088135,terrorism,1931-1950,CBOW,152
douglas_robertson,0.45568355917930603,terrorism,1931-1950,CBOW,153
decry,0.45493122935295105,terrorism,1931-1950,CBOW,154
peace_negotiation,0.4547799825668335,terrorism,1931-1950,CBOW,155
attacks,0.4541458189487457,terrorism,1931-1950,CBOW,156
mobs,0.4539748430252075,terrorism,1931-1950,CBOW,157
slur,0.45270857214927673,terrorism,1931-1950,CBOW,158
tel_aviv_israel,0.45243602991104126,terrorism,1931-1950,CBOW,159
genesis,0.45224153995513916,terrorism,1931-1950,CBOW,160
organizations,0.4517264664173126,terrorism,1931-1950,CBOW,161
mien,0.45154869556427,terrorism,1931-1950,CBOW,162
difficulty_obtain,0.4514908790588379,terrorism,1931-1950,CBOW,163
rioting,0.4514092803001404,terrorism,1931-1950,CBOW,164
drastic_step,0.45083242654800415,terrorism,1931-1950,CBOW,165
president_suis,0.45068949460983276,terrorism,1931-1950,CBOW,166
recrudescence,0.45066037774086,terrorism,1931-1950,CBOW,167
daniel_diana,0.4506043791770935,terrorism,1931-1950,CBOW,168
noteworthy,0.449720561504364,terrorism,1931-1950,CBOW,169
rabid,0.4486751854419708,terrorism,1931-1950,CBOW,170
bomb_plot,0.44826841354370117,terrorism,1931-1950,CBOW,171
holdup,0.44799259305000305,terrorism,1931-1950,CBOW,172
rude,0.44788727164268494,terrorism,1931-1950,CBOW,173
hunt,0.44767922163009644,terrorism,1931-1950,CBOW,174
british_authorities,0.446743905544281,terrorism,1931-1950,CBOW,175
unions,0.4467381238937378,terrorism,1931-1950,CBOW,176
smuggling,0.44649240374565125,terrorism,1931-1950,CBOW,177
sofia_bulgaria,0.445988267660141,terrorism,1931-1950,CBOW,178
reassert,0.44518640637397766,terrorism,1931-1950,CBOW,179
damascus,0.4446330666542053,terrorism,1931-1950,CBOW,180
packing,0.44458478689193726,terrorism,1931-1950,CBOW,181
appeals,0.4442289471626282,terrorism,1931-1950,CBOW,182
remain_adamant,0.44392749667167664,terrorism,1931-1950,CBOW,183
lay,0.44281065464019775,terrorism,1931-1950,CBOW,184
connivance,0.4424794018268585,terrorism,1931-1950,CBOW,185
deputy_premier,0.4424264430999756,terrorism,1931-1950,CBOW,186
relentlessly,0.4424229860305786,terrorism,1931-1950,CBOW,187
soviet_satellite,0.4422427713871002,terrorism,1931-1950,CBOW,188
aorta,0.4417242109775543,terrorism,1931-1950,CBOW,189
tense_situation,0.4416818618774414,terrorism,1931-1950,CBOW,190
berlin_web,0.4411519169807434,terrorism,1931-1950,CBOW,191
pass_resolution,0.44101136922836304,terrorism,1931-1950,CBOW,192
mouth,0.44093233346939087,terrorism,1931-1950,CBOW,193
oppressive_measure,0.4403853416442871,terrorism,1931-1950,CBOW,194
grime,0.44037875533103943,terrorism,1931-1950,CBOW,195
disguise,0.4401151239871979,terrorism,1931-1950,CBOW,196
cross_frontier,0.4401108920574188,terrorism,1931-1950,CBOW,197
turk,0.4399835467338562,terrorism,1931-1950,CBOW,198
jerusalem_dig,0.4396468997001648,terrorism,1931-1950,CBOW,199
palestine_clifton,0.4395884871482849,terrorism,1931-1950,CBOW,200
athens_greece,0.4395478069782257,terrorism,1931-1950,CBOW,201
tula_tumour,0.43950170278549194,terrorism,1931-1950,CBOW,202
plans,0.43935051560401917,terrorism,1931-1950,CBOW,203
fbi,0.43910929560661316,terrorism,1931-1950,CBOW,204
await_result,0.43902742862701416,terrorism,1931-1950,CBOW,205
aliens,0.43858960270881653,terrorism,1931-1950,CBOW,206
clarence,0.43849465250968933,terrorism,1931-1950,CBOW,207
showdown,0.43809041380882263,terrorism,1931-1950,CBOW,208
ridicule,0.4378241002559662,terrorism,1931-1950,CBOW,209
foreshadow,0.4375462830066681,terrorism,1931-1950,CBOW,210
bomb_blast,0.4373333156108856,terrorism,1931-1950,CBOW,211
storm_centre,0.43722453713417053,terrorism,1931-1950,CBOW,212
vigorously,0.4371323585510254,terrorism,1931-1950,CBOW,213
foment,0.4369778633117676,terrorism,1931-1950,CBOW,214
athens,0.43653035163879395,terrorism,1931-1950,CBOW,215
council_judaism,0.4364474415779114,terrorism,1931-1950,CBOW,216
slay,0.43627703189849854,terrorism,1931-1950,CBOW,217
evoke,0.43551376461982727,terrorism,1931-1950,CBOW,218
owners,0.4349455237388611,terrorism,1931-1950,CBOW,219
extreme_right,0.434535413980484,terrorism,1931-1950,CBOW,220
issue_decree,0.43356776237487793,terrorism,1931-1950,CBOW,221
demonstrator,0.4334912598133087,terrorism,1931-1950,CBOW,222
goods,0.43300101161003113,terrorism,1931-1950,CBOW,223
ante,0.43297097086906433,terrorism,1931-1950,CBOW,224
jerusalem_sov,0.43279069662094116,terrorism,1931-1950,CBOW,225
allegedly,0.4326936900615692,terrorism,1931-1950,CBOW,226
instigation,0.4324818253517151,terrorism,1931-1950,CBOW,227
raid,0.4323963522911072,terrorism,1931-1950,CBOW,228
anarchist,0.4323868751525879,terrorism,1931-1950,CBOW,229
send_message,0.4321274161338806,terrorism,1931-1950,CBOW,230
utah,0.43178272247314453,terrorism,1931-1950,CBOW,231
lie_arm,0.4316655993461609,terrorism,1931-1950,CBOW,232
tactic,0.4312341809272766,terrorism,1931-1950,CBOW,233
dorsal,0.4311974346637726,terrorism,1931-1950,CBOW,234
julius_stretcher,0.431033730506897,terrorism,1931-1950,CBOW,235
express_concern,0.431021511554718,terrorism,1931-1950,CBOW,236
hannah,0.43090498447418213,terrorism,1931-1950,CBOW,237
clifton_daniel,0.4308975338935852,terrorism,1931-1950,CBOW,238
retaliatory,0.4306658208370209,terrorism,1931-1950,CBOW,239
lodging,0.43039512634277344,terrorism,1931-1950,CBOW,240
disorder,0.4301888346672058,terrorism,1931-1950,CBOW,241
red_cross,0.4297800064086914,terrorism,1931-1950,CBOW,242
round,0.4296993911266327,terrorism,1931-1950,CBOW,243
ac_cording,0.42930129170417786,terrorism,1931-1950,CBOW,244
cairo_egypt,0.4292803108692169,terrorism,1931-1950,CBOW,245
maids,0.42925170063972473,terrorism,1931-1950,CBOW,246
premier_plum,0.4292295277118683,terrorism,1931-1950,CBOW,247
offices,0.429198682308197,terrorism,1931-1950,CBOW,248
allay,0.429170161485672,terrorism,1931-1950,CBOW,249
demand_release,0.4289664030075073,terrorism,1931-1950,CBOW,250
revolt,0.42895546555519104,terrorism,1931-1950,CBOW,251
wave_violence,0.428180992603302,terrorism,1931-1950,CBOW,252
london_web,0.42803704738616943,terrorism,1931-1950,CBOW,253
ministry_justice,0.42794331908226013,terrorism,1931-1950,CBOW,254
hood,0.42789942026138306,terrorism,1931-1950,CBOW,255
defy,0.4271020293235779,terrorism,1931-1950,CBOW,256
alabama,0.42675843834877014,terrorism,1931-1950,CBOW,257
false_statement,0.42672035098075867,terrorism,1931-1950,CBOW,258
woll,0.4265361726284027,terrorism,1931-1950,CBOW,259
lids,0.4264661967754364,terrorism,1931-1950,CBOW,260
interior_minister,0.42618608474731445,terrorism,1931-1950,CBOW,261
minister_justice,0.42594704031944275,terrorism,1931-1950,CBOW,262
weld,0.42572131752967834,terrorism,1931-1950,CBOW,263
papal,0.4256609082221985,terrorism,1931-1950,CBOW,264
barley,0.42545416951179504,terrorism,1931-1950,CBOW,265
enslavement,0.4253371059894562,terrorism,1931-1950,CBOW,266
georgia,0.42526423931121826,terrorism,1931-1950,CBOW,267
bucharest,0.42505180835723877,terrorism,1931-1950,CBOW,268
pro_test,0.4249306321144104,terrorism,1931-1950,CBOW,269
registration_list,0.42431876063346863,terrorism,1931-1950,CBOW,270
arab_nationalists,0.4240880310535431,terrorism,1931-1950,CBOW,271
tel_aviv,0.42408159375190735,terrorism,1931-1950,CBOW,272
reactionarie,0.4240802526473999,terrorism,1931-1950,CBOW,273
groups,0.4239271581172943,terrorism,1931-1950,CBOW,274
arson,0.4237431585788727,terrorism,1931-1950,CBOW,275
mob_violence,0.42281079292297363,terrorism,1931-1950,CBOW,276
communists,0.42270782589912415,terrorism,1931-1950,CBOW,277
counter,0.4226353168487549,terrorism,1931-1950,CBOW,278
boris,0.422512024641037,terrorism,1931-1950,CBOW,279
wooded,0.421918660402298,terrorism,1931-1950,CBOW,280
sobs,0.4217982590198517,terrorism,1931-1950,CBOW,281
vehement,0.4216148853302002,terrorism,1931-1950,CBOW,282
rescind,0.4215155243873596,terrorism,1931-1950,CBOW,283
def,0.4211048483848572,terrorism,1931-1950,CBOW,284
ah,0.4210837185382843,terrorism,1931-1950,CBOW,285
ascendancy,0.42099443078041077,terrorism,1931-1950,CBOW,286
bosnia,0.4208577871322632,terrorism,1931-1950,CBOW,287
madman,0.4205855131149292,terrorism,1931-1950,CBOW,288
erstwhile,0.42057275772094727,terrorism,1931-1950,CBOW,289
inaction,0.42026543617248535,terrorism,1931-1950,CBOW,290
arrow_cross,0.4201298654079437,terrorism,1931-1950,CBOW,291
dr,0.42006585001945496,terrorism,1931-1950,CBOW,292
rush,0.4200383126735687,terrorism,1931-1950,CBOW,293
armed_band,0.4200376272201538,terrorism,1931-1950,CBOW,294
bucharest_sov,0.41997578740119934,terrorism,1931-1950,CBOW,295
leftwing,0.4198405146598816,terrorism,1931-1950,CBOW,296
plea,0.4197045862674713,terrorism,1931-1950,CBOW,297
perturb,0.41954535245895386,terrorism,1931-1950,CBOW,298
outbreak_violence,0.41929396986961365,terrorism,1931-1950,CBOW,299
antisemitic_activity,0.41925525665283203,terrorism,1931-1950,CBOW,300
outlaw,0.41904011368751526,terrorism,1931-1950,CBOW,301
unionists,0.41888901591300964,terrorism,1931-1950,CBOW,302
emulate,0.4181709587574005,terrorism,1931-1950,CBOW,303
calder,0.4180845022201538,terrorism,1931-1950,CBOW,304
obliterate,0.4180013835430145,terrorism,1931-1950,CBOW,305
secede,0.41779544949531555,terrorism,1931-1950,CBOW,306
ring,0.41756540536880493,terrorism,1931-1950,CBOW,307
send_telegram,0.4173775613307953,terrorism,1931-1950,CBOW,308
balk,0.4171423316001892,terrorism,1931-1950,CBOW,309
small_band,0.4169377088546753,terrorism,1931-1950,CBOW,310
parley,0.4169233739376068,terrorism,1931-1950,CBOW,311
shipyard,0.4167860150337219,terrorism,1931-1950,CBOW,312
overpower,0.41647058725357056,terrorism,1931-1950,CBOW,313
precaution_prevent,0.4164159297943115,terrorism,1931-1950,CBOW,314
violence,0.416349321603775,terrorism,1931-1950,CBOW,315
become_clear,0.4158495366573334,terrorism,1931-1950,CBOW,316
fascists,0.4153587222099304,terrorism,1931-1950,CBOW,317
infamous,0.41526079177856445,terrorism,1931-1950,CBOW,318
simultaneously,0.4151768088340759,terrorism,1931-1950,CBOW,319
legionnaire,0.41517192125320435,terrorism,1931-1950,CBOW,320
durham,0.41508376598358154,terrorism,1931-1950,CBOW,321
frock,0.4145508110523224,terrorism,1931-1950,CBOW,322
stab_death,0.4143502414226532,terrorism,1931-1950,CBOW,323
catholic_priest,0.41408219933509827,terrorism,1931-1950,CBOW,324
loss_life,0.41391995549201965,terrorism,1931-1950,CBOW,325
disperse_crowd,0.41390207409858704,terrorism,1931-1950,CBOW,326
assassin_ton,0.4139019846916199,terrorism,1931-1950,CBOW,327
functionary,0.4136452078819275,terrorism,1931-1950,CBOW,328
seventy,0.4136448800563812,terrorism,1931-1950,CBOW,329
agents,0.4136362671852112,terrorism,1931-1950,CBOW,330
minneapolis,0.4134000241756439,terrorism,1931-1950,CBOW,331
rioter,0.413168340921402,terrorism,1931-1950,CBOW,332
hey,0.41293731331825256,terrorism,1931-1950,CBOW,333
liverpool,0.4129208028316498,terrorism,1931-1950,CBOW,334
steel_company,0.41283735632896423,terrorism,1931-1950,CBOW,335
brigandage,0.4127541184425354,terrorism,1931-1950,CBOW,336
extraordinary_session,0.4122874140739441,terrorism,1931-1950,CBOW,337
disgrace,0.4119516909122467,terrorism,1931-1950,CBOW,338
opposition_leader,0.4119437038898468,terrorism,1931-1950,CBOW,339
labor_leader,0.4117239713668823,terrorism,1931-1950,CBOW,340
occupy_area,0.41166481375694275,terrorism,1931-1950,CBOW,341
manila,0.41140639781951904,terrorism,1931-1950,CBOW,342
fascist,0.41126033663749695,terrorism,1931-1950,CBOW,343
executioner,0.4110230505466461,terrorism,1931-1950,CBOW,344
ern,0.41099557280540466,terrorism,1931-1950,CBOW,345
mediate,0.4109076261520386,terrorism,1931-1950,CBOW,346
severe,0.4108741879463196,terrorism,1931-1950,CBOW,347
underground_run_vi,0.4103159010410309,terrorism,1931-1950,CBOW,348
ok,0.410005658864975,terrorism,1931-1950,CBOW,349
skull,0.40972447395324707,terrorism,1931-1950,CBOW,350
mask,0.409414142370224,terrorism,1931-1950,CBOW,351
hiding_place,0.40925052762031555,terrorism,1931-1950,CBOW,352
ultimate_victory,0.4090105891227722,terrorism,1931-1950,CBOW,353
incendiary_bomb,0.4087870419025421,terrorism,1931-1950,CBOW,354
syndicalist,0.4086911380290985,terrorism,1931-1950,CBOW,355
prison_camp,0.40855520963668823,terrorism,1931-1950,CBOW,356
telephone_tre_berne,0.4078926146030426,terrorism,1931-1950,CBOW,357
dresden,0.4073638617992401,terrorism,1931-1950,CBOW,358
naples,0.40733134746551514,terrorism,1931-1950,CBOW,359
volley,0.40694162249565125,terrorism,1931-1950,CBOW,360
spiritual_leader,0.406893253326416,terrorism,1931-1950,CBOW,361
countryman,0.406664103269577,terrorism,1931-1950,CBOW,362
late_night,0.40665698051452637,terrorism,1931-1950,CBOW,363
disturber_peace,0.4066316783428192,terrorism,1931-1950,CBOW,364
half_dozen,0.40649354457855225,terrorism,1931-1950,CBOW,365
agitator,0.40589988231658936,terrorism,1931-1950,CBOW,366
communist_agitator,0.40588924288749695,terrorism,1931-1950,CBOW,367
oil_pipeline,0.4049106240272522,terrorism,1931-1950,CBOW,368
breech,0.4048865735530853,terrorism,1931-1950,CBOW,369
bureau,0.4046590030193329,terrorism,1931-1950,CBOW,370
apprehend,0.40443459153175354,terrorism,1931-1950,CBOW,371
principally,0.40434178709983826,terrorism,1931-1950,CBOW,372
ministers,0.40406081080436707,terrorism,1931-1950,CBOW,373
green_shirt,0.4038778245449066,terrorism,1931-1950,CBOW,374
valencia,0.40371647477149963,terrorism,1931-1950,CBOW,375
bid,0.40354883670806885,terrorism,1931-1950,CBOW,376
intermediary,0.40353232622146606,terrorism,1931-1950,CBOW,377
cologne,0.4034724235534668,terrorism,1931-1950,CBOW,378
seize_power,0.4034598767757416,terrorism,1931-1950,CBOW,379
hanover,0.4032531678676605,terrorism,1931-1950,CBOW,380
plump,0.4030713140964508,terrorism,1931-1950,CBOW,381
istanbul_turkey,0.402638703584671,terrorism,1931-1950,CBOW,382
erroneously,0.4025612771511078,terrorism,1931-1950,CBOW,383
salt,0.40249550342559814,terrorism,1931-1950,CBOW,384
louis_stark,0.401790976524353,terrorism,1931-1950,CBOW,385
wane,0.4016229808330536,terrorism,1931-1950,CBOW,386
bane,0.4015449583530426,terrorism,1931-1950,CBOW,387
san,0.4012846350669861,terrorism,1931-1950,CBOW,388
bitter_struggle,0.40119069814682007,terrorism,1931-1950,CBOW,389
partisans,0.40114128589630127,terrorism,1931-1950,CBOW,390
wellington,0.40110886096954346,terrorism,1931-1950,CBOW,391
follower,0.4010416567325592,terrorism,1931-1950,CBOW,392
unfriendly,0.40064018964767456,terrorism,1931-1950,CBOW,393
thou,0.4005958139896393,terrorism,1931-1950,CBOW,394
purge,0.40045565366744995,terrorism,1931-1950,CBOW,395
camille_special,0.40033748745918274,terrorism,1931-1950,CBOW,396
knight,0.4003215730190277,terrorism,1931-1950,CBOW,397
outlaw_irish_republican_army,0.40006208419799805,terrorism,1931-1950,CBOW,398
african_colony,0.400039941072464,terrorism,1931-1950,CBOW,399
julius_panic,0.4000130891799927,terrorism,1931-1950,CBOW,400
pounce,0.3998235762119293,terrorism,1931-1950,CBOW,401
incense,0.3994882106781006,terrorism,1931-1950,CBOW,402
canton,0.3994596004486084,terrorism,1931-1950,CBOW,403
au_authority,0.3993512690067291,terrorism,1931-1950,CBOW,404
right_wing,0.3992394804954529,terrorism,1931-1950,CBOW,405
dissident,0.3987816870212555,terrorism,1931-1950,CBOW,406
openly,0.3985750377178192,terrorism,1931-1950,CBOW,407
person_wound,0.3982120752334595,terrorism,1931-1950,CBOW,408
trap,0.3980167806148529,terrorism,1931-1950,CBOW,409
link,0.3979908525943756,terrorism,1931-1950,CBOW,410
streets,0.3978974223136902,terrorism,1931-1950,CBOW,411
premier_genito,0.3975368142127991,terrorism,1931-1950,CBOW,412
muzzle,0.3973830044269562,terrorism,1931-1950,CBOW,413
intermittent,0.39738258719444275,terrorism,1931-1950,CBOW,414
arrive_scene,0.39721691608428955,terrorism,1931-1950,CBOW,415
fascism,0.39711543917655945,terrorism,1931-1950,CBOW,416
undercover,0.39669790863990784,terrorism,1931-1950,CBOW,417
allot,0.39665210247039795,terrorism,1931-1950,CBOW,418
lehman,0.3965352177619934,terrorism,1931-1950,CBOW,419
assassination_attempt,0.39645248651504517,terrorism,1931-1950,CBOW,420
revolver_shot,0.39624372124671936,terrorism,1931-1950,CBOW,421
roundtable,0.396142840385437,terrorism,1931-1950,CBOW,422
armed_rebellion,0.39609184861183167,terrorism,1931-1950,CBOW,423
antifascist,0.3959468603134155,terrorism,1931-1950,CBOW,424
grand_mufti,0.39589715003967285,terrorism,1931-1950,CBOW,425
dining,0.39588722586631775,terrorism,1931-1950,CBOW,426
denounce,0.39585641026496887,terrorism,1931-1950,CBOW,427
tom,0.39580532908439636,terrorism,1931-1950,CBOW,428
chief_lieutenant,0.3957996368408203,terrorism,1931-1950,CBOW,429
abate,0.39551812410354614,terrorism,1931-1950,CBOW,430
daily_newspaper,0.39492982625961304,terrorism,1931-1950,CBOW,431
passive_resistance,0.3945210576057434,terrorism,1931-1950,CBOW,432
pacific_coast,0.3944842517375946,terrorism,1931-1950,CBOW,433
tighten,0.39406368136405945,terrorism,1931-1950,CBOW,434
editorially,0.39396655559539795,terrorism,1931-1950,CBOW,435
accuse_pagodas,0.3938875198364258,terrorism,1931-1950,CBOW,436
spying,0.3934932053089142,terrorism,1931-1950,CBOW,437
thwart,0.3934330642223358,terrorism,1931-1950,CBOW,438
guerrilla_band,0.3933718204498291,terrorism,1931-1950,CBOW,439
san_juan,0.39331579208374023,terrorism,1931-1950,CBOW,440
uneasiness,0.3932543396949768,terrorism,1931-1950,CBOW,441
forestall,0.39281031489372253,terrorism,1931-1950,CBOW,442
nationalization,0.39273107051849365,terrorism,1931-1950,CBOW,443
outbreak,0.3920680284500122,terrorism,1931-1950,CBOW,444
shantung_province,0.3918800950050354,terrorism,1931-1950,CBOW,445
peril,0.39171162247657776,terrorism,1931-1950,CBOW,446
manifestoe,0.3913770318031311,terrorism,1931-1950,CBOW,447
fold,0.3913280963897705,terrorism,1931-1950,CBOW,448
sicily,0.3909778594970703,terrorism,1931-1950,CBOW,449
reach_climax,0.3909066617488861,terrorism,1931-1950,CBOW,450
nicaragua,0.3908995985984802,terrorism,1931-1950,CBOW,451
prop,0.39082255959510803,terrorism,1931-1950,CBOW,452
independence_movement,0.3906731605529785,terrorism,1931-1950,CBOW,453
peru,0.39062875509262085,terrorism,1931-1950,CBOW,454
birmingham_la,0.3906193673610687,terrorism,1931-1950,CBOW,455
lake_success,0.39044928550720215,terrorism,1931-1950,CBOW,456
warsaw_poland,0.3904438614845276,terrorism,1931-1950,CBOW,457
france_britain,0.39033043384552,terrorism,1931-1950,CBOW,458
deeply_concerned,0.39030390977859497,terrorism,1931-1950,CBOW,459
senator_copeland,0.3902921676635742,terrorism,1931-1950,CBOW,460
vous,0.39023131132125854,terrorism,1931-1950,CBOW,461
agent_provocateur,0.3896634578704834,terrorism,1931-1950,CBOW,462
printer,0.38966232538223267,terrorism,1931-1950,CBOW,463
funeral_procession,0.3893461525440216,terrorism,1931-1950,CBOW,464
running,0.38918939232826233,terrorism,1931-1950,CBOW,465
terrorist_attack,0.3891841769218445,terrorism,1931-1950,CBOW,466
spontaneous,0.3891398310661316,terrorism,1931-1950,CBOW,467
norway_netherlands,0.3890218138694763,terrorism,1931-1950,CBOW,468
mile_north,0.3889695107936859,terrorism,1931-1950,CBOW,469
attempt_murder,0.38895028829574585,terrorism,1931-1950,CBOW,470
nationalist_party,0.3888929784297943,terrorism,1931-1950,CBOW,471
alexandria_egypt,0.3888660669326782,terrorism,1931-1950,CBOW,472
laval,0.38882243633270264,terrorism,1931-1950,CBOW,473
cripple,0.3888186812400818,terrorism,1931-1950,CBOW,474
adherent,0.38852831721305847,terrorism,1931-1950,CBOW,475
greeks,0.38850218057632446,terrorism,1931-1950,CBOW,476
handbill,0.38847607374191284,terrorism,1931-1950,CBOW,477
governing_commission,0.3878435790538788,terrorism,1931-1950,CBOW,478
sing,0.387746661901474,terrorism,1931-1950,CBOW,479
trail_blood,0.3875880837440491,terrorism,1931-1950,CBOW,480
designation,0.38755980134010315,terrorism,1931-1950,CBOW,481
outer,0.38746052980422974,terrorism,1931-1950,CBOW,482
aloofness,0.38745543360710144,terrorism,1931-1950,CBOW,483
acclaim,0.387422114610672,terrorism,1931-1950,CBOW,484
backs,0.38715851306915283,terrorism,1931-1950,CBOW,485
league,0.38689976930618286,terrorism,1931-1950,CBOW,486
bribe,0.386800616979599,terrorism,1931-1950,CBOW,487
min_el_mufti_jerusalem,0.386762410402298,terrorism,1931-1950,CBOW,488
committee_compose,0.38668081164360046,terrorism,1931-1950,CBOW,489
heighten,0.3865702748298645,terrorism,1931-1950,CBOW,490
simon,0.38656044006347656,terrorism,1931-1950,CBOW,491
pullman,0.38653555512428284,terrorism,1931-1950,CBOW,492
british_forces,0.38653382658958435,terrorism,1931-1950,CBOW,493
radio_station,0.3865056037902832,terrorism,1931-1950,CBOW,494
dissolution,0.38632726669311523,terrorism,1931-1950,CBOW,495
boast,0.3860945403575897,terrorism,1931-1950,CBOW,496
nasi,0.38600248098373413,terrorism,1931-1950,CBOW,497
act_violence,0.3858224153518677,terrorism,1931-1950,CBOW,498
terrorist,0.5573687553405762,terrorism,1931-1950,SkipGram,1
pact,0.5385463237762451,terrorism,1931-1950,SkipGram,2
bombing,0.5316290855407715,terrorism,1931-1950,SkipGram,3
nazis,0.5214770436286926,terrorism,1931-1950,SkipGram,4
terror,0.4862807095050812,terrorism,1931-1950,SkipGram,5
reich,0.4800313115119934,terrorism,1931-1950,SkipGram,6
holdup,0.47847193479537964,terrorism,1931-1950,SkipGram,7
eden,0.47455528378486633,terrorism,1931-1950,SkipGram,8
misrule,0.4648767411708832,terrorism,1931-1950,SkipGram,9
terrorize,0.4610869586467743,terrorism,1931-1950,SkipGram,10
klan,0.4595458209514618,terrorism,1931-1950,SkipGram,11
labor_confederation,0.45779523253440857,terrorism,1931-1950,SkipGram,12
gunman,0.4532332122325897,terrorism,1931-1950,SkipGram,13
meetings,0.4525350034236908,terrorism,1931-1950,SkipGram,14
bomb_blast,0.44893941283226013,terrorism,1931-1950,SkipGram,15
argentine,0.44765275716781616,terrorism,1931-1950,SkipGram,16
smuggling,0.4473709166049957,terrorism,1931-1950,SkipGram,17
organizations,0.4453340172767639,terrorism,1931-1950,SkipGram,18
electoral_campaign,0.4443524181842804,terrorism,1931-1950,SkipGram,19
bulgarian,0.44355833530426025,terrorism,1931-1950,SkipGram,20
rome,0.4386053681373596,terrorism,1931-1950,SkipGram,21
jews,0.43417102098464966,terrorism,1931-1950,SkipGram,22
fascism,0.43201085925102234,terrorism,1931-1950,SkipGram,23
sown,0.4311070144176483,terrorism,1931-1950,SkipGram,24
balk,0.4293050467967987,terrorism,1931-1950,SkipGram,25
dining,0.42923226952552795,terrorism,1931-1950,SkipGram,26
laval,0.42674338817596436,terrorism,1931-1950,SkipGram,27
textile_strike,0.4260070025920868,terrorism,1931-1950,SkipGram,28
outlaws,0.4245290458202362,terrorism,1931-1950,SkipGram,29
nonsectarian,0.4229404628276825,terrorism,1931-1950,SkipGram,30
bombay_india,0.42228955030441284,terrorism,1931-1950,SkipGram,31
governing_commission,0.42166298627853394,terrorism,1931-1950,SkipGram,32
offices,0.42029058933258057,terrorism,1931-1950,SkipGram,33
chiefs,0.41923388838768005,terrorism,1931-1950,SkipGram,34
frock,0.41887345910072327,terrorism,1931-1950,SkipGram,35
thrive,0.4184590280056,terrorism,1931-1950,SkipGram,36
eam,0.4165840744972229,terrorism,1931-1950,SkipGram,37
riot,0.4161403775215149,terrorism,1931-1950,SkipGram,38
police_chief,0.4158264100551605,terrorism,1931-1950,SkipGram,39
clifton,0.41457894444465637,terrorism,1931-1950,SkipGram,40
walkout,0.41439589858055115,terrorism,1931-1950,SkipGram,41
bane,0.4141909182071686,terrorism,1931-1950,SkipGram,42
holy_war,0.41353335976600647,terrorism,1931-1950,SkipGram,43
loom,0.41323578357696533,terrorism,1931-1950,SkipGram,44
fold,0.41315925121307373,terrorism,1931-1950,SkipGram,45
stockholm_sweden,0.41285428404808044,terrorism,1931-1950,SkipGram,46
oust,0.41199788451194763,terrorism,1931-1950,SkipGram,47
zionists,0.41195982694625854,terrorism,1931-1950,SkipGram,48
disturb_peace,0.41191932559013367,terrorism,1931-1950,SkipGram,49
holiday,0.41170117259025574,terrorism,1931-1950,SkipGram,50
wane,0.41117432713508606,terrorism,1931-1950,SkipGram,51
narcotic,0.4111413359642029,terrorism,1931-1950,SkipGram,52
zionism,0.4106610119342804,terrorism,1931-1950,SkipGram,53
violence,0.40966227650642395,terrorism,1931-1950,SkipGram,54
tre_jerusalem,0.40887826681137085,terrorism,1931-1950,SkipGram,55
northern_province,0.4084547758102417,terrorism,1931-1950,SkipGram,56
hague,0.4080026149749756,terrorism,1931-1950,SkipGram,57
remain_adamant,0.4079991579055786,terrorism,1931-1950,SkipGram,58
watch_closely,0.40769609808921814,terrorism,1931-1950,SkipGram,59
jefferson_birmingham,0.4071657657623291,terrorism,1931-1950,SkipGram,60
truman,0.40678083896636963,terrorism,1931-1950,SkipGram,61
barley,0.406204491853714,terrorism,1931-1950,SkipGram,62
leftist,0.4054824411869049,terrorism,1931-1950,SkipGram,63
foreseen,0.4045238494873047,terrorism,1931-1950,SkipGram,64
william_hugh_morris,0.40403228998184204,terrorism,1931-1950,SkipGram,65
lech,0.4039093255996704,terrorism,1931-1950,SkipGram,66
cushion,0.40368789434432983,terrorism,1931-1950,SkipGram,67
sobs,0.4031613767147064,terrorism,1931-1950,SkipGram,68
jews_palestine,0.4030979573726654,terrorism,1931-1950,SkipGram,69
strife,0.4027905762195587,terrorism,1931-1950,SkipGram,70
tireles,0.4012596905231476,terrorism,1931-1950,SkipGram,71
washington_web,0.4001789391040802,terrorism,1931-1950,SkipGram,72
clifton_daniel_special_times,0.3988858759403229,terrorism,1931-1950,SkipGram,73
spying,0.39777934551239014,terrorism,1931-1950,SkipGram,74
ease,0.39738133549690247,terrorism,1931-1950,SkipGram,75
postelection,0.3966941833496094,terrorism,1931-1950,SkipGram,76
daring,0.3959880471229553,terrorism,1931-1950,SkipGram,77
workers,0.395923376083374,terrorism,1931-1950,SkipGram,78
grime,0.3958902955055237,terrorism,1931-1950,SkipGram,79
iraq,0.3952431380748749,terrorism,1931-1950,SkipGram,80
wizard,0.39454856514930725,terrorism,1931-1950,SkipGram,81
slain,0.39449065923690796,terrorism,1931-1950,SkipGram,82
chapel,0.39381012320518494,terrorism,1931-1950,SkipGram,83
belgrade_dig,0.3937852084636688,terrorism,1931-1950,SkipGram,84
germans_italians,0.3928879499435425,terrorism,1931-1950,SkipGram,85
foe,0.3928791284561157,terrorism,1931-1950,SkipGram,86
ram,0.3916751742362976,terrorism,1931-1950,SkipGram,87
claim_credit,0.3902273178100586,terrorism,1931-1950,SkipGram,88
hanover,0.3897654116153717,terrorism,1931-1950,SkipGram,89
deportation,0.389026015996933,terrorism,1931-1950,SkipGram,90
worst,0.3889476954936981,terrorism,1931-1950,SkipGram,91
prison_camp,0.38887086510658264,terrorism,1931-1950,SkipGram,92
yugoslavia,0.38860681653022766,terrorism,1931-1950,SkipGram,93
brigandage,0.3885264992713928,terrorism,1931-1950,SkipGram,94
social_democrats,0.3882528841495514,terrorism,1931-1950,SkipGram,95
mien,0.3881837725639343,terrorism,1931-1950,SkipGram,96
sofia,0.3880821168422699,terrorism,1931-1950,SkipGram,97
rush,0.3879397511482239,terrorism,1931-1950,SkipGram,98
warn,0.38788947463035583,terrorism,1931-1950,SkipGram,99
lighten,0.3874519467353821,terrorism,1931-1950,SkipGram,100
ok,0.3873867094516754,terrorism,1931-1950,SkipGram,101
ras,0.38727006316185,terrorism,1931-1950,SkipGram,102
comparative,0.3866044282913208,terrorism,1931-1950,SkipGram,103
shy,0.38656744360923767,terrorism,1931-1950,SkipGram,104
san,0.38627153635025024,terrorism,1931-1950,SkipGram,105
plans,0.386116087436676,terrorism,1931-1950,SkipGram,106
contre,0.3856163024902344,terrorism,1931-1950,SkipGram,107
works,0.3855157196521759,terrorism,1931-1950,SkipGram,108
maritime,0.38514983654022217,terrorism,1931-1950,SkipGram,109
thomas_hamilton,0.3847239911556244,terrorism,1931-1950,SkipGram,110
warsaw_poland,0.3846161663532257,terrorism,1931-1950,SkipGram,111
startle,0.3843567371368408,terrorism,1931-1950,SkipGram,112
times_tokyo,0.38372814655303955,terrorism,1931-1950,SkipGram,113
operative,0.3831380009651184,terrorism,1931-1950,SkipGram,114
efficiently,0.38312554359436035,terrorism,1931-1950,SkipGram,115
arabs,0.3830052316188812,terrorism,1931-1950,SkipGram,116
malaya,0.3823903203010559,terrorism,1931-1950,SkipGram,117
mutilate,0.3816069960594177,terrorism,1931-1950,SkipGram,118
status,0.3813507854938507,terrorism,1931-1950,SkipGram,119
score,0.38106289505958557,terrorism,1931-1950,SkipGram,120
ted,0.3809390962123871,terrorism,1931-1950,SkipGram,121
clifton_daniel,0.3808313310146332,terrorism,1931-1950,SkipGram,122
principally,0.38003700971603394,terrorism,1931-1950,SkipGram,123
surveillance,0.3795228898525238,terrorism,1931-1950,SkipGram,124
swoop,0.37913748621940613,terrorism,1931-1950,SkipGram,125
san_francisco,0.3789382576942444,terrorism,1931-1950,SkipGram,126
besiege,0.37880024313926697,terrorism,1931-1950,SkipGram,127
depose,0.37826529145240784,terrorism,1931-1950,SkipGram,128
ministers,0.3778507709503174,terrorism,1931-1950,SkipGram,129
effective_measure,0.37769579887390137,terrorism,1931-1950,SkipGram,130
ivan,0.3772970736026764,terrorism,1931-1950,SkipGram,131
jan,0.3772639036178589,terrorism,1931-1950,SkipGram,132
rid,0.3770308196544647,terrorism,1931-1950,SkipGram,133
athens_greece,0.3768945336341858,terrorism,1931-1950,SkipGram,134
severe,0.3768449127674103,terrorism,1931-1950,SkipGram,135
compelling,0.37645721435546875,terrorism,1931-1950,SkipGram,136
imaginary,0.3762262165546417,terrorism,1931-1950,SkipGram,137
def,0.37598204612731934,terrorism,1931-1950,SkipGram,138
cleanup,0.37538883090019226,terrorism,1931-1950,SkipGram,139
adviser,0.37531939148902893,terrorism,1931-1950,SkipGram,140
offset,0.37526509165763855,terrorism,1931-1950,SkipGram,141
crackdown,0.37435418367385864,terrorism,1931-1950,SkipGram,142
weeks,0.3742038309574127,terrorism,1931-1950,SkipGram,143
direct_indirect,0.37404143810272217,terrorism,1931-1950,SkipGram,144
success,0.3740287721157074,terrorism,1931-1950,SkipGram,145
clifton_daniel_special_toe,0.37337833642959595,terrorism,1931-1950,SkipGram,146
albion_ross,0.3733726441860199,terrorism,1931-1950,SkipGram,147
undercover,0.37267017364501953,terrorism,1931-1950,SkipGram,148
secret,0.37254640460014343,terrorism,1931-1950,SkipGram,149
douglas_robertson,0.3722192049026489,terrorism,1931-1950,SkipGram,150
recrudescence,0.37217947840690613,terrorism,1931-1950,SkipGram,151
violence_intimidation,0.3720953166484833,terrorism,1931-1950,SkipGram,152
peril,0.3720863163471222,terrorism,1931-1950,SkipGram,153
oil_pipeline,0.3719608187675476,terrorism,1931-1950,SkipGram,154
clifton_daniel_special,0.3718741536140442,terrorism,1931-1950,SkipGram,155
athen,0.3712749183177948,terrorism,1931-1950,SkipGram,156
bet,0.3709353804588318,terrorism,1931-1950,SkipGram,157
director_national,0.3706667423248291,terrorism,1931-1950,SkipGram,158
barn,0.3706667125225067,terrorism,1931-1950,SkipGram,159
antifascist,0.37060391902923584,terrorism,1931-1950,SkipGram,160
delegates,0.3703846335411072,terrorism,1931-1950,SkipGram,161
reject_idea,0.3702845871448517,terrorism,1931-1950,SkipGram,162
arson,0.3701654076576233,terrorism,1931-1950,SkipGram,163
outside_interference,0.3698424994945526,terrorism,1931-1950,SkipGram,164
war_terror,0.36932867765426636,terrorism,1931-1950,SkipGram,165
london_web,0.36891743540763855,terrorism,1931-1950,SkipGram,166
failure,0.36890745162963867,terrorism,1931-1950,SkipGram,167
mine_worker,0.36868447065353394,terrorism,1931-1950,SkipGram,168
preventive_measure,0.36836934089660645,terrorism,1931-1950,SkipGram,169
wooded,0.36826246976852417,terrorism,1931-1950,SkipGram,170
enslavement,0.3681284785270691,terrorism,1931-1950,SkipGram,171
bell,0.3681084215641022,terrorism,1931-1950,SkipGram,172
crutch,0.3678584694862366,terrorism,1931-1950,SkipGram,173
heavy_penalty,0.3678445816040039,terrorism,1931-1950,SkipGram,174
radio_broadcast,0.3677337169647217,terrorism,1931-1950,SkipGram,175
raf,0.3676549792289734,terrorism,1931-1950,SkipGram,176
indemnity,0.367640882730484,terrorism,1931-1950,SkipGram,177
activity,0.3675835132598877,terrorism,1931-1950,SkipGram,178
plotter,0.36755678057670593,terrorism,1931-1950,SkipGram,179
truss,0.36741265654563904,terrorism,1931-1950,SkipGram,180
freedom_speech,0.3673873543739319,terrorism,1931-1950,SkipGram,181
half_dozen,0.3672336935997009,terrorism,1931-1950,SkipGram,182
unabated,0.36702531576156616,terrorism,1931-1950,SkipGram,183
dorsal,0.36581501364707947,terrorism,1931-1950,SkipGram,184
spain,0.36559170484542847,terrorism,1931-1950,SkipGram,185
hoax,0.36549851298332214,terrorism,1931-1950,SkipGram,186
hitler,0.36526182293891907,terrorism,1931-1950,SkipGram,187
vere,0.36495622992515564,terrorism,1931-1950,SkipGram,188
circuit_judge,0.36485084891319275,terrorism,1931-1950,SkipGram,189
headway,0.3648306131362915,terrorism,1931-1950,SkipGram,190
uprising,0.364820271730423,terrorism,1931-1950,SkipGram,191
dreadful,0.36474722623825073,terrorism,1931-1950,SkipGram,192
predict,0.36461809277534485,terrorism,1931-1950,SkipGram,193
decry,0.3644976019859314,terrorism,1931-1950,SkipGram,194
dress,0.3641529977321625,terrorism,1931-1950,SkipGram,195
autonomy,0.36407408118247986,terrorism,1931-1950,SkipGram,196
boone,0.36394521594047546,terrorism,1931-1950,SkipGram,197
issue_proclamation,0.36370521783828735,terrorism,1931-1950,SkipGram,198
utah,0.3635278344154358,terrorism,1931-1950,SkipGram,199
athens_web,0.36343613266944885,terrorism,1931-1950,SkipGram,200
nicaragua,0.36340242624282837,terrorism,1931-1950,SkipGram,201
papal,0.3632761836051941,terrorism,1931-1950,SkipGram,202
drastic_step,0.3632694482803345,terrorism,1931-1950,SkipGram,203
govern,0.3632555603981018,terrorism,1931-1950,SkipGram,204
noun,0.3631990849971771,terrorism,1931-1950,SkipGram,205
resist,0.3628963828086853,terrorism,1931-1950,SkipGram,206
boast,0.3626860976219177,terrorism,1931-1950,SkipGram,207
close_contact,0.3626824617385864,terrorism,1931-1950,SkipGram,208
ferment,0.36266908049583435,terrorism,1931-1950,SkipGram,209
forecast,0.36266401410102844,terrorism,1931-1950,SkipGram,210
palestine_clifton,0.3625415861606598,terrorism,1931-1950,SkipGram,211
binary,0.362525075674057,terrorism,1931-1950,SkipGram,212
clarence,0.362445205450058,terrorism,1931-1950,SkipGram,213
dresden,0.36234167218208313,terrorism,1931-1950,SkipGram,214
extraordinary_precaution,0.36232656240463257,terrorism,1931-1950,SkipGram,215
formal_protest,0.3622424900531769,terrorism,1931-1950,SkipGram,216
plot_overthrow,0.3620903491973877,terrorism,1931-1950,SkipGram,217
sofia_bulgaria,0.36199405789375305,terrorism,1931-1950,SkipGram,218
speakers,0.36198899149894714,terrorism,1931-1950,SkipGram,219
woll,0.3619558811187744,terrorism,1931-1950,SkipGram,220
wide_area,0.361930251121521,terrorism,1931-1950,SkipGram,221
incite,0.3618716895580292,terrorism,1931-1950,SkipGram,222
forestall,0.3616364300251007,terrorism,1931-1950,SkipGram,223
dungeon,0.36136746406555176,terrorism,1931-1950,SkipGram,224
attacks,0.3612375557422638,terrorism,1931-1950,SkipGram,225
mob_violence,0.3611942231655121,terrorism,1931-1950,SkipGram,226
shipyard,0.36104318499565125,terrorism,1931-1950,SkipGram,227
copeland,0.36099910736083984,terrorism,1931-1950,SkipGram,228
mob,0.36089658737182617,terrorism,1931-1950,SkipGram,229
demonstrator,0.36069199442863464,terrorism,1931-1950,SkipGram,230
suppression,0.3605460226535797,terrorism,1931-1950,SkipGram,231
grand_dragon,0.3603498041629791,terrorism,1931-1950,SkipGram,232
camille_special,0.3603152930736542,terrorism,1931-1950,SkipGram,233
assassination_attempt,0.36009424924850464,terrorism,1931-1950,SkipGram,234
hunger,0.36008787155151367,terrorism,1931-1950,SkipGram,235
mal,0.3600120544433594,terrorism,1931-1950,SkipGram,236
doom,0.3597729206085205,terrorism,1931-1950,SkipGram,237
sob,0.35969290137290955,terrorism,1931-1950,SkipGram,238
nazi,0.3594481647014618,terrorism,1931-1950,SkipGram,239
malay,0.35936033725738525,terrorism,1931-1950,SkipGram,240
persecute,0.3590792119503021,terrorism,1931-1950,SkipGram,241
carnival,0.35902246832847595,terrorism,1931-1950,SkipGram,242
masquerade,0.35831645131111145,terrorism,1931-1950,SkipGram,243
submit_memorandum,0.35831019282341003,terrorism,1931-1950,SkipGram,244
alienated,0.35825595259666443,terrorism,1931-1950,SkipGram,245
budapest_hungary,0.35809144377708435,terrorism,1931-1950,SkipGram,246
quieter,0.35806789994239807,terrorism,1931-1950,SkipGram,247
thwart,0.3580555319786072,terrorism,1931-1950,SkipGram,248
clifton_daniel_tireless_times,0.35781484842300415,terrorism,1931-1950,SkipGram,249
aloofness,0.3577538728713989,terrorism,1931-1950,SkipGram,250
defamation,0.3576631546020508,terrorism,1931-1950,SkipGram,251
christians,0.35744890570640564,terrorism,1931-1950,SkipGram,252
herbert_matthews,0.35722389817237854,terrorism,1931-1950,SkipGram,253
ultimate_victory,0.35694169998168945,terrorism,1931-1950,SkipGram,254
felix,0.35620802640914917,terrorism,1931-1950,SkipGram,255
talks,0.35605165362358093,terrorism,1931-1950,SkipGram,256
wellington,0.355959415435791,terrorism,1931-1950,SkipGram,257
birmingham_la,0.35569772124290466,terrorism,1931-1950,SkipGram,258
unionist_militia,0.35567572712898254,terrorism,1931-1950,SkipGram,259
lids,0.35565444827079773,terrorism,1931-1950,SkipGram,260
plump,0.3555524945259094,terrorism,1931-1950,SkipGram,261
neutral_observer,0.35505497455596924,terrorism,1931-1950,SkipGram,262
summarily,0.3550245761871338,terrorism,1931-1950,SkipGram,263
telephone_tre_berne,0.3548998236656189,terrorism,1931-1950,SkipGram,264
raider,0.3547514081001282,terrorism,1931-1950,SkipGram,265
barcelona_pain,0.35401496291160583,terrorism,1931-1950,SkipGram,266
cannibalism,0.3539617359638214,terrorism,1931-1950,SkipGram,267
reach_peak,0.35375478863716125,terrorism,1931-1950,SkipGram,268
lehman,0.3536875247955322,terrorism,1931-1950,SkipGram,269
tat,0.35366347432136536,terrorism,1931-1950,SkipGram,270
sydney,0.3535556197166443,terrorism,1931-1950,SkipGram,271
metropolitan_area,0.3533836901187897,terrorism,1931-1950,SkipGram,272
univer,0.353291392326355,terrorism,1931-1950,SkipGram,273
weir,0.35326072573661804,terrorism,1931-1950,SkipGram,274
dieted,0.35313236713409424,terrorism,1931-1950,SkipGram,275
disappoint,0.3529394865036011,terrorism,1931-1950,SkipGram,276
cafe,0.3528025448322296,terrorism,1931-1950,SkipGram,277
norway_netherlands,0.35265645384788513,terrorism,1931-1950,SkipGram,278
iron_curtain,0.35265251994132996,terrorism,1931-1950,SkipGram,279
skull,0.3524931073188782,terrorism,1931-1950,SkipGram,280
antireligious,0.35247668623924255,terrorism,1931-1950,SkipGram,281
cheek,0.3524564504623413,terrorism,1931-1950,SkipGram,282
armed_revolt,0.3524303138256073,terrorism,1931-1950,SkipGram,283
po_lice,0.35234183073043823,terrorism,1931-1950,SkipGram,284
rabid,0.3523350954055786,terrorism,1931-1950,SkipGram,285
precaution_prevent,0.35188767313957214,terrorism,1931-1950,SkipGram,286
senator_copeland,0.3517664074897766,terrorism,1931-1950,SkipGram,287
countermeasure,0.35131117701530457,terrorism,1931-1950,SkipGram,288
austrian_chancellor,0.3511146008968353,terrorism,1931-1950,SkipGram,289
cruelty,0.35108527541160583,terrorism,1931-1950,SkipGram,290
rum,0.3508955240249634,terrorism,1931-1950,SkipGram,291
drastic,0.3508659601211548,terrorism,1931-1950,SkipGram,292
adopt_resolution,0.35085201263427734,terrorism,1931-1950,SkipGram,293
machinery,0.3507794439792633,terrorism,1931-1950,SkipGram,294
reel,0.35077354311943054,terrorism,1931-1950,SkipGram,295
partisans,0.3507247865200043,terrorism,1931-1950,SkipGram,296
milan,0.35070374608039856,terrorism,1931-1950,SkipGram,297
belgium_netherlands,0.35055214166641235,terrorism,1931-1950,SkipGram,298
immigrants,0.35050785541534424,terrorism,1931-1950,SkipGram,299
vassal,0.3504047095775604,terrorism,1931-1950,SkipGram,300
occupation_authority,0.3503454923629761,terrorism,1931-1950,SkipGram,301
relentlessly,0.3501104712486267,terrorism,1931-1950,SkipGram,302
lake_success,0.3499159514904022,terrorism,1931-1950,SkipGram,303
reach_climax,0.34967151284217834,terrorism,1931-1950,SkipGram,304
bolt,0.3496699035167694,terrorism,1931-1950,SkipGram,305
riots,0.34962916374206543,terrorism,1931-1950,SkipGram,306
withholding,0.349620521068573,terrorism,1931-1950,SkipGram,307
pullman,0.3492431640625,terrorism,1931-1950,SkipGram,308
tentative,0.34918472170829773,terrorism,1931-1950,SkipGram,309
genesis,0.34912142157554626,terrorism,1931-1950,SkipGram,310
lag,0.34908026456832886,terrorism,1931-1950,SkipGram,311
self,0.3488531708717346,terrorism,1931-1950,SkipGram,312
naples,0.3486275374889374,terrorism,1931-1950,SkipGram,313
dip,0.34843000769615173,terrorism,1931-1950,SkipGram,314
phillips,0.3484005928039551,terrorism,1931-1950,SkipGram,315
perturb,0.34838107228279114,terrorism,1931-1950,SkipGram,316
renegade,0.34832656383514404,terrorism,1931-1950,SkipGram,317
honolulu,0.3480561077594757,terrorism,1931-1950,SkipGram,318
taxi,0.3480190932750702,terrorism,1931-1950,SkipGram,319
deeply_concerned,0.3478282690048218,terrorism,1931-1950,SkipGram,320
fbi,0.3473148047924042,terrorism,1931-1950,SkipGram,321
barbed_wire_fence,0.3470781445503235,terrorism,1931-1950,SkipGram,322
armed_rebellion,0.34661462903022766,terrorism,1931-1950,SkipGram,323
civilians,0.3465311527252197,terrorism,1931-1950,SkipGram,324
rigor,0.3464256525039673,terrorism,1931-1950,SkipGram,325
rivalry,0.3461505174636841,terrorism,1931-1950,SkipGram,326
african_colony,0.3461131453514099,terrorism,1931-1950,SkipGram,327
british_officials,0.3459853231906891,terrorism,1931-1950,SkipGram,328
assail,0.3459233045578003,terrorism,1931-1950,SkipGram,329
einstein,0.34589433670043945,terrorism,1931-1950,SkipGram,330
tense_situation,0.34572097659111023,terrorism,1931-1950,SkipGram,331
hobby,0.34567856788635254,terrorism,1931-1950,SkipGram,332
record,0.34541791677474976,terrorism,1931-1950,SkipGram,333
death_threat,0.34523627161979675,terrorism,1931-1950,SkipGram,334
armed_conflict,0.34494420886039734,terrorism,1931-1950,SkipGram,335
revolt,0.3447410762310028,terrorism,1931-1950,SkipGram,336
refugees,0.34459635615348816,terrorism,1931-1950,SkipGram,337
director,0.34451642632484436,terrorism,1931-1950,SkipGram,338
rights,0.344509094953537,terrorism,1931-1950,SkipGram,339
storm_centre,0.34407660365104675,terrorism,1931-1950,SkipGram,340
bomb_plot,0.34393003582954407,terrorism,1931-1950,SkipGram,341
serious_outbreak,0.34355565905570984,terrorism,1931-1950,SkipGram,342
youngstown,0.34354302287101746,terrorism,1931-1950,SkipGram,343
abduction,0.3435239791870117,terrorism,1931-1950,SkipGram,344
vow,0.34345731139183044,terrorism,1931-1950,SkipGram,345
vanguard,0.34337708353996277,terrorism,1931-1950,SkipGram,346
mele,0.34315070509910583,terrorism,1931-1950,SkipGram,347
spontaneous,0.3429224491119385,terrorism,1931-1950,SkipGram,348
inquisition,0.34267458319664,terrorism,1931-1950,SkipGram,349
dandy,0.34266871213912964,terrorism,1931-1950,SkipGram,350
lima_peru,0.342521071434021,terrorism,1931-1950,SkipGram,351
tula_tumour,0.34233587980270386,terrorism,1931-1950,SkipGram,352
assassination_king_alexander,0.34232962131500244,terrorism,1931-1950,SkipGram,353
puerto_rico,0.34225210547447205,terrorism,1931-1950,SkipGram,354
proclaim,0.34222540259361267,terrorism,1931-1950,SkipGram,355
overture,0.34208807349205017,terrorism,1931-1950,SkipGram,356
rioting,0.34204792976379395,terrorism,1931-1950,SkipGram,357
stores,0.34196847677230835,terrorism,1931-1950,SkipGram,358
obstruction,0.34194058179855347,terrorism,1931-1950,SkipGram,359
uncompromising,0.3417370021343231,terrorism,1931-1950,SkipGram,360
boa,0.34169071912765503,terrorism,1931-1950,SkipGram,361
berne_switzerland,0.34168076515197754,terrorism,1931-1950,SkipGram,362
resolution_condemn,0.3416248857975006,terrorism,1931-1950,SkipGram,363
approval,0.3415861129760742,terrorism,1931-1950,SkipGram,364
rec,0.3415372371673584,terrorism,1931-1950,SkipGram,365
sign_decree,0.3413142263889313,terrorism,1931-1950,SkipGram,366
seamen,0.3412739336490631,terrorism,1931-1950,SkipGram,367
balkan_war,0.3411935269832611,terrorism,1931-1950,SkipGram,368
sultan,0.3410278260707855,terrorism,1931-1950,SkipGram,369
ask,0.3408683240413666,terrorism,1931-1950,SkipGram,370
punish,0.34080713987350464,terrorism,1931-1950,SkipGram,371
seize,0.34080570936203003,terrorism,1931-1950,SkipGram,372
accent,0.3408038020133972,terrorism,1931-1950,SkipGram,373
israeli,0.34077537059783936,terrorism,1931-1950,SkipGram,374
brazil,0.3405205011367798,terrorism,1931-1950,SkipGram,375
abate,0.340406596660614,terrorism,1931-1950,SkipGram,376
stifle,0.34039488434791565,terrorism,1931-1950,SkipGram,377
issue_decree,0.34034398198127747,terrorism,1931-1950,SkipGram,378
prey,0.3402242064476013,terrorism,1931-1950,SkipGram,379
cairo_egypt,0.34020373225212097,terrorism,1931-1950,SkipGram,380
source,0.340202271938324,terrorism,1931-1950,SkipGram,381
frank,0.3401424288749695,terrorism,1931-1950,SkipGram,382
elated,0.33977869153022766,terrorism,1931-1950,SkipGram,383
expeditionary_force,0.33960598707199097,terrorism,1931-1950,SkipGram,384
rio,0.33926570415496826,terrorism,1931-1950,SkipGram,385
reassert,0.3392307758331299,terrorism,1931-1950,SkipGram,386
independence_movement,0.33919578790664673,terrorism,1931-1950,SkipGram,387
planning,0.3390950858592987,terrorism,1931-1950,SkipGram,388
barbarous,0.3390408158302307,terrorism,1931-1950,SkipGram,389
socialist_worker,0.3389824628829956,terrorism,1931-1950,SkipGram,390
anne,0.33863863348960876,terrorism,1931-1950,SkipGram,391
bristol,0.3385159969329834,terrorism,1931-1950,SkipGram,392
release_jail,0.33846473693847656,terrorism,1931-1950,SkipGram,393
polite_cal,0.338356077671051,terrorism,1931-1950,SkipGram,394
executioner,0.338321328163147,terrorism,1931-1950,SkipGram,395
dorothy_thompson,0.3381879925727844,terrorism,1931-1950,SkipGram,396
damascus,0.3381285071372986,terrorism,1931-1950,SkipGram,397
deer,0.3381153345108032,terrorism,1931-1950,SkipGram,398
president_suis,0.33800795674324036,terrorism,1931-1950,SkipGram,399
unanimously,0.3378159999847412,terrorism,1931-1950,SkipGram,400
turkey,0.33777350187301636,terrorism,1931-1950,SkipGram,401
firearm,0.33772188425064087,terrorism,1931-1950,SkipGram,402
slew,0.3375966250896454,terrorism,1931-1950,SkipGram,403
hungarian_frontier,0.33755385875701904,terrorism,1931-1950,SkipGram,404
mass_murder,0.33737847208976746,terrorism,1931-1950,SkipGram,405
rubber_estate,0.33723920583724976,terrorism,1931-1950,SkipGram,406
conspire,0.3371553421020508,terrorism,1931-1950,SkipGram,407
rift,0.33711397647857666,terrorism,1931-1950,SkipGram,408
tactic_employ,0.33683982491493225,terrorism,1931-1950,SkipGram,409
alabama,0.3367936909198761,terrorism,1931-1950,SkipGram,410
flatly,0.3366160988807678,terrorism,1931-1950,SkipGram,411
northern_frontier,0.3365756869316101,terrorism,1931-1950,SkipGram,412
excuse,0.3364017903804779,terrorism,1931-1950,SkipGram,413
municipality,0.3363264203071594,terrorism,1931-1950,SkipGram,414
infamous,0.3363247811794281,terrorism,1931-1950,SkipGram,415
dispossess,0.33627811074256897,terrorism,1931-1950,SkipGram,416
mufti_min_el,0.3362363278865814,terrorism,1931-1950,SkipGram,417
vainly,0.3361818790435791,terrorism,1931-1950,SkipGram,418
wolff,0.3358040153980255,terrorism,1931-1950,SkipGram,419
boxer,0.3356798589229584,terrorism,1931-1950,SkipGram,420
meekly,0.33548054099082947,terrorism,1931-1950,SkipGram,421
towns,0.33526384830474854,terrorism,1931-1950,SkipGram,422
hunt,0.3346848487854004,terrorism,1931-1950,SkipGram,423
stevedore,0.3346531093120575,terrorism,1931-1950,SkipGram,424
regime,0.3345790505409241,terrorism,1931-1950,SkipGram,425
raid,0.3344593942165375,terrorism,1931-1950,SkipGram,426
ample_evidence,0.33441078662872314,terrorism,1931-1950,SkipGram,427
rugs,0.33436647057533264,terrorism,1931-1950,SkipGram,428
overpower,0.3341575860977173,terrorism,1931-1950,SkipGram,429
backs,0.33410289883613586,terrorism,1931-1950,SkipGram,430
measure_repress,0.33403292298316956,terrorism,1931-1950,SkipGram,431
trim,0.33343738317489624,terrorism,1931-1950,SkipGram,432
albania_bulgaria,0.33310261368751526,terrorism,1931-1950,SkipGram,433
arrow,0.3330862820148468,terrorism,1931-1950,SkipGram,434
defy,0.3330790400505066,terrorism,1931-1950,SkipGram,435
zionist,0.33305108547210693,terrorism,1931-1950,SkipGram,436
running,0.3327418863773346,terrorism,1931-1950,SkipGram,437
compilation,0.332467257976532,terrorism,1931-1950,SkipGram,438
settle_dispute,0.3324221670627594,terrorism,1931-1950,SkipGram,439
guerrilla_activity,0.3323843479156494,terrorism,1931-1950,SkipGram,440
semiautonomous,0.33229029178619385,terrorism,1931-1950,SkipGram,441
kin,0.33222565054893494,terrorism,1931-1950,SkipGram,442
ire,0.3321652412414551,terrorism,1931-1950,SkipGram,443
refugee_flee,0.3320271968841553,terrorism,1931-1950,SkipGram,444
unions,0.3319813013076782,terrorism,1931-1950,SkipGram,445
black_legion,0.3319750130176544,terrorism,1931-1950,SkipGram,446
rise,0.3319368064403534,terrorism,1931-1950,SkipGram,447
disruption,0.33192864060401917,terrorism,1931-1950,SkipGram,448
department_store,0.3318590819835663,terrorism,1931-1950,SkipGram,449
spread,0.3317558467388153,terrorism,1931-1950,SkipGram,450
shantung_province,0.3315674364566803,terrorism,1931-1950,SkipGram,451
soup,0.3315247893333435,terrorism,1931-1950,SkipGram,452
pacify,0.33100900053977966,terrorism,1931-1950,SkipGram,453
specter,0.33096855878829956,terrorism,1931-1950,SkipGram,454
specially,0.33085596561431885,terrorism,1931-1950,SkipGram,455
beat_death,0.33079177141189575,terrorism,1931-1950,SkipGram,456
trading,0.3306821882724762,terrorism,1931-1950,SkipGram,457
communists,0.3305985927581787,terrorism,1931-1950,SkipGram,458
federation_teachers,0.3305487334728241,terrorism,1931-1950,SkipGram,459
whispering,0.3304256200790405,terrorism,1931-1950,SkipGram,460
yoke,0.33031851053237915,terrorism,1931-1950,SkipGram,461
pa,0.33023038506507874,terrorism,1931-1950,SkipGram,462
sedative,0.3302144408226013,terrorism,1931-1950,SkipGram,463
assailant_escape,0.3301297724246979,terrorism,1931-1950,SkipGram,464
reign_terror,0.3299817144870758,terrorism,1931-1950,SkipGram,465
user,0.32975128293037415,terrorism,1931-1950,SkipGram,466
accuse_clot,0.3296872079372406,terrorism,1931-1950,SkipGram,467
aunt,0.3296678066253662,terrorism,1931-1950,SkipGram,468
cunningham,0.3295302391052246,terrorism,1931-1950,SkipGram,469
injured,0.3293675184249878,terrorism,1931-1950,SkipGram,470
hunter,0.3292628228664398,terrorism,1931-1950,SkipGram,471
lookout,0.32921066880226135,terrorism,1931-1950,SkipGram,472
bridle,0.32904526591300964,terrorism,1931-1950,SkipGram,473
mourning,0.3288787007331848,terrorism,1931-1950,SkipGram,474
bean,0.328637033700943,terrorism,1931-1950,SkipGram,475
terrorist_activity,0.32857152819633484,terrorism,1931-1950,SkipGram,476
extraordinary_session,0.32853925228118896,terrorism,1931-1950,SkipGram,477
isabel,0.3284454643726349,terrorism,1931-1950,SkipGram,478
tireless_times_havana,0.3284316658973694,terrorism,1931-1950,SkipGram,479
inaction,0.328348845243454,terrorism,1931-1950,SkipGram,480
cross_river,0.32829520106315613,terrorism,1931-1950,SkipGram,481
plan,0.3281882703304291,terrorism,1931-1950,SkipGram,482
boil,0.32809582352638245,terrorism,1931-1950,SkipGram,483
seizure,0.3279803693294525,terrorism,1931-1950,SkipGram,484
rabbi_stephen,0.3279608190059662,terrorism,1931-1950,SkipGram,485
tel_aviv,0.32791781425476074,terrorism,1931-1950,SkipGram,486
commission,0.32788318395614624,terrorism,1931-1950,SkipGram,487
person_property,0.3278470039367676,terrorism,1931-1950,SkipGram,488
julius_stretcher,0.3278469741344452,terrorism,1931-1950,SkipGram,489
ilo,0.32778018712997437,terrorism,1931-1950,SkipGram,490
divert_attention,0.3277466893196106,terrorism,1931-1950,SkipGram,491
cologne,0.3276101350784302,terrorism,1931-1950,SkipGram,492
greeks,0.32748109102249146,terrorism,1931-1950,SkipGram,493
cornell,0.3274087607860565,terrorism,1931-1950,SkipGram,494
accede,0.3273605406284332,terrorism,1931-1950,SkipGram,495
deform,0.32734736800193787,terrorism,1931-1950,SkipGram,496
banditry,0.3271782398223877,terrorism,1931-1950,SkipGram,497
maids,0.32716646790504456,terrorism,1931-1950,SkipGram,498
break_silence,0.3270625174045563,terrorism,1931-1950,SkipGram,499
terrorist_activity,0.6436644792556763,terrorist,1931-1950,CBOW,1
outrage,0.5753232836723328,terrorist,1931-1950,CBOW,2
terrorist_organization,0.5598890781402588,terrorist,1931-1950,CBOW,3
act_violence,0.5500107407569885,terrorist,1931-1950,CBOW,4
terrorist_attack,0.5195963978767395,terrorist,1931-1950,CBOW,5
lawless,0.5177291035652161,terrorist,1931-1950,CBOW,6
disorder,0.5176838040351868,terrorist,1931-1950,CBOW,7
terror,0.514595091342926,terrorist,1931-1950,CBOW,8
reign_terror,0.5017585158348083,terrorist,1931-1950,CBOW,9
agitation,0.49692338705062866,terrorist,1931-1950,CBOW,10
underground,0.49599069356918335,terrorist,1931-1950,CBOW,11
killing,0.4957613945007324,terrorist,1931-1950,CBOW,12
instigator,0.48949912190437317,terrorist,1931-1950,CBOW,13
instigate,0.4890349209308624,terrorist,1931-1950,CBOW,14
informer,0.48745253682136536,terrorist,1931-1950,CBOW,15
violence,0.48502305150032043,terrorist,1931-1950,CBOW,16
underground_organization,0.4811263680458069,terrorist,1931-1950,CBOW,17
extremist,0.4801442623138428,terrorist,1931-1950,CBOW,18
resistance_movement,0.4750153720378876,terrorist,1931-1950,CBOW,19
intensify,0.4703114628791809,terrorist,1931-1950,CBOW,20
agitator,0.4678603410720825,terrorist,1931-1950,CBOW,21
mediator_palestine,0.4646419882774353,terrorist,1931-1950,CBOW,22
au_authority,0.46403488516807556,terrorist,1931-1950,CBOW,23
bridle,0.4637939929962158,terrorist,1931-1950,CBOW,24
passive_resistance,0.4564700424671173,terrorist,1931-1950,CBOW,25
oppressive_measure,0.45562705397605896,terrorist,1931-1950,CBOW,26
spontaneous,0.45321086049079895,terrorist,1931-1950,CBOW,27
reprisal,0.45165157318115234,terrorist,1931-1950,CBOW,28
murder_innocent,0.4506245255470276,terrorist,1931-1950,CBOW,29
murder,0.4492310881614685,terrorist,1931-1950,CBOW,30
retaliation,0.44895461201667786,terrorist,1931-1950,CBOW,31
incitement,0.44748228788375854,terrorist,1931-1950,CBOW,32
recrudescence,0.4464069604873657,terrorist,1931-1950,CBOW,33
assassination,0.44627439975738525,terrorist,1931-1950,CBOW,34
severity,0.4445936679840088,terrorist,1931-1950,CBOW,35
repress,0.44453132152557373,terrorist,1931-1950,CBOW,36
ascribe,0.44350671768188477,terrorist,1931-1950,CBOW,37
extremist_group,0.44344112277030945,terrorist,1931-1950,CBOW,38
robbery,0.44334596395492554,terrorist,1931-1950,CBOW,39
jerusalem_dig,0.44227299094200134,terrorist,1931-1950,CBOW,40
outlaw,0.4411074221134186,terrorist,1931-1950,CBOW,41
sympathizer,0.44079846143722534,terrorist,1931-1950,CBOW,42
rioting,0.43997418880462646,terrorist,1931-1950,CBOW,43
murderer,0.4393461048603058,terrorist,1931-1950,CBOW,44
bombing,0.4386298358440399,terrorist,1931-1950,CBOW,45
dissident,0.4354884922504425,terrorist,1931-1950,CBOW,46
assassin,0.4297953248023987,terrorist,1931-1950,CBOW,47
outlaws,0.4292926788330078,terrorist,1931-1950,CBOW,48
theft,0.4290911555290222,terrorist,1931-1950,CBOW,49
run_vi_semi,0.4287477731704712,terrorist,1931-1950,CBOW,50
kidnapping,0.4270744025707245,terrorist,1931-1950,CBOW,51
uprising,0.4263626039028168,terrorist,1931-1950,CBOW,52
irish_republican_army,0.42633068561553955,terrorist,1931-1950,CBOW,53
strict_cure,0.4262106418609619,terrorist,1931-1950,CBOW,54
mass_murder,0.42557722330093384,terrorist,1931-1950,CBOW,55
outburst,0.4246733486652374,terrorist,1931-1950,CBOW,56
hostage,0.4245162010192871,terrorist,1931-1950,CBOW,57
allegedly,0.42398035526275635,terrorist,1931-1950,CBOW,58
organized,0.42316657304763794,terrorist,1931-1950,CBOW,59
stern,0.42313292622566223,terrorist,1931-1950,CBOW,60
unionist_militia,0.4215357303619385,terrorist,1931-1950,CBOW,61
instigation,0.4211956262588501,terrorist,1931-1950,CBOW,62
claim_credit,0.4211447536945343,terrorist,1931-1950,CBOW,63
holy_war,0.4210032820701599,terrorist,1931-1950,CBOW,64
depredation,0.4209049940109253,terrorist,1931-1950,CBOW,65
ted,0.4204375147819519,terrorist,1931-1950,CBOW,66
frustrate,0.4160459041595459,terrorist,1931-1950,CBOW,67
abduction,0.41498756408691406,terrorist,1931-1950,CBOW,68
senseless,0.4132763147354126,terrorist,1931-1950,CBOW,69
destruction_property,0.41210025548934937,terrorist,1931-1950,CBOW,70
liable,0.4120577275753021,terrorist,1931-1950,CBOW,71
threat,0.41173866391181946,terrorist,1931-1950,CBOW,72
mob_violence,0.41036516427993774,terrorist,1931-1950,CBOW,73
perpetrator,0.41014668345451355,terrorist,1931-1950,CBOW,74
count_sole,0.4080854058265686,terrorist,1931-1950,CBOW,75
revenge,0.40749382972717285,terrorist,1931-1950,CBOW,76
sabotage,0.4073927700519562,terrorist,1931-1950,CBOW,77
erroneous,0.4052572548389435,terrorist,1931-1950,CBOW,78
northern_district,0.40460577607154846,terrorist,1931-1950,CBOW,79
drastic,0.4029388725757599,terrorist,1931-1950,CBOW,80
vengeance,0.4028439521789551,terrorist,1931-1950,CBOW,81
banditry,0.4025047719478607,terrorist,1931-1950,CBOW,82
antiterrorist,0.4018948972225189,terrorist,1931-1950,CBOW,83
rioter,0.401395708322525,terrorist,1931-1950,CBOW,84
attempt_murder,0.40137195587158203,terrorist,1931-1950,CBOW,85
wholesale_murder,0.4004465341567993,terrorist,1931-1950,CBOW,86
frustrated,0.4002460837364197,terrorist,1931-1950,CBOW,87
nazis,0.399535596370697,terrorist,1931-1950,CBOW,88
accomplice,0.39934369921684265,terrorist,1931-1950,CBOW,89
warning,0.3988838791847229,terrorist,1931-1950,CBOW,90
severely,0.398874968290329,terrorist,1931-1950,CBOW,91
republican_army,0.39790377020835876,terrorist,1931-1950,CBOW,92
revisionist,0.3976529836654663,terrorist,1931-1950,CBOW,93
assassination_attempt,0.3967644274234772,terrorist,1931-1950,CBOW,94
heavy_penalty,0.39670297503471375,terrorist,1931-1950,CBOW,95
rebellion,0.3967011570930481,terrorist,1931-1950,CBOW,96
jewish_underground,0.3964824378490448,terrorist,1931-1950,CBOW,97
hebrew_press,0.39647558331489563,terrorist,1931-1950,CBOW,98
round,0.39556166529655457,terrorist,1931-1950,CBOW,99
precaution_prevent,0.3952494263648987,terrorist,1931-1950,CBOW,100
political_opponent,0.395064115524292,terrorist,1931-1950,CBOW,101
active,0.3947604298591614,terrorist,1931-1950,CBOW,102
riot,0.39372140169143677,terrorist,1931-1950,CBOW,103
decreed,0.393024742603302,terrorist,1931-1950,CBOW,104
hothead,0.3928966820240021,terrorist,1931-1950,CBOW,105
shooting,0.3924580216407776,terrorist,1931-1950,CBOW,106
weekend,0.3923341929912567,terrorist,1931-1950,CBOW,107
brigandage,0.39197060465812683,terrorist,1931-1950,CBOW,108
institute,0.3909836709499359,terrorist,1931-1950,CBOW,109
ill_treatment,0.39083534479141235,terrorist,1931-1950,CBOW,110
extortion,0.39035308361053467,terrorist,1931-1950,CBOW,111
ringleader,0.38920724391937256,terrorist,1931-1950,CBOW,112
stringent,0.3888965845108032,terrorist,1931-1950,CBOW,113
citizens_federation,0.3884277641773224,terrorist,1931-1950,CBOW,114
undercover,0.38797107338905334,terrorist,1931-1950,CBOW,115
unionist_underground,0.38767221570014954,terrorist,1931-1950,CBOW,116
electoral_campaign,0.3866281509399414,terrorist,1931-1950,CBOW,117
illegal_possession,0.38618385791778564,terrorist,1931-1950,CBOW,118
issue_manifesto,0.385862797498703,terrorist,1931-1950,CBOW,119
wave_violence,0.38557663559913635,terrorist,1931-1950,CBOW,120
carefully_plan,0.38487157225608826,terrorist,1931-1950,CBOW,121
intimidate,0.3846522569656372,terrorist,1931-1950,CBOW,122
widespread,0.38428589701652527,terrorist,1931-1950,CBOW,123
surveillance,0.3842449188232422,terrorist,1931-1950,CBOW,124
strife,0.3839878439903259,terrorist,1931-1950,CBOW,125
dissent,0.38396337628364563,terrorist,1931-1950,CBOW,126
torment,0.3839104473590851,terrorist,1931-1950,CBOW,127
fifth_column,0.38371461629867554,terrorist,1931-1950,CBOW,128
erroneously,0.38265910744667053,terrorist,1931-1950,CBOW,129
condemn,0.38261598348617554,terrorist,1931-1950,CBOW,130
labor_leader,0.38254502415657043,terrorist,1931-1950,CBOW,131
martial_law,0.38211965560913086,terrorist,1931-1950,CBOW,132
suspect,0.3819826543331146,terrorist,1931-1950,CBOW,133
outrage_perpetrate,0.3818835914134979,terrorist,1931-1950,CBOW,134
pretext,0.38143402338027954,terrorist,1931-1950,CBOW,135
difficulty_obtain,0.38136979937553406,terrorist,1931-1950,CBOW,136
intense,0.38135743141174316,terrorist,1931-1950,CBOW,137
iron_guard,0.3812403678894043,terrorist,1931-1950,CBOW,138
measure_repress,0.38116395473480225,terrorist,1931-1950,CBOW,139
kidnap,0.38055747747421265,terrorist,1931-1950,CBOW,140
gang,0.3804122507572174,terrorist,1931-1950,CBOW,141
flogging,0.37980806827545166,terrorist,1931-1950,CBOW,142
underground_movement,0.37966910004615784,terrorist,1931-1950,CBOW,143
importation,0.3794012665748596,terrorist,1931-1950,CBOW,144
ultimatum,0.3793940544128418,terrorist,1931-1950,CBOW,145
provocation,0.37935346364974976,terrorist,1931-1950,CBOW,146
terrorism,0.37927716970443726,terrorist,1931-1950,CBOW,147
innocent,0.37904998660087585,terrorist,1931-1950,CBOW,148
fascist,0.37862610816955566,terrorist,1931-1950,CBOW,149
armed_robbery,0.3781195282936096,terrorist,1931-1950,CBOW,150
find_guilty,0.37786832451820374,terrorist,1931-1950,CBOW,151
wholesale,0.37755540013313293,terrorist,1931-1950,CBOW,152
pistoleros,0.37736985087394714,terrorist,1931-1950,CBOW,153
counter,0.3773471415042877,terrorist,1931-1950,CBOW,154
retaliatory,0.3765608072280884,terrorist,1931-1950,CBOW,155
illegal,0.37576407194137573,terrorist,1931-1950,CBOW,156
anti,0.37558960914611816,terrorist,1931-1950,CBOW,157
unionist_revisionist,0.37546172738075256,terrorist,1931-1950,CBOW,158
cult,0.3748753070831299,terrorist,1931-1950,CBOW,159
lawlessness,0.374759316444397,terrorist,1931-1950,CBOW,160
perpetrate,0.37463635206222534,terrorist,1931-1950,CBOW,161
outbreak_violence,0.37360045313835144,terrorist,1931-1950,CBOW,162
liquidate,0.37283721566200256,terrorist,1931-1950,CBOW,163
clifton_daniel_special_times,0.37142786383628845,terrorist,1931-1950,CBOW,164
secrete,0.3712346851825714,terrorist,1931-1950,CBOW,165
wholesale_arrest,0.3708881735801697,terrorist,1931-1950,CBOW,166
openly,0.37072664499282837,terrorist,1931-1950,CBOW,167
terrorising,0.37014609575271606,terrorist,1931-1950,CBOW,168
allege_confession,0.3696458041667938,terrorist,1931-1950,CBOW,169
executioner,0.36961600184440613,terrorist,1931-1950,CBOW,170
exterminate,0.36959734559059143,terrorist,1931-1950,CBOW,171
barbarous,0.3695566952228546,terrorist,1931-1950,CBOW,172
emergency_regulation,0.36927711963653564,terrorist,1931-1950,CBOW,173
guilty,0.3688007593154907,terrorist,1931-1950,CBOW,174
abate,0.36870482563972473,terrorist,1931-1950,CBOW,175
pitch_battle,0.3683151304721832,terrorist,1931-1950,CBOW,176
ineffective,0.3681715726852417,terrorist,1931-1950,CBOW,177
death_penalty,0.3680493235588074,terrorist,1931-1950,CBOW,178
jerusalem_web,0.367864727973938,terrorist,1931-1950,CBOW,179
highly_organize,0.3665624260902405,terrorist,1931-1950,CBOW,180
boone,0.3664702773094177,terrorist,1931-1950,CBOW,181
resolutely,0.36621665954589844,terrorist,1931-1950,CBOW,182
incite,0.36568617820739746,terrorist,1931-1950,CBOW,183
severe_punishment,0.36491939425468445,terrorist,1931-1950,CBOW,184
blame,0.36459583044052124,terrorist,1931-1950,CBOW,185
min,0.3643116056919098,terrorist,1931-1950,CBOW,186
reminiscence,0.3641413748264313,terrorist,1931-1950,CBOW,187
fanatical,0.3640231490135193,terrorist,1931-1950,CBOW,188
showdown,0.3631642162799835,terrorist,1931-1950,CBOW,189
arson,0.3630789518356323,terrorist,1931-1950,CBOW,190
civil_war,0.3630663752555847,terrorist,1931-1950,CBOW,191
arab_nationalism,0.3626745641231537,terrorist,1931-1950,CBOW,192
stern_sing,0.3623630106449127,terrorist,1931-1950,CBOW,193
faint,0.362074613571167,terrorist,1931-1950,CBOW,194
inspire,0.36182647943496704,terrorist,1931-1950,CBOW,195
severe,0.3616252541542053,terrorist,1931-1950,CBOW,196
cripple,0.3612769544124603,terrorist,1931-1950,CBOW,197
sup_press,0.36125949025154114,terrorist,1931-1950,CBOW,198
hanging,0.3611574172973633,terrorist,1931-1950,CBOW,199
crackdown,0.3611079752445221,terrorist,1931-1950,CBOW,200
intermittent,0.361075222492218,terrorist,1931-1950,CBOW,201
defamation,0.3600110709667206,terrorist,1931-1950,CBOW,202
demagogic,0.3591466546058655,terrorist,1931-1950,CBOW,203
release_bail,0.35844436287879944,terrorist,1931-1950,CBOW,204
spain,0.3584081530570984,terrorist,1931-1950,CBOW,205
connivance,0.3579469621181488,terrorist,1931-1950,CBOW,206
extermination,0.3576485514640808,terrorist,1931-1950,CBOW,207
heighten,0.3575975298881531,terrorist,1931-1950,CBOW,208
occupation_authority,0.35693711042404175,terrorist,1931-1950,CBOW,209
president_suis,0.35669243335723877,terrorist,1931-1950,CBOW,210
reactionarie,0.35627907514572144,terrorist,1931-1950,CBOW,211
seizure,0.35591503977775574,terrorist,1931-1950,CBOW,212
bloodshed,0.3553556501865387,terrorist,1931-1950,CBOW,213
ac_cording,0.35508453845977783,terrorist,1931-1950,CBOW,214
slay,0.35461804270744324,terrorist,1931-1950,CBOW,215
punish,0.35426419973373413,terrorist,1931-1950,CBOW,216
swoop,0.3541691303253174,terrorist,1931-1950,CBOW,217
faction,0.3541356921195984,terrorist,1931-1950,CBOW,218
sentence_prison,0.35403168201446533,terrorist,1931-1950,CBOW,219
sternly,0.3538859784603119,terrorist,1931-1950,CBOW,220
serbian,0.35375678539276123,terrorist,1931-1950,CBOW,221
rumor,0.3537014126777649,terrorist,1931-1950,CBOW,222
embarrassed,0.35341402888298035,terrorist,1931-1950,CBOW,223
rid,0.35332030057907104,terrorist,1931-1950,CBOW,224
intensification,0.3529379963874817,terrorist,1931-1950,CBOW,225
parachutist,0.35292932391166687,terrorist,1931-1950,CBOW,226
arab_nationalists,0.35291969776153564,terrorist,1931-1950,CBOW,227
hooded,0.35290560126304626,terrorist,1931-1950,CBOW,228
commit_suicide,0.3528922498226166,terrorist,1931-1950,CBOW,229
overture,0.3528237044811249,terrorist,1931-1950,CBOW,230
invoke,0.3527962863445282,terrorist,1931-1950,CBOW,231
skull,0.3522252142429352,terrorist,1931-1950,CBOW,232
clemency,0.3518192768096924,terrorist,1931-1950,CBOW,233
assault,0.35159826278686523,terrorist,1931-1950,CBOW,234
anticommunist,0.35082921385765076,terrorist,1931-1950,CBOW,235
sentence_death,0.3507195711135864,terrorist,1931-1950,CBOW,236
enslavement,0.3505024015903473,terrorist,1931-1950,CBOW,237
disturber_peace,0.3499523401260376,terrorist,1931-1950,CBOW,238
reich,0.34973815083503723,terrorist,1931-1950,CBOW,239
hood,0.3494572043418884,terrorist,1931-1950,CBOW,240
commit_offense,0.34936416149139404,terrorist,1931-1950,CBOW,241
underground_run_vi,0.348865270614624,terrorist,1931-1950,CBOW,242
antisemitic,0.3487958312034607,terrorist,1931-1950,CBOW,243
bordeaux,0.34876561164855957,terrorist,1931-1950,CBOW,244
stern_group,0.34858885407447815,terrorist,1931-1950,CBOW,245
exaggerated,0.34829583764076233,terrorist,1931-1950,CBOW,246
supreme_penalty,0.34753599762916565,terrorist,1931-1950,CBOW,247
stamp,0.3463291525840759,terrorist,1931-1950,CBOW,248
demonstration,0.3461780846118927,terrorist,1931-1950,CBOW,249
arouse,0.3458009958267212,terrorist,1931-1950,CBOW,250
antisemitic_activity,0.3457348644733429,terrorist,1931-1950,CBOW,251
band,0.34542116522789,terrorist,1931-1950,CBOW,252
leaflet,0.34396880865097046,terrorist,1931-1950,CBOW,253
puerto_rico,0.3438761532306671,terrorist,1931-1950,CBOW,254
suppression,0.3432866632938385,terrorist,1931-1950,CBOW,255
halt,0.34311845898628235,terrorist,1931-1950,CBOW,256
lunatic,0.34259214997291565,terrorist,1931-1950,CBOW,257
participant,0.3424127399921417,terrorist,1931-1950,CBOW,258
cry,0.34223225712776184,terrorist,1931-1950,CBOW,259
menacing,0.34217116236686707,terrorist,1931-1950,CBOW,260
mesh_eager,0.3417830765247345,terrorist,1931-1950,CBOW,261
jewish_community,0.3417605757713318,terrorist,1931-1950,CBOW,262
remain_silent,0.34163689613342285,terrorist,1931-1950,CBOW,263
vigilante,0.3416072726249695,terrorist,1931-1950,CBOW,264
apprehend,0.3412019908428192,terrorist,1931-1950,CBOW,265
times_tokyo,0.3410389721393585,terrorist,1931-1950,CBOW,266
offer_reward,0.34085023403167725,terrorist,1931-1950,CBOW,267
stringent_measure,0.3405323326587677,terrorist,1931-1950,CBOW,268
culprit,0.34036174416542053,terrorist,1931-1950,CBOW,269
aliens,0.34030333161354065,terrorist,1931-1950,CBOW,270
lima_peru,0.34018054604530334,terrorist,1931-1950,CBOW,271
blackmail,0.3401459753513336,terrorist,1931-1950,CBOW,272
countryman,0.34008362889289856,terrorist,1931-1950,CBOW,273
provide_death_penalty,0.33993348479270935,terrorist,1931-1950,CBOW,274
sov_turner,0.3397240936756134,terrorist,1931-1950,CBOW,275
unprecedented,0.3396942913532257,terrorist,1931-1950,CBOW,276
sheikh,0.33963045477867126,terrorist,1931-1950,CBOW,277
pocket,0.33931413292884827,terrorist,1931-1950,CBOW,278
innocent_person,0.3391413986682892,terrorist,1931-1950,CBOW,279
infiltration,0.3388715982437134,terrorist,1931-1950,CBOW,280
patriot,0.33861616253852844,terrorist,1931-1950,CBOW,281
deliberate,0.33809512853622437,terrorist,1931-1950,CBOW,282
whispering,0.33780601620674133,terrorist,1931-1950,CBOW,283
torture,0.33761653304100037,terrorist,1931-1950,CBOW,284
coercion_intimidation,0.3370486795902252,terrorist,1931-1950,CBOW,285
political_circle,0.33694082498550415,terrorist,1931-1950,CBOW,286
riots,0.3369249701499939,terrorist,1931-1950,CBOW,287
spying,0.3368498682975769,terrorist,1931-1950,CBOW,288
ban,0.336818665266037,terrorist,1931-1950,CBOW,289
activity,0.3365730345249176,terrorist,1931-1950,CBOW,290
diversionary,0.33621272444725037,terrorist,1931-1950,CBOW,291
bomb_plot,0.3361169993877411,terrorist,1931-1950,CBOW,292
outlaw_irish_republican_army,0.33600911498069763,terrorist,1931-1950,CBOW,293
foreshadow,0.33562931418418884,terrorist,1931-1950,CBOW,294
chief_lieutenant,0.33562159538269043,terrorist,1931-1950,CBOW,295
tension,0.3353714048862457,terrorist,1931-1950,CBOW,296
violence_intimidation,0.33532577753067017,terrorist,1931-1950,CBOW,297
nationalist_movement,0.3347294330596924,terrorist,1931-1950,CBOW,298
tense_situation,0.3346039652824402,terrorist,1931-1950,CBOW,299
categorically_deny,0.3342522382736206,terrorist,1931-1950,CBOW,300
labor_racketeer,0.33409440517425537,terrorist,1931-1950,CBOW,301
abraham_stern,0.3339175581932068,terrorist,1931-1950,CBOW,302
renewal,0.3338065445423126,terrorist,1931-1950,CBOW,303
arabs,0.3337914049625397,terrorist,1931-1950,CBOW,304
curfew,0.33378633856773376,terrorist,1931-1950,CBOW,305
youth,0.33378592133522034,terrorist,1931-1950,CBOW,306
unscrupulous,0.33342885971069336,terrorist,1931-1950,CBOW,307
hoax,0.3333195745944977,terrorist,1931-1950,CBOW,308
clifton_daniel,0.33325502276420593,terrorist,1931-1950,CBOW,309
confess,0.3331257700920105,terrorist,1931-1950,CBOW,310
horrified,0.3330208659172058,terrorist,1931-1950,CBOW,311
belgrade_dig,0.33286550641059875,terrorist,1931-1950,CBOW,312
assault_battery,0.3326627016067505,terrorist,1931-1950,CBOW,313
trace,0.33230796456336975,terrorist,1931-1950,CBOW,314
hunt,0.33189257979393005,terrorist,1931-1950,CBOW,315
break_silence,0.3318180441856384,terrorist,1931-1950,CBOW,316
principally,0.3317504823207855,terrorist,1931-1950,CBOW,317
outrage_occur,0.33170202374458313,terrorist,1931-1950,CBOW,318
bomb_explosion,0.3308731019496918,terrorist,1931-1950,CBOW,319
pit,0.3307986557483673,terrorist,1931-1950,CBOW,320
tel_aviv,0.33075326681137085,terrorist,1931-1950,CBOW,321
killjoy,0.3305927813053131,terrorist,1931-1950,CBOW,322
dynamite,0.3303820788860321,terrorist,1931-1950,CBOW,323
manhandle,0.3299869894981384,terrorist,1931-1950,CBOW,324
accuse_clot,0.32967832684516907,terrorist,1931-1950,CBOW,325
armed_resistance,0.3295513987541199,terrorist,1931-1950,CBOW,326
suicide,0.32937926054000854,terrorist,1931-1950,CBOW,327
patron,0.32935768365859985,terrorist,1931-1950,CBOW,328
shot,0.3293209969997406,terrorist,1931-1950,CBOW,329
jews,0.3291113078594208,terrorist,1931-1950,CBOW,330
slain,0.3290294408798218,terrorist,1931-1950,CBOW,331
gendarme,0.328868567943573,terrorist,1931-1950,CBOW,332
thwart,0.32864463329315186,terrorist,1931-1950,CBOW,333
chivalrous,0.3281690776348114,terrorist,1931-1950,CBOW,334
unremitting,0.32806336879730225,terrorist,1931-1950,CBOW,335
populace,0.3278660476207733,terrorist,1931-1950,CBOW,336
irresponsible,0.3277457058429718,terrorist,1931-1950,CBOW,337
preventive_measure,0.32760217785835266,terrorist,1931-1950,CBOW,338
hold_hostage,0.3275238275527954,terrorist,1931-1950,CBOW,339
systematic,0.3274790942668915,terrorist,1931-1950,CBOW,340
uneasiness,0.3274489641189575,terrorist,1931-1950,CBOW,341
noisy,0.32717573642730713,terrorist,1931-1950,CBOW,342
barbarity,0.3257749676704407,terrorist,1931-1950,CBOW,343
seventy,0.3257104456424713,terrorist,1931-1950,CBOW,344
fury,0.3254469037055969,terrorist,1931-1950,CBOW,345
workshop,0.32503530383110046,terrorist,1931-1950,CBOW,346
trap,0.3250231444835663,terrorist,1931-1950,CBOW,347
army_sergeant,0.3249368369579315,terrorist,1931-1950,CBOW,348
stern_gang,0.3249160945415497,terrorist,1931-1950,CBOW,349
suppress,0.32478928565979004,terrorist,1931-1950,CBOW,350
liverpool,0.32465407252311707,terrorist,1931-1950,CBOW,351
disturbance,0.3246218264102936,terrorist,1931-1950,CBOW,352
unlawful,0.324489027261734,terrorist,1931-1950,CBOW,353
ashe,0.32403096556663513,terrorist,1931-1950,CBOW,354
life_imprisonment,0.3239279091358185,terrorist,1931-1950,CBOW,355
arrest_connection,0.3239038288593292,terrorist,1931-1950,CBOW,356
independence_movement,0.32364365458488464,terrorist,1931-1950,CBOW,357
forceful,0.3234747350215912,terrorist,1931-1950,CBOW,358
mien,0.3232280910015106,terrorist,1931-1950,CBOW,359
militia,0.3230900168418884,terrorist,1931-1950,CBOW,360
notorious,0.3228447139263153,terrorist,1931-1950,CBOW,361
confiscation_property,0.3227902352809906,terrorist,1931-1950,CBOW,362
foray,0.32246485352516174,terrorist,1931-1950,CBOW,363
seriously_consider,0.3224596083164215,terrorist,1931-1950,CBOW,364
condemn_death,0.3223162591457367,terrorist,1931-1950,CBOW,365
firearm,0.3220555782318115,terrorist,1931-1950,CBOW,366
statewide,0.321830153465271,terrorist,1931-1950,CBOW,367
ferocious,0.3218260705471039,terrorist,1931-1950,CBOW,368
rome,0.32147452235221863,terrorist,1931-1950,CBOW,369
train_wreck,0.3213832974433899,terrorist,1931-1950,CBOW,370
possession_explosive,0.32101985812187195,terrorist,1931-1950,CBOW,371
wreck,0.32025742530822754,terrorist,1931-1950,CBOW,372
acre_prison,0.32015305757522583,terrorist,1931-1950,CBOW,373
univer,0.32007867097854614,terrorist,1931-1950,CBOW,374
alienated,0.3200671970844269,terrorist,1931-1950,CBOW,375
late_tonight,0.31973758339881897,terrorist,1931-1950,CBOW,376
foment,0.3195744454860687,terrorist,1931-1950,CBOW,377
punishment,0.319463849067688,terrorist,1931-1950,CBOW,378
cease,0.3192780911922455,terrorist,1931-1950,CBOW,379
armed_band,0.3192007839679718,terrorist,1931-1950,CBOW,380
belfast_northern_ireland,0.31900060176849365,terrorist,1931-1950,CBOW,381
antireligious,0.3186684548854828,terrorist,1931-1950,CBOW,382
abatement,0.3183816075325012,terrorist,1931-1950,CBOW,383
clamp,0.31837233901023865,terrorist,1931-1950,CBOW,384
security_force,0.3182983994483948,terrorist,1931-1950,CBOW,385
nursery,0.3182615637779236,terrorist,1931-1950,CBOW,386
gunman,0.31806984543800354,terrorist,1931-1950,CBOW,387
gaze_agitation,0.317853718996048,terrorist,1931-1950,CBOW,388
damascus,0.3177769184112549,terrorist,1931-1950,CBOW,389
outbreak,0.31739524006843567,terrorist,1931-1950,CBOW,390
ordinary_criminal,0.31690534949302673,terrorist,1931-1950,CBOW,391
catch,0.31651973724365234,terrorist,1931-1950,CBOW,392
semi,0.31644806265830994,terrorist,1931-1950,CBOW,393
bombay_india,0.316205233335495,terrorist,1931-1950,CBOW,394
gangsterism,0.3160383105278015,terrorist,1931-1950,CBOW,395
gravity,0.3160097897052765,terrorist,1931-1950,CBOW,396
demand_fulfil,0.3159216642379761,terrorist,1931-1950,CBOW,397
minimize,0.31577953696250916,terrorist,1931-1950,CBOW,398
staff_member,0.3156489431858063,terrorist,1931-1950,CBOW,399
ultimate_aim,0.3155527710914612,terrorist,1931-1950,CBOW,400
postelection,0.31519144773483276,terrorist,1931-1950,CBOW,401
berg,0.31473127007484436,terrorist,1931-1950,CBOW,402
forestall,0.3146452307701111,terrorist,1931-1950,CBOW,403
act_sabotage,0.31451618671417236,terrorist,1931-1950,CBOW,404
clifton,0.3144069015979767,terrorist,1931-1950,CBOW,405
opera_ton,0.31416764855384827,terrorist,1931-1950,CBOW,406
arrest_suspicion,0.31405654549598694,terrorist,1931-1950,CBOW,407
disturb_peace,0.31386223435401917,terrorist,1931-1950,CBOW,408
unofficial,0.313641220331192,terrorist,1931-1950,CBOW,409
veritable,0.3136294186115265,terrorist,1931-1950,CBOW,410
british_authorities,0.3134543299674988,terrorist,1931-1950,CBOW,411
sailing,0.3134523630142212,terrorist,1931-1950,CBOW,412
mischief,0.31334948539733887,terrorist,1931-1950,CBOW,413
maltreatment,0.3132520020008087,terrorist,1931-1950,CBOW,414
malicious,0.3132035732269287,terrorist,1931-1950,CBOW,415
bomb_blast,0.31316468119621277,terrorist,1931-1950,CBOW,416
carry_firearm,0.3131609559059143,terrorist,1931-1950,CBOW,417
clifton_daniel_tireless_times,0.31302741169929504,terrorist,1931-1950,CBOW,418
tel_aviv_israel,0.31300991773605347,terrorist,1931-1950,CBOW,419
links,0.3129500150680542,terrorist,1931-1950,CBOW,420
cite,0.31293851137161255,terrorist,1931-1950,CBOW,421
manifestoe,0.3127601742744446,terrorist,1931-1950,CBOW,422
austrian_paris,0.3126998245716095,terrorist,1931-1950,CBOW,423
definitely_establish,0.3125635087490082,terrorist,1931-1950,CBOW,424
amorous,0.3122529983520508,terrorist,1931-1950,CBOW,425
treason,0.31219983100891113,terrorist,1931-1950,CBOW,426
times_vienna,0.3121511936187744,terrorist,1931-1950,CBOW,427
stop_short,0.31207215785980225,terrorist,1931-1950,CBOW,428
police_chief,0.31206926703453064,terrorist,1931-1950,CBOW,429
death_sentence,0.31205135583877563,terrorist,1931-1950,CBOW,430
window_smash,0.3120451867580414,terrorist,1931-1950,CBOW,431
bluntly,0.3118875324726105,terrorist,1931-1950,CBOW,432
patriotic_front,0.31185227632522583,terrorist,1931-1950,CBOW,433
clifton_daniel_special,0.31152287125587463,terrorist,1931-1950,CBOW,434
disobedience,0.311427503824234,terrorist,1931-1950,CBOW,435
treacherous,0.3111230432987213,terrorist,1931-1950,CBOW,436
sanguinary,0.31097856163978577,terrorist,1931-1950,CBOW,437
syndicalist,0.31087738275527954,terrorist,1931-1950,CBOW,438
abhorrent,0.31081876158714294,terrorist,1931-1950,CBOW,439
outcry,0.3107154965400696,terrorist,1931-1950,CBOW,440
latest,0.31070125102996826,terrorist,1931-1950,CBOW,441
violent,0.3106704652309418,terrorist,1931-1950,CBOW,442
newspaper_headline,0.31061384081840515,terrorist,1931-1950,CBOW,443
circulate,0.31029966473579407,terrorist,1931-1950,CBOW,444
punishable_death,0.3102951645851135,terrorist,1931-1950,CBOW,445
arm_ammunition,0.3097083866596222,terrorist,1931-1950,CBOW,446
run_marian,0.3096316456794739,terrorist,1931-1950,CBOW,447
illegal_immigration,0.30959653854370117,terrorist,1931-1950,CBOW,448
northern_ireland,0.309360533952713,terrorist,1931-1950,CBOW,449
iron_hand,0.30924519896507263,terrorist,1931-1950,CBOW,450
loss_life,0.3087308406829834,terrorist,1931-1950,CBOW,451
threaten,0.3085744082927704,terrorist,1931-1950,CBOW,452
discriminate,0.30855247378349304,terrorist,1931-1950,CBOW,453
armed_mob,0.3081813454627991,terrorist,1931-1950,CBOW,454
courtroom,0.30813443660736084,terrorist,1931-1950,CBOW,455
lenient,0.3080235719680786,terrorist,1931-1950,CBOW,456
jerusalem_sov,0.30799993872642517,terrorist,1931-1950,CBOW,457
haphazard,0.3078711926937103,terrorist,1931-1950,CBOW,458
sob,0.30755940079689026,terrorist,1931-1950,CBOW,459
chiefs,0.3073529005050659,terrorist,1931-1950,CBOW,460
bitter_enemy,0.3072396516799927,terrorist,1931-1950,CBOW,461
streets,0.3072357773780823,terrorist,1931-1950,CBOW,462
stand_behind,0.3069210946559906,terrorist,1931-1950,CBOW,463
funeral_procession,0.30670034885406494,terrorist,1931-1950,CBOW,464
accusation,0.30641433596611023,terrorist,1931-1950,CBOW,465
coast_guard_station,0.3062949776649475,terrorist,1931-1950,CBOW,466
british_soldier,0.30623528361320496,terrorist,1931-1950,CBOW,467
repression,0.30620077252388,terrorist,1931-1950,CBOW,468
merciless,0.30592241883277893,terrorist,1931-1950,CBOW,469
ruthless,0.3059150278568268,terrorist,1931-1950,CBOW,470
priest_nun,0.30583450198173523,terrorist,1931-1950,CBOW,471
palestine_unionist,0.30570924282073975,terrorist,1931-1950,CBOW,472
caution,0.305479496717453,terrorist,1931-1950,CBOW,473
radio_station,0.30538180470466614,terrorist,1931-1950,CBOW,474
calculate,0.3051440417766571,terrorist,1931-1950,CBOW,475
emanate,0.30494871735572815,terrorist,1931-1950,CBOW,476
armed_gang,0.3047315180301666,terrorist,1931-1950,CBOW,477
general_parker,0.30471327900886536,terrorist,1931-1950,CBOW,478
arsenal,0.3046410381793976,terrorist,1931-1950,CBOW,479
klan_plan,0.3045385777950287,terrorist,1931-1950,CBOW,480
semi_stern_gang,0.3044564127922058,terrorist,1931-1950,CBOW,481
prop,0.3041752278804779,terrorist,1931-1950,CBOW,482
passive,0.30404043197631836,terrorist,1931-1950,CBOW,483
charge_treason,0.3040054142475128,terrorist,1931-1950,CBOW,484
total_membership,0.3039967119693756,terrorist,1931-1950,CBOW,485
defenseless,0.3038899898529053,terrorist,1931-1950,CBOW,486
anarchist,0.3031991720199585,terrorist,1931-1950,CBOW,487
offshoot,0.30313023924827576,terrorist,1931-1950,CBOW,488
rude,0.30302882194519043,terrorist,1931-1950,CBOW,489
hard_labor,0.30286476016044617,terrorist,1931-1950,CBOW,490
rage,0.3023792803287506,terrorist,1931-1950,CBOW,491
breach_peace,0.30237120389938354,terrorist,1931-1950,CBOW,492
superhuman,0.3021123707294464,terrorist,1931-1950,CBOW,493
mock,0.30193692445755005,terrorist,1931-1950,CBOW,494
isabel,0.30182141065597534,terrorist,1931-1950,CBOW,495
lebanon_syria,0.3018125593662262,terrorist,1931-1950,CBOW,496
counteroffensive,0.30160823464393616,terrorist,1931-1950,CBOW,497
berlin_dig,0.30157870054244995,terrorist,1931-1950,CBOW,498
recrudescence,0.6990641355514526,terrorist,1931-1950,SkipGram,1
army_sergeant,0.6952837705612183,terrorist,1931-1950,SkipGram,2
assassination_attempt,0.6884324550628662,terrorist,1931-1950,SkipGram,3
mediator_palestine,0.676008939743042,terrorist,1931-1950,SkipGram,4
murder_innocent,0.6752005219459534,terrorist,1931-1950,SkipGram,5
unionist_militia,0.6734603047370911,terrorist,1931-1950,SkipGram,6
illegal_possession,0.6684285998344421,terrorist,1931-1950,SkipGram,7
extremist_group,0.6676293611526489,terrorist,1931-1950,SkipGram,8
retaliatory,0.6668373346328735,terrorist,1931-1950,SkipGram,9
crackdown,0.6657020449638367,terrorist,1931-1950,SkipGram,10
banditry,0.6634401082992554,terrorist,1931-1950,SkipGram,11
republican_army,0.6629092693328857,terrorist,1931-1950,SkipGram,12
occupation_authority,0.6594054698944092,terrorist,1931-1950,SkipGram,13
terrorist_activity,0.6475695967674255,terrorist,1931-1950,SkipGram,14
erroneously,0.6445584893226624,terrorist,1931-1950,SkipGram,15
spontaneous,0.6366400122642517,terrorist,1931-1950,SkipGram,16
abate,0.6342365741729736,terrorist,1931-1950,SkipGram,17
instigate,0.633496105670929,terrorist,1931-1950,SkipGram,18
precaution_prevent,0.6328199505805969,terrorist,1931-1950,SkipGram,19
brigandage,0.6324831247329712,terrorist,1931-1950,SkipGram,20
swoop,0.6319210529327393,terrorist,1931-1950,SkipGram,21
wholesale_murder,0.6318261623382568,terrorist,1931-1950,SkipGram,22
heavy_penalty,0.6312670111656189,terrorist,1931-1950,SkipGram,23
claim_credit,0.6281086802482605,terrorist,1931-1950,SkipGram,24
allege_confession,0.6279306411743164,terrorist,1931-1950,SkipGram,25
strict_cure,0.6268427968025208,terrorist,1931-1950,SkipGram,26
disturber_peace,0.6248749494552612,terrorist,1931-1950,SkipGram,27
destruction_property,0.6208775043487549,terrorist,1931-1950,SkipGram,28
eleven_grab,0.6200799345970154,terrorist,1931-1950,SkipGram,29
unionist_underground,0.6184911727905273,terrorist,1931-1950,SkipGram,30
mesh_eager,0.6183573007583618,terrorist,1931-1950,SkipGram,31
metropolitan_area,0.6162286400794983,terrorist,1931-1950,SkipGram,32
keeper,0.616187572479248,terrorist,1931-1950,SkipGram,33
skull,0.6146689057350159,terrorist,1931-1950,SkipGram,34
civilian_wound,0.6145252585411072,terrorist,1931-1950,SkipGram,35
outrage_perpetrate,0.6120325326919556,terrorist,1931-1950,SkipGram,36
drastic_step,0.6110347509384155,terrorist,1931-1950,SkipGram,37
outrage_occur,0.610556960105896,terrorist,1931-1950,SkipGram,38
ted,0.6099172234535217,terrorist,1931-1950,SkipGram,39
armed_gang,0.6096491813659668,terrorist,1931-1950,SkipGram,40
armed_resistance,0.6091508269309998,terrorist,1931-1950,SkipGram,41
critical_condition,0.6086891293525696,terrorist,1931-1950,SkipGram,42
preventive_measure,0.6086855530738831,terrorist,1931-1950,SkipGram,43
bomb_blast,0.6064103245735168,terrorist,1931-1950,SkipGram,44
arrest_suspect,0.6061481833457947,terrorist,1931-1950,SkipGram,45
anniversary_outbreak,0.6055878400802612,terrorist,1931-1950,SkipGram,46
wide_area,0.6053388714790344,terrorist,1931-1950,SkipGram,47
murder_robbery,0.6037335991859436,terrorist,1931-1950,SkipGram,48
instigator,0.6034854054450989,terrorist,1931-1950,SkipGram,49
terrorist_attack,0.6034794449806213,terrorist,1931-1950,SkipGram,50
jewish_underground,0.6033732891082764,terrorist,1931-1950,SkipGram,51
staff_member,0.6020635962486267,terrorist,1931-1950,SkipGram,52
clifton_daniel_special_times,0.6018151044845581,terrorist,1931-1950,SkipGram,53
dangerously_wound,0.6007469296455383,terrorist,1931-1950,SkipGram,54
armed_robbery,0.6003122925758362,terrorist,1931-1950,SkipGram,55
wave_violence,0.60027015209198,terrorist,1931-1950,SkipGram,56
independence_movement,0.6002340912818909,terrorist,1931-1950,SkipGram,57
denounced,0.5997186303138733,terrorist,1931-1950,SkipGram,58
bridle,0.5996143221855164,terrorist,1931-1950,SkipGram,59
tense_situation,0.5992883443832397,terrorist,1931-1950,SkipGram,60
telephone_tre_berne,0.5991611480712891,terrorist,1931-1950,SkipGram,61
innocent_person,0.5985622406005859,terrorist,1931-1950,SkipGram,62
diversionary,0.5981854796409607,terrorist,1931-1950,SkipGram,63
tre_jerusalem,0.597839891910553,terrorist,1931-1950,SkipGram,64
act_violence,0.5968321561813354,terrorist,1931-1950,SkipGram,65
frustrated,0.596461832523346,terrorist,1931-1950,SkipGram,66
holdup,0.5963516235351562,terrorist,1931-1950,SkipGram,67
allege_plot,0.5956317186355591,terrorist,1931-1950,SkipGram,68
severely_punish,0.5955162644386292,terrorist,1931-1950,SkipGram,69
rioter,0.5950101613998413,terrorist,1931-1950,SkipGram,70
total_membership,0.5945285558700562,terrorist,1931-1950,SkipGram,71
con_winced,0.5941662788391113,terrorist,1931-1950,SkipGram,72
abatement,0.5938985347747803,terrorist,1931-1950,SkipGram,73
train_wreck,0.5938872694969177,terrorist,1931-1950,SkipGram,74
stand_behind,0.5930210947990417,terrorist,1931-1950,SkipGram,75
perpetrator,0.5928660035133362,terrorist,1931-1950,SkipGram,76
slaying,0.5895477533340454,terrorist,1931-1950,SkipGram,77
coldblooded,0.5894115567207336,terrorist,1931-1950,SkipGram,78
jerusalem_dig,0.588689923286438,terrorist,1931-1950,SkipGram,79
tens,0.5886688828468323,terrorist,1931-1950,SkipGram,80
revolver_shot,0.5877948999404907,terrorist,1931-1950,SkipGram,81
el_iv_jaffa,0.5872725248336792,terrorist,1931-1950,SkipGram,82
chiefs,0.5872461795806885,terrorist,1931-1950,SkipGram,83
isabel,0.5870441198348999,terrorist,1931-1950,SkipGram,84
violence,0.5864827036857605,terrorist,1931-1950,SkipGram,85
policeman_wound,0.5860927104949951,terrorist,1931-1950,SkipGram,86
person_wound,0.5855526328086853,terrorist,1931-1950,SkipGram,87
abduction,0.5849933624267578,terrorist,1931-1950,SkipGram,88
tel_aviv,0.584796130657196,terrorist,1931-1950,SkipGram,89
au_authority,0.5845595002174377,terrorist,1931-1950,SkipGram,90
carry_firearm,0.5844838619232178,terrorist,1931-1950,SkipGram,91
sov_turner,0.5844800472259521,terrorist,1931-1950,SkipGram,92
northern_district,0.5840497612953186,terrorist,1931-1950,SkipGram,93
ordinary_criminal,0.583976686000824,terrorist,1931-1950,SkipGram,94
quantity_arm_ammunition,0.5836299061775208,terrorist,1931-1950,SkipGram,95
mufti_min_el,0.5831262469291687,terrorist,1931-1950,SkipGram,96
suspects,0.5830210447311401,terrorist,1931-1950,SkipGram,97
seriously_consider,0.5826842188835144,terrorist,1931-1950,SkipGram,98
internment,0.5824572443962097,terrorist,1931-1950,SkipGram,99
severe_punishment,0.5821386575698853,terrorist,1931-1950,SkipGram,100
assassin_ton,0.5820162892341614,terrorist,1931-1950,SkipGram,101
forestall,0.5812270641326904,terrorist,1931-1950,SkipGram,102
parachutist,0.5811170339584351,terrorist,1931-1950,SkipGram,103
break_silence,0.5810993909835815,terrorist,1931-1950,SkipGram,104
plotter,0.5799325704574585,terrorist,1931-1950,SkipGram,105
undercover,0.5795068144798279,terrorist,1931-1950,SkipGram,106
communique,0.5793669819831848,terrorist,1931-1950,SkipGram,107
whispering,0.5790077447891235,terrorist,1931-1950,SkipGram,108
disturb_peace,0.5789975523948669,terrorist,1931-1950,SkipGram,109
serious_outbreak,0.5789147615432739,terrorist,1931-1950,SkipGram,110
marauder,0.5786398649215698,terrorist,1931-1950,SkipGram,111
jerusalem_web,0.5784869194030762,terrorist,1931-1950,SkipGram,112
mass_murder,0.5783512592315674,terrorist,1931-1950,SkipGram,113
hoax,0.5782420039176941,terrorist,1931-1950,SkipGram,114
impose_cure,0.5781175494194031,terrorist,1931-1950,SkipGram,115
willful,0.578080415725708,terrorist,1931-1950,SkipGram,116
pitch_battle,0.5776777267456055,terrorist,1931-1950,SkipGram,117
mercilessly,0.5771994590759277,terrorist,1931-1950,SkipGram,118
precautionary_measure,0.5771586298942566,terrorist,1931-1950,SkipGram,119
noteworthy,0.5768254995346069,terrorist,1931-1950,SkipGram,120
commuted_life_imprisonment,0.5766942501068115,terrorist,1931-1950,SkipGram,121
punishable_death,0.5765553116798401,terrorist,1931-1950,SkipGram,122
attempt_assassination,0.5764286518096924,terrorist,1931-1950,SkipGram,123
fatherland_front,0.5763571858406067,terrorist,1931-1950,SkipGram,124
holy_war,0.5761683583259583,terrorist,1931-1950,SkipGram,125
provide_death_penalty,0.576111912727356,terrorist,1931-1950,SkipGram,126
plot_overthrow,0.5748578310012817,terrorist,1931-1950,SkipGram,127
violence_intimidation,0.5729584693908691,terrorist,1931-1950,SkipGram,128
twelve_person,0.5727770328521729,terrorist,1931-1950,SkipGram,129
resolutely,0.5726759433746338,terrorist,1931-1950,SkipGram,130
postelection,0.5722718238830566,terrorist,1931-1950,SkipGram,131
run_marian,0.5722572207450867,terrorist,1931-1950,SkipGram,132
semi_stern_gang,0.5722546577453613,terrorist,1931-1950,SkipGram,133
armed_struggle,0.5719436407089233,terrorist,1931-1950,SkipGram,134
puerto_rico,0.5709581971168518,terrorist,1931-1950,SkipGram,135
assault_battery,0.5709417462348938,terrorist,1931-1950,SkipGram,136
inactive,0.5703327655792236,terrorist,1931-1950,SkipGram,137
mien,0.5702852606773376,terrorist,1931-1950,SkipGram,138
sofia,0.5697447657585144,terrorist,1931-1950,SkipGram,139
arrest_suspicion,0.5695730447769165,terrorist,1931-1950,SkipGram,140
injured,0.569564938545227,terrorist,1931-1950,SkipGram,141
underground_organization,0.5685031414031982,terrorist,1931-1950,SkipGram,142
smuggling,0.5680357217788696,terrorist,1931-1950,SkipGram,143
beat_death,0.567679762840271,terrorist,1931-1950,SkipGram,144
categorically_deny,0.567530632019043,terrorist,1931-1950,SkipGram,145
serve_sentence,0.5673098564147949,terrorist,1931-1950,SkipGram,146
suffer_casualty,0.5672869086265564,terrorist,1931-1950,SkipGram,147
meetings,0.5670576095581055,terrorist,1931-1950,SkipGram,148
gunman,0.5670552849769592,terrorist,1931-1950,SkipGram,149
unremitting,0.5670486092567444,terrorist,1931-1950,SkipGram,150
president_suis,0.5663516521453857,terrorist,1931-1950,SkipGram,151
outbreak_violence,0.5663395524024963,terrorist,1931-1950,SkipGram,152
belgrade_dig,0.5657662749290466,terrorist,1931-1950,SkipGram,153
severity,0.5649625658988953,terrorist,1931-1950,SkipGram,154
integument_camp,0.5648650527000427,terrorist,1931-1950,SkipGram,155
occupy_area,0.5646337270736694,terrorist,1931-1950,SkipGram,156
fatal_shoot,0.5645840764045715,terrorist,1931-1950,SkipGram,157
release_bail,0.5643341541290283,terrorist,1931-1950,SkipGram,158
booby_trap,0.5642017722129822,terrorist,1931-1950,SkipGram,159
act_sabotage,0.564103901386261,terrorist,1931-1950,SkipGram,160
carefully_plan,0.5638027787208557,terrorist,1931-1950,SkipGram,161
injure_person,0.5637088418006897,terrorist,1931-1950,SkipGram,162
refuse_discuss,0.5636768341064453,terrorist,1931-1950,SkipGram,163
belfast_northern_ireland,0.5635181069374084,terrorist,1931-1950,SkipGram,164
attempt_murder,0.5630161166191101,terrorist,1931-1950,SkipGram,165
intensification,0.5623412728309631,terrorist,1931-1950,SkipGram,166
stringent,0.5622217059135437,terrorist,1931-1950,SkipGram,167
reach_peak,0.5621952414512634,terrorist,1931-1950,SkipGram,168
tula_tumour,0.5621151328086853,terrorist,1931-1950,SkipGram,169
count_sole,0.561848521232605,terrorist,1931-1950,SkipGram,170
unofficial_source,0.5617218017578125,terrorist,1931-1950,SkipGram,171
partial_saw,0.5615537762641907,terrorist,1931-1950,SkipGram,172
bucharest_dec,0.561539888381958,terrorist,1931-1950,SkipGram,173
citizens_federation,0.5614859461784363,terrorist,1931-1950,SkipGram,174
dreadful,0.5613640546798706,terrorist,1931-1950,SkipGram,175
diet_air_evelyn_parker,0.561002254486084,terrorist,1931-1950,SkipGram,176
conceal_identity,0.5609895586967468,terrorist,1931-1950,SkipGram,177
dandy,0.5607947111129761,terrorist,1931-1950,SkipGram,178
latest,0.5607438087463379,terrorist,1931-1950,SkipGram,179
difficulty_obtain,0.5605037808418274,terrorist,1931-1950,SkipGram,180
radio_transmit,0.5604034662246704,terrorist,1931-1950,SkipGram,181
drove,0.5594553351402283,terrorist,1931-1950,SkipGram,182
measure_repress,0.5591902732849121,terrorist,1931-1950,SkipGram,183
instigation,0.5590320825576782,terrorist,1931-1950,SkipGram,184
ember,0.5587926506996155,terrorist,1931-1950,SkipGram,185
terror,0.5587698221206665,terrorist,1931-1950,SkipGram,186
ac_cording,0.5587040781974792,terrorist,1931-1950,SkipGram,187
sternly,0.5583785772323608,terrorist,1931-1950,SkipGram,188
einstein,0.5582869052886963,terrorist,1931-1950,SkipGram,189
stern_sing,0.558073103427887,terrorist,1931-1950,SkipGram,190
albion_ross,0.5580135583877563,terrorist,1931-1950,SkipGram,191
persons,0.5580042600631714,terrorist,1931-1950,SkipGram,192
tel_aviv_israel,0.5579811930656433,terrorist,1931-1950,SkipGram,193
spying,0.5578412413597107,terrorist,1931-1950,SkipGram,194
infamous,0.5576461553573608,terrorist,1931-1950,SkipGram,195
issue_manifesto,0.5575180649757385,terrorist,1931-1950,SkipGram,196
terrorism,0.557368814945221,terrorist,1931-1950,SkipGram,197
arab_nationalists,0.5570491552352905,terrorist,1931-1950,SkipGram,198
supreme_penalty,0.5569782257080078,terrorist,1931-1950,SkipGram,199
le_lion,0.5568670034408569,terrorist,1931-1950,SkipGram,200
attempt_escape,0.556847870349884,terrorist,1931-1950,SkipGram,201
times_tokyo,0.5566467642784119,terrorist,1931-1950,SkipGram,202
bane,0.5565950870513916,terrorist,1931-1950,SkipGram,203
douglas_robertson,0.5563105344772339,terrorist,1931-1950,SkipGram,204
punishable,0.5561918616294861,terrorist,1931-1950,SkipGram,205
definitely_establish,0.5558032989501953,terrorist,1931-1950,SkipGram,206
electoral_campaign,0.5557337403297424,terrorist,1931-1950,SkipGram,207
stern_measure,0.5557253360748291,terrorist,1931-1950,SkipGram,208
supernumerary,0.5553303360939026,terrorist,1931-1950,SkipGram,209
unionist_revisionist,0.5552747249603271,terrorist,1931-1950,SkipGram,210
clifton_daniel_tireless_times,0.555186927318573,terrorist,1931-1950,SkipGram,211
foray,0.5550840497016907,terrorist,1931-1950,SkipGram,212
assassin_escape,0.554685652256012,terrorist,1931-1950,SkipGram,213
british_constable,0.5544387102127075,terrorist,1931-1950,SkipGram,214
coast_guard_station,0.5543330907821655,terrorist,1931-1950,SkipGram,215
agent_provocateur,0.5542243123054504,terrorist,1931-1950,SkipGram,216
create_impression,0.5540755391120911,terrorist,1931-1950,SkipGram,217
assailant_escape,0.5528783798217773,terrorist,1931-1950,SkipGram,218
northern_frontier,0.5528091192245483,terrorist,1931-1950,SkipGram,219
designation,0.5526520013809204,terrorist,1931-1950,SkipGram,220
keep_quiet,0.5523662567138672,terrorist,1931-1950,SkipGram,221
telephone_line,0.5521303415298462,terrorist,1931-1950,SkipGram,222
hebrew_press,0.551690399646759,terrorist,1931-1950,SkipGram,223
bombing,0.5516048073768616,terrorist,1931-1950,SkipGram,224
bodice,0.5511330962181091,terrorist,1931-1950,SkipGram,225
dungeon,0.5507557988166809,terrorist,1931-1950,SkipGram,226
offices,0.5504546761512756,terrorist,1931-1950,SkipGram,227
opera_ton,0.5502851605415344,terrorist,1931-1950,SkipGram,228
sailing,0.5502569675445557,terrorist,1931-1950,SkipGram,229
nicaragua,0.5501587986946106,terrorist,1931-1950,SkipGram,230
oven_cuba,0.5495908260345459,terrorist,1931-1950,SkipGram,231
embarrassed,0.5491487383842468,terrorist,1931-1950,SkipGram,232
slightly_injure,0.5491057634353638,terrorist,1931-1950,SkipGram,233
nazis,0.5487105846405029,terrorist,1931-1950,SkipGram,234
shoot_head,0.5480372309684753,terrorist,1931-1950,SkipGram,235
coercion_intimidation,0.5476586222648621,terrorist,1931-1950,SkipGram,236
remain_adamant,0.5476345419883728,terrorist,1931-1950,SkipGram,237
instrumental,0.5475505590438843,terrorist,1931-1950,SkipGram,238
outlaw_irish_republican_army,0.5473394393920898,terrorist,1931-1950,SkipGram,239
israelis,0.5470674633979797,terrorist,1931-1950,SkipGram,240
bordeaux,0.5468336343765259,terrorist,1931-1950,SkipGram,241
gun_battle,0.546624481678009,terrorist,1931-1950,SkipGram,242
suspect,0.5464564561843872,terrorist,1931-1950,SkipGram,243
oppressive_measure,0.5461505055427551,terrorist,1931-1950,SkipGram,244
terrorist_organization,0.5461173057556152,terrorist,1931-1950,SkipGram,245
killing,0.5460453629493713,terrorist,1931-1950,SkipGram,246
chief_lieutenant,0.5458758473396301,terrorist,1931-1950,SkipGram,247
half_dozen,0.5458247065544128,terrorist,1931-1950,SkipGram,248
oil_pipeline,0.5458130836486816,terrorist,1931-1950,SkipGram,249
lookout,0.545741856098175,terrorist,1931-1950,SkipGram,250
reprieve,0.5453535318374634,terrorist,1931-1950,SkipGram,251
alienated,0.5449584722518921,terrorist,1931-1950,SkipGram,252
virtually_impossible,0.5444234013557434,terrorist,1931-1950,SkipGram,253
manifestoe,0.5440414547920227,terrorist,1931-1950,SkipGram,254
diverge,0.5434221625328064,terrorist,1931-1950,SkipGram,255
hold_hostage,0.5429285764694214,terrorist,1931-1950,SkipGram,256
ill_treatment,0.5424007773399353,terrorist,1931-1950,SkipGram,257
san_juan,0.5419924855232239,terrorist,1931-1950,SkipGram,258
univer,0.5419585108757019,terrorist,1931-1950,SkipGram,259
placate,0.5416458249092102,terrorist,1931-1950,SkipGram,260
latent,0.5416025519371033,terrorist,1931-1950,SkipGram,261
summarily,0.5413699150085449,terrorist,1931-1950,SkipGram,262
allegedly,0.5412731766700745,terrorist,1931-1950,SkipGram,263
clifton,0.5411463975906372,terrorist,1931-1950,SkipGram,264
toulouse,0.5407957434654236,terrorist,1931-1950,SkipGram,265
death_threat,0.5406113266944885,terrorist,1931-1950,SkipGram,266
soldier_wound,0.540356457233429,terrorist,1931-1950,SkipGram,267
ferret,0.5403409600257874,terrorist,1931-1950,SkipGram,268
filter,0.5403209328651428,terrorist,1931-1950,SkipGram,269
zionists,0.5402073860168457,terrorist,1931-1950,SkipGram,270
underground_movement,0.5400112867355347,terrorist,1931-1950,SkipGram,271
king_boris,0.5398253202438354,terrorist,1931-1950,SkipGram,272
overture,0.5396789312362671,terrorist,1931-1950,SkipGram,273
kidnap_murder,0.5391526818275452,terrorist,1931-1950,SkipGram,274
canton,0.5389984250068665,terrorist,1931-1950,SkipGram,275
charge_treason,0.5389687418937683,terrorist,1931-1950,SkipGram,276
manhandle,0.5385892987251282,terrorist,1931-1950,SkipGram,277
insubordination,0.5383930206298828,terrorist,1931-1950,SkipGram,278
europeans,0.538386344909668,terrorist,1931-1950,SkipGram,279
accuse_clot,0.5383836030960083,terrorist,1931-1950,SkipGram,280
highly_organize,0.538260817527771,terrorist,1931-1950,SkipGram,281
killjoy,0.5380976796150208,terrorist,1931-1950,SkipGram,282
trolley,0.5380619764328003,terrorist,1931-1950,SkipGram,283
kill_injure,0.5379341840744019,terrorist,1931-1950,SkipGram,284
bitter_enemy,0.5379312634468079,terrorist,1931-1950,SkipGram,285
possession_explosive,0.5376574993133545,terrorist,1931-1950,SkipGram,286
impunity,0.5375118851661682,terrorist,1931-1950,SkipGram,287
obliteration,0.5374448299407959,terrorist,1931-1950,SkipGram,288
fulfill_duty,0.537242591381073,terrorist,1931-1950,SkipGram,289
security_measure,0.5371748805046082,terrorist,1931-1950,SkipGram,290
unabated,0.5370208024978638,terrorist,1931-1950,SkipGram,291
depredation,0.5369884967803955,terrorist,1931-1950,SkipGram,292
paradoxical,0.5369719862937927,terrorist,1931-1950,SkipGram,293
lawless,0.536817729473114,terrorist,1931-1950,SkipGram,294
workshop,0.5366218686103821,terrorist,1931-1950,SkipGram,295
ministry_justice,0.5365291833877563,terrorist,1931-1950,SkipGram,296
pillow,0.5364140272140503,terrorist,1931-1950,SkipGram,297
upper_austria,0.5364002585411072,terrorist,1931-1950,SkipGram,298
round_ammunition,0.5362678170204163,terrorist,1931-1950,SkipGram,299
reminiscence,0.5361254215240479,terrorist,1931-1950,SkipGram,300
assassination,0.5359430313110352,terrorist,1931-1950,SkipGram,301
stringent_measure,0.5357874631881714,terrorist,1931-1950,SkipGram,302
underground_run_vi,0.5357341766357422,terrorist,1931-1950,SkipGram,303
outburst,0.5357013940811157,terrorist,1931-1950,SkipGram,304
thirteen_person,0.535662055015564,terrorist,1931-1950,SkipGram,305
rebels,0.5355637669563293,terrorist,1931-1950,SkipGram,306
unionists,0.5355104804039001,terrorist,1931-1950,SkipGram,307
sentence_life_imprisonment,0.5354536771774292,terrorist,1931-1950,SkipGram,308
oil_supply,0.5351890325546265,terrorist,1931-1950,SkipGram,309
stun,0.5349960923194885,terrorist,1931-1950,SkipGram,310
secrete,0.5344666242599487,terrorist,1931-1950,SkipGram,311
seventy,0.5342612862586975,terrorist,1931-1950,SkipGram,312
extortion,0.5336637496948242,terrorist,1931-1950,SkipGram,313
binary,0.5335436463356018,terrorist,1931-1950,SkipGram,314
warrant_issue,0.5333912372589111,terrorist,1931-1950,SkipGram,315
indefensible,0.5331732034683228,terrorist,1931-1950,SkipGram,316
theft,0.5330045819282532,terrorist,1931-1950,SkipGram,317
mob_violence,0.5327810645103455,terrorist,1931-1950,SkipGram,318
court_sentence,0.532713770866394,terrorist,1931-1950,SkipGram,319
bear_responsibility,0.5325640439987183,terrorist,1931-1950,SkipGram,320
policeman_soldier,0.5323086977005005,terrorist,1931-1950,SkipGram,321
commit_offense,0.5322495698928833,terrorist,1931-1950,SkipGram,322
war_terror,0.532133162021637,terrorist,1931-1950,SkipGram,323
underground,0.5318506956100464,terrorist,1931-1950,SkipGram,324
daring,0.5315462946891785,terrorist,1931-1950,SkipGram,325
damage_property,0.531351625919342,terrorist,1931-1950,SkipGram,326
heighten,0.5313327312469482,terrorist,1931-1950,SkipGram,327
telephone_warning,0.5310666561126709,terrorist,1931-1950,SkipGram,328
mile_north,0.5310449004173279,terrorist,1931-1950,SkipGram,329
hothead,0.5309664011001587,terrorist,1931-1950,SkipGram,330
robbery,0.5308822393417358,terrorist,1931-1950,SkipGram,331
antisemitic_activity,0.5300620794296265,terrorist,1931-1950,SkipGram,332
ivan,0.5300498008728027,terrorist,1931-1950,SkipGram,333
owners,0.5299853682518005,terrorist,1931-1950,SkipGram,334
deadline,0.5298476219177246,terrorist,1931-1950,SkipGram,335
british_authorities,0.5295712351799011,terrorist,1931-1950,SkipGram,336
gaze_agitation,0.5295458436012268,terrorist,1931-1950,SkipGram,337
murder,0.5293007493019104,terrorist,1931-1950,SkipGram,338
bulgarian,0.5292519927024841,terrorist,1931-1950,SkipGram,339
sabotage,0.5290842652320862,terrorist,1931-1950,SkipGram,340
bombay_india,0.5288645625114441,terrorist,1931-1950,SkipGram,341
ruse,0.5288496613502502,terrorist,1931-1950,SkipGram,342
systematic,0.5287895202636719,terrorist,1931-1950,SkipGram,343
ninety_minute,0.5284091234207153,terrorist,1931-1950,SkipGram,344
rigor,0.528404951095581,terrorist,1931-1950,SkipGram,345
sang,0.5281463265419006,terrorist,1931-1950,SkipGram,346
humored,0.5279437303543091,terrorist,1931-1950,SkipGram,347
shy,0.5279104113578796,terrorist,1931-1950,SkipGram,348
breach_peace,0.5278720259666443,terrorist,1931-1950,SkipGram,349
defamation,0.527798056602478,terrorist,1931-1950,SkipGram,350
outlaws,0.5277478098869324,terrorist,1931-1950,SkipGram,351
tavern,0.5274304747581482,terrorist,1931-1950,SkipGram,352
drastic_measure,0.5273724794387817,terrorist,1931-1950,SkipGram,353
rail_line,0.527183473110199,terrorist,1931-1950,SkipGram,354
repress,0.5268828272819519,terrorist,1931-1950,SkipGram,355
broadcasting_station,0.526700496673584,terrorist,1931-1950,SkipGram,356
sup_press,0.5265598893165588,terrorist,1931-1950,SkipGram,357
undefended,0.5263024568557739,terrorist,1931-1950,SkipGram,358
brittany,0.5260544419288635,terrorist,1931-1950,SkipGram,359
ashe,0.5259861946105957,terrorist,1931-1950,SkipGram,360
disorderly,0.5257828235626221,terrorist,1931-1950,SkipGram,361
liverpool,0.5257142186164856,terrorist,1931-1950,SkipGram,362
sup_porter,0.5257102847099304,terrorist,1931-1950,SkipGram,363
mamma,0.525709867477417,terrorist,1931-1950,SkipGram,364
lima_peru,0.5254732966423035,terrorist,1931-1950,SkipGram,365
harbored,0.5254534482955933,terrorist,1931-1950,SkipGram,366
incendiary_bomb,0.5254218578338623,terrorist,1931-1950,SkipGram,367
vengeance,0.5253539681434631,terrorist,1931-1950,SkipGram,368
change_tactic,0.5252576470375061,terrorist,1931-1950,SkipGram,369
cross_river,0.5252272486686707,terrorist,1931-1950,SkipGram,370
uprise,0.5249556303024292,terrorist,1931-1950,SkipGram,371
condemn,0.524882435798645,terrorist,1931-1950,SkipGram,372
abraham_stern,0.5246829390525818,terrorist,1931-1950,SkipGram,373
calcification,0.5246099233627319,terrorist,1931-1950,SkipGram,374
sentence_prison,0.5246027112007141,terrorist,1931-1950,SkipGram,375
formal_protest,0.5244922041893005,terrorist,1931-1950,SkipGram,376
near_el_iv,0.5244330763816833,terrorist,1931-1950,SkipGram,377
immune,0.5244041085243225,terrorist,1931-1950,SkipGram,378
dead_wound,0.524351954460144,terrorist,1931-1950,SkipGram,379
give_detail,0.524027407169342,terrorist,1931-1950,SkipGram,380
guerrilla_activity,0.5239670276641846,terrorist,1931-1950,SkipGram,381
wholesale_arrest,0.5238543152809143,terrorist,1931-1950,SkipGram,382
uncompromising,0.5237566232681274,terrorist,1931-1950,SkipGram,383
firing,0.523461103439331,terrorist,1931-1950,SkipGram,384
widespread,0.523125946521759,terrorist,1931-1950,SkipGram,385
recurrent,0.5228253602981567,terrorist,1931-1950,SkipGram,386
road_block,0.5228159427642822,terrorist,1931-1950,SkipGram,387
court_martial,0.5227431058883667,terrorist,1931-1950,SkipGram,388
nursery,0.5224781632423401,terrorist,1931-1950,SkipGram,389
demand_immediate,0.5224208235740662,terrorist,1931-1950,SkipGram,390
violation_civil_liberty,0.5223259329795837,terrorist,1931-1950,SkipGram,391
offer_reward,0.5221942067146301,terrorist,1931-1950,SkipGram,392
arab_nationalism,0.5220298171043396,terrorist,1931-1950,SkipGram,393
obliterate,0.5220170021057129,terrorist,1931-1950,SkipGram,394
swimming_pool,0.5216521620750427,terrorist,1931-1950,SkipGram,395
offshoot,0.5216328501701355,terrorist,1931-1950,SkipGram,396
issue_decree,0.5213893055915833,terrorist,1931-1950,SkipGram,397
fatally_wound,0.5213073492050171,terrorist,1931-1950,SkipGram,398
vere,0.5213034749031067,terrorist,1931-1950,SkipGram,399
wound_seriously,0.5212576985359192,terrorist,1931-1950,SkipGram,400
connivance,0.5212483406066895,terrorist,1931-1950,SkipGram,401
resistance_movement,0.5212227702140808,terrorist,1931-1950,SkipGram,402
arrest_connection,0.5210509300231934,terrorist,1931-1950,SkipGram,403
bluntly,0.520745038986206,terrorist,1931-1950,SkipGram,404
horseman,0.5206679105758667,terrorist,1931-1950,SkipGram,405
quieter,0.520490288734436,terrorist,1931-1950,SkipGram,406
punitive,0.5204422473907471,terrorist,1931-1950,SkipGram,407
quantity_ammunition,0.5200895667076111,terrorist,1931-1950,SkipGram,408
break_window,0.5200673937797546,terrorist,1931-1950,SkipGram,409
explosion_wreck,0.5200209021568298,terrorist,1931-1950,SkipGram,410
occupy_zone,0.5198198556900024,terrorist,1931-1950,SkipGram,411
cure_impose,0.5194029808044434,terrorist,1931-1950,SkipGram,412
indefinite,0.5193960070610046,terrorist,1931-1950,SkipGram,413
cabinet_member,0.5192909240722656,terrorist,1931-1950,SkipGram,414
delusion,0.5192044377326965,terrorist,1931-1950,SkipGram,415
incitement,0.5191633701324463,terrorist,1931-1950,SkipGram,416
outrage,0.5190879702568054,terrorist,1931-1950,SkipGram,417
sob,0.5190551280975342,terrorist,1931-1950,SkipGram,418
hooded,0.5190165042877197,terrorist,1931-1950,SkipGram,419
misrule,0.51893150806427,terrorist,1931-1950,SkipGram,420
reward_offer,0.5189135670661926,terrorist,1931-1950,SkipGram,421
supper,0.518570065498352,terrorist,1931-1950,SkipGram,422
disbelieve,0.5185049176216125,terrorist,1931-1950,SkipGram,423
wounded,0.5178995132446289,terrorist,1931-1950,SkipGram,424
cold_blood,0.5178911685943604,terrorist,1931-1950,SkipGram,425
military_operation,0.5178728699684143,terrorist,1931-1950,SkipGram,426
intimidate,0.517792284488678,terrorist,1931-1950,SkipGram,427
trunks,0.5176118612289429,terrorist,1931-1950,SkipGram,428
penal_servitude,0.5175291299819946,terrorist,1931-1950,SkipGram,429
wooded,0.5173309445381165,terrorist,1931-1950,SkipGram,430
lightning,0.5172132253646851,terrorist,1931-1950,SkipGram,431
undeservedly,0.5169884562492371,terrorist,1931-1950,SkipGram,432
actual_assassin,0.5167274475097656,terrorist,1931-1950,SkipGram,433
specially,0.5164662003517151,terrorist,1931-1950,SkipGram,434
shameless,0.5164233446121216,terrorist,1931-1950,SkipGram,435
planned,0.5161405205726624,terrorist,1931-1950,SkipGram,436
boone,0.5161229968070984,terrorist,1931-1950,SkipGram,437
armed_rebellion,0.5159403681755066,terrorist,1931-1950,SkipGram,438
divert_attention,0.5155636072158813,terrorist,1931-1950,SkipGram,439
jerusalem_dec,0.5155314803123474,terrorist,1931-1950,SkipGram,440
gaze_organ,0.5154311656951904,terrorist,1931-1950,SkipGram,441
appealing,0.5153384208679199,terrorist,1931-1950,SkipGram,442
eleventh_hour,0.5152685642242432,terrorist,1931-1950,SkipGram,443
hanging,0.515019953250885,terrorist,1931-1950,SkipGram,444
gene_special_jerusalem,0.5147107839584351,terrorist,1931-1950,SkipGram,445
po_lice,0.5146524310112,terrorist,1931-1950,SkipGram,446
chivalrous,0.514560341835022,terrorist,1931-1950,SkipGram,447
life_sentence,0.5144547820091248,terrorist,1931-1950,SkipGram,448
perturb,0.5143140554428101,terrorist,1931-1950,SkipGram,449
resort_violence,0.5141367316246033,terrorist,1931-1950,SkipGram,450
lawlessness,0.5140776038169861,terrorist,1931-1950,SkipGram,451
plainclothe,0.5139713287353516,terrorist,1931-1950,SkipGram,452
regularity,0.5137914419174194,terrorist,1931-1950,SkipGram,453
express_fear,0.5136030912399292,terrorist,1931-1950,SkipGram,454
watch_closely,0.5135793089866638,terrorist,1931-1950,SkipGram,455
arson,0.5135596394538879,terrorist,1931-1950,SkipGram,456
cleanup,0.513489842414856,terrorist,1931-1950,SkipGram,457
mischief,0.513480007648468,terrorist,1931-1950,SkipGram,458
telephone_communication,0.5133156180381775,terrorist,1931-1950,SkipGram,459
inflict_casualty,0.5132062435150146,terrorist,1931-1950,SkipGram,460
british_soldiers,0.513140857219696,terrorist,1931-1950,SkipGram,461
road_mine,0.5128901600837708,terrorist,1931-1950,SkipGram,462
freedom_movement,0.5128430128097534,terrorist,1931-1950,SkipGram,463
casualty_occur,0.5127492547035217,terrorist,1931-1950,SkipGram,464
bucharest_sov,0.5126179456710815,terrorist,1931-1950,SkipGram,465
scotland_hard_detective,0.512530505657196,terrorist,1931-1950,SkipGram,466
streets,0.5123275518417358,terrorist,1931-1950,SkipGram,467
bomb_explosion,0.5118720531463623,terrorist,1931-1950,SkipGram,468
stone_throw,0.5116406679153442,terrorist,1931-1950,SkipGram,469
general_parker,0.5116108059883118,terrorist,1931-1950,SkipGram,470
tireless_times_havana,0.5115055441856384,terrorist,1931-1950,SkipGram,471
standstill,0.5114855766296387,terrorist,1931-1950,SkipGram,472
reign_terror,0.5113317370414734,terrorist,1931-1950,SkipGram,473
jerusalem_sov,0.5111926198005676,terrorist,1931-1950,SkipGram,474
freedman_tell,0.5111497640609741,terrorist,1931-1950,SkipGram,475
vital_importance,0.511018693447113,terrorist,1931-1950,SkipGram,476
intense,0.5110062956809998,terrorist,1931-1950,SkipGram,477
patron_detention_camp,0.5109772682189941,terrorist,1931-1950,SkipGram,478
give_impetus,0.5109729170799255,terrorist,1931-1950,SkipGram,479
clifton_daniel_special_toe,0.5108590126037598,terrorist,1931-1950,SkipGram,480
weld,0.5107079744338989,terrorist,1931-1950,SkipGram,481
beirut_lebanon,0.5103467106819153,terrorist,1931-1950,SkipGram,482
foreshadow,0.5102035999298096,terrorist,1931-1950,SkipGram,483
gangsterism,0.5101542472839355,terrorist,1931-1950,SkipGram,484
fire_brigade,0.5095662474632263,terrorist,1931-1950,SkipGram,485
enrage,0.5093715786933899,terrorist,1931-1950,SkipGram,486
frightful,0.509117841720581,terrorist,1931-1950,SkipGram,487
attempt_assassinate,0.5090065002441406,terrorist,1931-1950,SkipGram,488
derailment,0.5089868307113647,terrorist,1931-1950,SkipGram,489
rostrum,0.508938729763031,terrorist,1931-1950,SkipGram,490
condemn_death,0.5085935592651367,terrorist,1931-1950,SkipGram,491
senseless,0.5084136724472046,terrorist,1931-1950,SkipGram,492
clifton_daniel,0.5083643794059753,terrorist,1931-1950,SkipGram,493
commissariat_internal_affair,0.5083557963371277,terrorist,1931-1950,SkipGram,494
barn,0.5081215500831604,terrorist,1931-1950,SkipGram,495
detect,0.507803738117218,terrorist,1931-1950,SkipGram,496
undecided,0.5077251195907593,terrorist,1931-1950,SkipGram,497
bomb_plot,0.507632315158844,terrorist,1931-1950,SkipGram,498
trail_blood,0.5075817108154297,terrorist,1931-1950,SkipGram,499
kill_injure,0.9085062146186829,terrorism,1951-1960,CBOW,1
lyons,0.897083044052124,terrorism,1951-1960,CBOW,2
slay,0.8876820206642151,terrorism,1951-1960,CBOW,3
miner,0.8840253353118896,terrorism,1951-1960,CBOW,4
porter,0.8811458349227905,terrorism,1951-1960,CBOW,5
policeman_wound,0.8783050775527954,terrorism,1951-1960,CBOW,6
slain,0.8775215148925781,terrorism,1951-1960,CBOW,7
tear,0.8766995072364807,terrorism,1951-1960,CBOW,8
cameroon,0.8748911023139954,terrorism,1951-1960,CBOW,9
assassin,0.8675885200500488,terrorism,1951-1960,CBOW,10
gas,0.8673216700553894,terrorism,1951-1960,CBOW,11
burst,0.8632397651672363,terrorism,1951-1960,CBOW,12
throw_grenade,0.8626785278320312,terrorism,1951-1960,CBOW,13
north_africans,0.861606240272522,terrorism,1951-1960,CBOW,14
seriously_wound,0.8612992167472839,terrorism,1951-1960,CBOW,15
person_wound,0.8612104654312134,terrorism,1951-1960,CBOW,16
revolver,0.8588584661483765,terrorism,1951-1960,CBOW,17
tear_gas,0.858071506023407,terrorism,1951-1960,CBOW,18
killing,0.8573485612869263,terrorism,1951-1960,CBOW,19
outbreak_violence,0.8571376204490662,terrorism,1951-1960,CBOW,20
shot_fire,0.8566567301750183,terrorism,1951-1960,CBOW,21
assailant,0.8535100817680359,terrorism,1951-1960,CBOW,22
counterterrorist,0.8531095385551453,terrorism,1951-1960,CBOW,23
shoot_death,0.8502636551856995,terrorism,1951-1960,CBOW,24
bombing,0.8501569628715515,terrorism,1951-1960,CBOW,25
tabe,0.848907470703125,terrorism,1951-1960,CBOW,26
small_arm,0.8470147848129272,terrorism,1951-1960,CBOW,27
armed_gang,0.8467432856559753,terrorism,1951-1960,CBOW,28
thirteen,0.8456060290336609,terrorism,1951-1960,CBOW,29
wounded,0.8453384041786194,terrorism,1951-1960,CBOW,30
irish,0.8446847796440125,terrorism,1951-1960,CBOW,31
person_injure,0.8404109477996826,terrorism,1951-1960,CBOW,32
anger,0.8391615152359009,terrorism,1951-1960,CBOW,33
mine,0.8389469981193542,terrorism,1951-1960,CBOW,34
ham,0.838788628578186,terrorism,1951-1960,CBOW,35
midnight_cure,0.8386954665184021,terrorism,1951-1960,CBOW,36
downtown,0.8385658264160156,terrorism,1951-1960,CBOW,37
terrace,0.8373661637306213,terrorism,1951-1960,CBOW,38
hurry,0.8373504281044006,terrorism,1951-1960,CBOW,39
angio,0.8363885283470154,terrorism,1951-1960,CBOW,40
spot,0.8357743620872498,terrorism,1951-1960,CBOW,41
policeman_soldier,0.8357511758804321,terrorism,1951-1960,CBOW,42
cafe,0.8350898623466492,terrorism,1951-1960,CBOW,43
kuala_lumpur,0.8335258960723877,terrorism,1951-1960,CBOW,44
mau_mau,0.8331620097160339,terrorism,1951-1960,CBOW,45
gun_battle,0.8324241638183594,terrorism,1951-1960,CBOW,46
escape_injury,0.8300778865814209,terrorism,1951-1960,CBOW,47
mother,0.8296851515769958,terrorism,1951-1960,CBOW,48
peri,0.8292195796966553,terrorism,1951-1960,CBOW,49
cathedral,0.8289710283279419,terrorism,1951-1960,CBOW,50
rioting,0.8286717534065247,terrorism,1951-1960,CBOW,51
chase,0.828150749206543,terrorism,1951-1960,CBOW,52
nigel,0.8275507688522339,terrorism,1951-1960,CBOW,53
violence_flare,0.8268994688987732,terrorism,1951-1960,CBOW,54
explode,0.8266793489456177,terrorism,1951-1960,CBOW,55
bystander,0.8265205025672913,terrorism,1951-1960,CBOW,56
daughter,0.826260507106781,terrorism,1951-1960,CBOW,57
hut,0.8261833190917969,terrorism,1951-1960,CBOW,58
die_hospital,0.8261070847511292,terrorism,1951-1960,CBOW,59
curfew,0.8241490125656128,terrorism,1951-1960,CBOW,60
twelve_person,0.8240551352500916,terrorism,1951-1960,CBOW,61
holiday,0.823392391204834,terrorism,1951-1960,CBOW,62
belfast,0.8230157494544983,terrorism,1951-1960,CBOW,63
wait,0.8214320540428162,terrorism,1951-1960,CBOW,64
jakarta_indonesia,0.8211990594863892,terrorism,1951-1960,CBOW,65
northwestern,0.8207727670669556,terrorism,1951-1960,CBOW,66
rioter,0.8200397491455078,terrorism,1951-1960,CBOW,67
assassination_attempt,0.8199695348739624,terrorism,1951-1960,CBOW,68
southwest,0.819963812828064,terrorism,1951-1960,CBOW,69
finish,0.8199154734611511,terrorism,1951-1960,CBOW,70
farm_near,0.8198403716087341,terrorism,1951-1960,CBOW,71
antiterrorist_drive,0.8197271227836609,terrorism,1951-1960,CBOW,72
sue_dem,0.8196602463722229,terrorism,1951-1960,CBOW,73
spring,0.819517970085144,terrorism,1951-1960,CBOW,74
outrage,0.8194580674171448,terrorism,1951-1960,CBOW,75
property_damage,0.8193598389625549,terrorism,1951-1960,CBOW,76
telephone_call,0.8188071250915527,terrorism,1951-1960,CBOW,77
small_town,0.8183465600013733,terrorism,1951-1960,CBOW,78
thirty_mile,0.8172147274017334,terrorism,1951-1960,CBOW,79
explosion,0.8170767426490784,terrorism,1951-1960,CBOW,80
grenade_throw,0.8170067667961121,terrorism,1951-1960,CBOW,81
bomb_explode,0.8165895342826843,terrorism,1951-1960,CBOW,82
blaze,0.8165013790130615,terrorism,1951-1960,CBOW,83
rush,0.8163663148880005,terrorism,1951-1960,CBOW,84
tunisia_tunisian,0.8159676194190979,terrorism,1951-1960,CBOW,85
wound,0.8156847357749939,terrorism,1951-1960,CBOW,86
late_night,0.8148466348648071,terrorism,1951-1960,CBOW,87
teenager,0.8141017556190491,terrorism,1951-1960,CBOW,88
crowd,0.8138154745101929,terrorism,1951-1960,CBOW,89
casablanca,0.8134591579437256,terrorism,1951-1960,CBOW,90
renew_violence,0.812068521976471,terrorism,1951-1960,CBOW,91
mob,0.8118970394134521,terrorism,1951-1960,CBOW,92
edge,0.811312735080719,terrorism,1951-1960,CBOW,93
beat_death,0.8107553124427795,terrorism,1951-1960,CBOW,94
early_morning,0.8105552196502686,terrorism,1951-1960,CBOW,95
arrest_suspect,0.8102901577949524,terrorism,1951-1960,CBOW,96
bodyguard,0.8101723194122314,terrorism,1951-1960,CBOW,97
bullet_wound,0.8100252151489258,terrorism,1951-1960,CBOW,98
iran,0.8098721504211426,terrorism,1951-1960,CBOW,99
garage,0.8097781538963318,terrorism,1951-1960,CBOW,100
noncommissioned_officer,0.8090341687202454,terrorism,1951-1960,CBOW,101
death_toll,0.8090152740478516,terrorism,1951-1960,CBOW,102
prefect,0.809012770652771,terrorism,1951-1960,CBOW,103
fatally_wound,0.8086013793945312,terrorism,1951-1960,CBOW,104
terrorists,0.8084630966186523,terrorism,1951-1960,CBOW,105
sixty,0.8081775307655334,terrorism,1951-1960,CBOW,106
blast,0.8063758611679077,terrorism,1951-1960,CBOW,107
corporal,0.8060142993927002,terrorism,1951-1960,CBOW,108
wife,0.8058313131332397,terrorism,1951-1960,CBOW,109
native_quarter,0.8056886196136475,terrorism,1951-1960,CBOW,110
suburban,0.8054530024528503,terrorism,1951-1960,CBOW,111
burns,0.8040479421615601,terrorism,1951-1960,CBOW,112
body_find,0.8040239810943604,terrorism,1951-1960,CBOW,113
police_station,0.8039276003837585,terrorism,1951-1960,CBOW,114
raid,0.8036953210830688,terrorism,1951-1960,CBOW,115
antoine,0.8035176396369934,terrorism,1951-1960,CBOW,116
french_colonist,0.8033418655395508,terrorism,1951-1960,CBOW,117
rider,0.8030397891998291,terrorism,1951-1960,CBOW,118
barbed_wire,0.8028560280799866,terrorism,1951-1960,CBOW,119
shot,0.8027984499931335,terrorism,1951-1960,CBOW,120
noon,0.802713930606842,terrorism,1951-1960,CBOW,121
shepherd,0.8025771975517273,terrorism,1951-1960,CBOW,122
demonstrator,0.8025303483009338,terrorism,1951-1960,CBOW,123
continue_age_column,0.8024094104766846,terrorism,1951-1960,CBOW,124
allay,0.8016692399978638,terrorism,1951-1960,CBOW,125
throng,0.8016396164894104,terrorism,1951-1960,CBOW,126
grenade,0.8014758825302124,terrorism,1951-1960,CBOW,127
la,0.8008567094802856,terrorism,1951-1960,CBOW,128
nez,0.8006884455680847,terrorism,1951-1960,CBOW,129
kikuyu_reserve,0.8002360463142395,terrorism,1951-1960,CBOW,130
leap,0.7999758720397949,terrorism,1951-1960,CBOW,131
algiers_algeria,0.7999412417411804,terrorism,1951-1960,CBOW,132
incendiary,0.7992926239967346,terrorism,1951-1960,CBOW,133
mass_meeting,0.7990444302558899,terrorism,1951-1960,CBOW,134
minor,0.7989332675933838,terrorism,1951-1960,CBOW,135
encounter,0.7988332509994507,terrorism,1951-1960,CBOW,136
open_fire,0.7986436486244202,terrorism,1951-1960,CBOW,137
inspector,0.798616886138916,terrorism,1951-1960,CBOW,138
french_morocco,0.7985642552375793,terrorism,1951-1960,CBOW,139
nairobi,0.7976372838020325,terrorism,1951-1960,CBOW,140
fourth,0.7975732684135437,terrorism,1951-1960,CBOW,141
christmas,0.7974646687507629,terrorism,1951-1960,CBOW,142
casablanca_french_morocco,0.7970196008682251,terrorism,1951-1960,CBOW,143
tula,0.7969715595245361,terrorism,1951-1960,CBOW,144
theatre,0.7968581914901733,terrorism,1951-1960,CBOW,145
mile_north,0.7966063618659973,terrorism,1951-1960,CBOW,146
caracas,0.7963727712631226,terrorism,1951-1960,CBOW,147
walk,0.7959246635437012,terrorism,1951-1960,CBOW,148
southern,0.7958534955978394,terrorism,1951-1960,CBOW,149
shoot_dead,0.7958025932312012,terrorism,1951-1960,CBOW,150
unknown,0.7957966327667236,terrorism,1951-1960,CBOW,151
ceremony,0.7957379221916199,terrorism,1951-1960,CBOW,152
crowded,0.7956534624099731,terrorism,1951-1960,CBOW,153
unsuccessful_attempt,0.7954519391059875,terrorism,1951-1960,CBOW,154
mask,0.7954016923904419,terrorism,1951-1960,CBOW,155
stab,0.7953969240188599,terrorism,1951-1960,CBOW,156
furious,0.7950783967971802,terrorism,1951-1960,CBOW,157
peril,0.7950460314750671,terrorism,1951-1960,CBOW,158
virginia,0.7948213815689087,terrorism,1951-1960,CBOW,159
explosive,0.7946537137031555,terrorism,1951-1960,CBOW,160
outburst,0.794509768486023,terrorism,1951-1960,CBOW,161
bedroom,0.7942419052124023,terrorism,1951-1960,CBOW,162
fester,0.7942078709602356,terrorism,1951-1960,CBOW,163
funeral_procession,0.7938802242279053,terrorism,1951-1960,CBOW,164
machine_gun,0.7938643097877502,terrorism,1951-1960,CBOW,165
plane_crash,0.7938002943992615,terrorism,1951-1960,CBOW,166
southeast,0.7936347126960754,terrorism,1951-1960,CBOW,167
mile_south,0.7936064600944519,terrorism,1951-1960,CBOW,168
capital,0.7932842969894409,terrorism,1951-1960,CBOW,169
terrorist_attack,0.793164849281311,terrorism,1951-1960,CBOW,170
fifty_mile,0.7930603623390198,terrorism,1951-1960,CBOW,171
peak,0.7925423383712769,terrorism,1951-1960,CBOW,172
slightly_wound,0.7924113273620605,terrorism,1951-1960,CBOW,173
mosque,0.7915042638778687,terrorism,1951-1960,CBOW,174
flight,0.7914556860923767,terrorism,1951-1960,CBOW,175
twice,0.7912925481796265,terrorism,1951-1960,CBOW,176
declare_emergency,0.7909128069877625,terrorism,1951-1960,CBOW,177
condemn_death,0.7904297113418579,terrorism,1951-1960,CBOW,178
die_wound,0.7901735901832581,terrorism,1951-1960,CBOW,179
reward,0.789795994758606,terrorism,1951-1960,CBOW,180
pistol,0.7895742654800415,terrorism,1951-1960,CBOW,181
riot,0.7894790172576904,terrorism,1951-1960,CBOW,182
discovery,0.7891499400138855,terrorism,1951-1960,CBOW,183
shoot,0.7891041040420532,terrorism,1951-1960,CBOW,184
round_ammunition,0.7888138294219971,terrorism,1951-1960,CBOW,185
loot,0.7881080508232117,terrorism,1951-1960,CBOW,186
fire_shot,0.788082480430603,terrorism,1951-1960,CBOW,187
suburbs,0.7878310680389404,terrorism,1951-1960,CBOW,188
twenty_minute,0.7877772450447083,terrorism,1951-1960,CBOW,189
congressional_election,0.7875893115997314,terrorism,1951-1960,CBOW,190
axillary_policeman,0.7875251770019531,terrorism,1951-1960,CBOW,191
mile_southeast,0.7875034809112549,terrorism,1951-1960,CBOW,192
outbreak,0.7871835231781006,terrorism,1951-1960,CBOW,193
automobile,0.7871661186218262,terrorism,1951-1960,CBOW,194
carolina,0.7867401838302612,terrorism,1951-1960,CBOW,195
woman_child,0.7864429950714111,terrorism,1951-1960,CBOW,196
wear,0.7859656810760498,terrorism,1951-1960,CBOW,197
san_juan,0.7856768369674683,terrorism,1951-1960,CBOW,198
beirut,0.7855947613716125,terrorism,1951-1960,CBOW,199
detonate,0.7854954600334167,terrorism,1951-1960,CBOW,200
constable,0.7851694226264954,terrorism,1951-1960,CBOW,201
thrust,0.7846837043762207,terrorism,1951-1960,CBOW,202
afternoon,0.7844559550285339,terrorism,1951-1960,CBOW,203
barricade,0.7842691540718079,terrorism,1951-1960,CBOW,204
kenya,0.7840558886528015,terrorism,1951-1960,CBOW,205
police_department,0.7839500308036804,terrorism,1951-1960,CBOW,206
imprison,0.7838964462280273,terrorism,1951-1960,CBOW,207
estate,0.783810019493103,terrorism,1951-1960,CBOW,208
tribesman,0.7836256623268127,terrorism,1951-1960,CBOW,209
set_fire,0.7833652496337891,terrorism,1951-1960,CBOW,210
sergeant,0.7828583717346191,terrorism,1951-1960,CBOW,211
killer,0.7828084230422974,terrorism,1951-1960,CBOW,212
liberation_army,0.7824928760528564,terrorism,1951-1960,CBOW,213
wife_children,0.7822198271751404,terrorism,1951-1960,CBOW,214
town_village,0.782143235206604,terrorism,1951-1960,CBOW,215
jacksonville_la,0.7820218205451965,terrorism,1951-1960,CBOW,216
outlaws,0.7820136547088623,terrorism,1951-1960,CBOW,217
stone,0.7816574573516846,terrorism,1951-1960,CBOW,218
clash,0.7815139889717102,terrorism,1951-1960,CBOW,219
tribesmen,0.7813001275062561,terrorism,1951-1960,CBOW,220
seventh,0.7811921238899231,terrorism,1951-1960,CBOW,221
nearby,0.7808169722557068,terrorism,1951-1960,CBOW,222
injury,0.7805054187774658,terrorism,1951-1960,CBOW,223
frequent,0.7804564833641052,terrorism,1951-1960,CBOW,224
terrorist_cell,0.7803516983985901,terrorism,1951-1960,CBOW,225
attacker,0.7802284955978394,terrorism,1951-1960,CBOW,226
bush,0.7801060676574707,terrorism,1951-1960,CBOW,227
residence,0.7800551652908325,terrorism,1951-1960,CBOW,228
telephone,0.7798879146575928,terrorism,1951-1960,CBOW,229
outskirt,0.7798313498497009,terrorism,1951-1960,CBOW,230
manila,0.7796218395233154,terrorism,1951-1960,CBOW,231
northwest,0.7795161604881287,terrorism,1951-1960,CBOW,232
perish,0.7794975638389587,terrorism,1951-1960,CBOW,233
boulevard,0.7793387770652771,terrorism,1951-1960,CBOW,234
bus,0.7792718410491943,terrorism,1951-1960,CBOW,235
round,0.7788143754005432,terrorism,1951-1960,CBOW,236
factory,0.7779496312141418,terrorism,1951-1960,CBOW,237
wake,0.777905285358429,terrorism,1951-1960,CBOW,238
mau_mau_leader,0.7775083184242249,terrorism,1951-1960,CBOW,239
standing,0.7774110436439514,terrorism,1951-1960,CBOW,240
princess,0.7773916125297546,terrorism,1951-1960,CBOW,241
midnight,0.7772873044013977,terrorism,1951-1960,CBOW,242
per_son,0.7772262692451477,terrorism,1951-1960,CBOW,243
sword,0.777224063873291,terrorism,1951-1960,CBOW,244
swift,0.777129590511322,terrorism,1951-1960,CBOW,245
fire,0.776631236076355,terrorism,1951-1960,CBOW,246
gendarme,0.776584267616272,terrorism,1951-1960,CBOW,247
lyon,0.7763778567314148,terrorism,1951-1960,CBOW,248
mark,0.7761155366897583,terrorism,1951-1960,CBOW,249
weeks,0.7760728001594543,terrorism,1951-1960,CBOW,250
roger,0.7753696441650391,terrorism,1951-1960,CBOW,251
sadness,0.7750423550605774,terrorism,1951-1960,CBOW,252
african_rifle,0.7747246623039246,terrorism,1951-1960,CBOW,253
puerto,0.7745804786682129,terrorism,1951-1960,CBOW,254
car,0.7745239734649658,terrorism,1951-1960,CBOW,255
shatter,0.774345874786377,terrorism,1951-1960,CBOW,256
dog,0.7743130326271057,terrorism,1951-1960,CBOW,257
saboteur,0.7740511298179626,terrorism,1951-1960,CBOW,258
ville,0.7738786339759827,terrorism,1951-1960,CBOW,259
wounding,0.7737194895744324,terrorism,1951-1960,CBOW,260
twist,0.7730333805084229,terrorism,1951-1960,CBOW,261
clash_occur,0.7729893326759338,terrorism,1951-1960,CBOW,262
hiding,0.7727545499801636,terrorism,1951-1960,CBOW,263
median,0.772616446018219,terrorism,1951-1960,CBOW,264
shooting,0.7724998593330383,terrorism,1951-1960,CBOW,265
headquarter,0.7723414301872253,terrorism,1951-1960,CBOW,266
mile_east,0.7721601128578186,terrorism,1951-1960,CBOW,267
roll,0.7720572352409363,terrorism,1951-1960,CBOW,268
suburb,0.771984875202179,terrorism,1951-1960,CBOW,269
shout,0.7719761729240417,terrorism,1951-1960,CBOW,270
slaughter,0.7717651724815369,terrorism,1951-1960,CBOW,271
shake,0.7715729475021362,terrorism,1951-1960,CBOW,272
occupant,0.7709696292877197,terrorism,1951-1960,CBOW,273
kidnapping,0.7709105014801025,terrorism,1951-1960,CBOW,274
scatter,0.7706971764564514,terrorism,1951-1960,CBOW,275
boycott,0.7705305218696594,terrorism,1951-1960,CBOW,276
homemade_bomb,0.7705109715461731,terrorism,1951-1960,CBOW,277
pierre,0.770321786403656,terrorism,1951-1960,CBOW,278
uneasy,0.7702113389968872,terrorism,1951-1960,CBOW,279
fury,0.7695891857147217,terrorism,1951-1960,CBOW,280
squad,0.7694846987724304,terrorism,1951-1960,CBOW,281
soldier_wound,0.7692906260490417,terrorism,1951-1960,CBOW,282
casbah,0.7692244052886963,terrorism,1951-1960,CBOW,283
grenade_explode,0.7691882848739624,terrorism,1951-1960,CBOW,284
neighborhood,0.7691353559494019,terrorism,1951-1960,CBOW,285
tenant,0.7687873244285583,terrorism,1951-1960,CBOW,286
colon,0.7684691548347473,terrorism,1951-1960,CBOW,287
touch,0.7682458758354187,terrorism,1951-1960,CBOW,288
pearl,0.7682137489318848,terrorism,1951-1960,CBOW,289
belfast_northern_ireland,0.7681854367256165,terrorism,1951-1960,CBOW,290
wall,0.7681835293769836,terrorism,1951-1960,CBOW,291
seventy,0.7680857181549072,terrorism,1951-1960,CBOW,292
eighty,0.7680783867835999,terrorism,1951-1960,CBOW,293
shop,0.7677664160728455,terrorism,1951-1960,CBOW,294
manila_sov,0.7675139904022217,terrorism,1951-1960,CBOW,295
nail,0.7674726843833923,terrorism,1951-1960,CBOW,296
ambush,0.7674018144607544,terrorism,1951-1960,CBOW,297
dress,0.7672516703605652,terrorism,1951-1960,CBOW,298
algier_french,0.7672255635261536,terrorism,1951-1960,CBOW,299
nineteen,0.7667958736419678,terrorism,1951-1960,CBOW,300
hand_grenade,0.7667822241783142,terrorism,1951-1960,CBOW,301
malaya_red,0.7666102647781372,terrorism,1951-1960,CBOW,302
hotel,0.7663620710372925,terrorism,1951-1960,CBOW,303
interrogate,0.766118049621582,terrorism,1951-1960,CBOW,304
selangor,0.7661029100418091,terrorism,1951-1960,CBOW,305
li,0.7661003470420837,terrorism,1951-1960,CBOW,306
bring_total,0.766078770160675,terrorism,1951-1960,CBOW,307
chieftain,0.7659103274345398,terrorism,1951-1960,CBOW,308
stealth,0.7659032940864563,terrorism,1951-1960,CBOW,309
jacques_chevalier,0.7658630013465881,terrorism,1951-1960,CBOW,310
restaurant,0.7657538652420044,terrorism,1951-1960,CBOW,311
hamlet,0.7656868100166321,terrorism,1951-1960,CBOW,312
extensive,0.7647542357444763,terrorism,1951-1960,CBOW,313
cavity,0.7646894454956055,terrorism,1951-1960,CBOW,314
escort,0.7646144032478333,terrorism,1951-1960,CBOW,315
police_officer,0.7645735144615173,terrorism,1951-1960,CBOW,316
flare,0.7635853290557861,terrorism,1951-1960,CBOW,317
half_dozen,0.7635658383369446,terrorism,1951-1960,CBOW,318
submarine_gun,0.7635007500648499,terrorism,1951-1960,CBOW,319
agitator,0.7633859515190125,terrorism,1951-1960,CBOW,320
cry,0.7633299827575684,terrorism,1951-1960,CBOW,321
clock,0.7633099555969238,terrorism,1951-1960,CBOW,322
wanton,0.7628865242004395,terrorism,1951-1960,CBOW,323
courier,0.7628522515296936,terrorism,1951-1960,CBOW,324
escape,0.7625759243965149,terrorism,1951-1960,CBOW,325
brush,0.7625570297241211,terrorism,1951-1960,CBOW,326
drive_mau_mau,0.7625030279159546,terrorism,1951-1960,CBOW,327
ring,0.7620602250099182,terrorism,1951-1960,CBOW,328
avenue,0.7619244456291199,terrorism,1951-1960,CBOW,329
uncover,0.7618787884712219,terrorism,1951-1960,CBOW,330
sov_letter,0.7618651390075684,terrorism,1951-1960,CBOW,331
throw_bomb,0.7617018222808838,terrorism,1951-1960,CBOW,332
moore,0.7616822123527527,terrorism,1951-1960,CBOW,333
parachutist,0.7615031599998474,terrorism,1951-1960,CBOW,334
losse,0.761406421661377,terrorism,1951-1960,CBOW,335
mourn,0.7613101601600647,terrorism,1951-1960,CBOW,336
caraca,0.7609999775886536,terrorism,1951-1960,CBOW,337
arrest_connection,0.76090008020401,terrorism,1951-1960,CBOW,338
commanding,0.7607267498970032,terrorism,1951-1960,CBOW,339
stroll,0.7606803774833679,terrorism,1951-1960,CBOW,340
ohio,0.7605038285255432,terrorism,1951-1960,CBOW,341
kill_wound,0.7604956030845642,terrorism,1951-1960,CBOW,342
slaying,0.7604901790618896,terrorism,1951-1960,CBOW,343
disperse,0.7602759003639221,terrorism,1951-1960,CBOW,344
mamma,0.7597801089286804,terrorism,1951-1960,CBOW,345
vigilante,0.7595325112342834,terrorism,1951-1960,CBOW,346
bastille,0.7594234943389893,terrorism,1951-1960,CBOW,347
counterterrorism,0.7591656446456909,terrorism,1951-1960,CBOW,348
blow_bridge,0.7589409947395325,terrorism,1951-1960,CBOW,349
madrid,0.7588090896606445,terrorism,1951-1960,CBOW,350
fritz,0.7585652470588684,terrorism,1951-1960,CBOW,351
hoodlum,0.7580916881561279,terrorism,1951-1960,CBOW,352
security_measure,0.7580576539039612,terrorism,1951-1960,CBOW,353
sentence_death,0.7578774094581604,terrorism,1951-1960,CBOW,354
brutally,0.7576230764389038,terrorism,1951-1960,CBOW,355
strife,0.7574319243431091,terrorism,1951-1960,CBOW,356
square,0.7572909593582153,terrorism,1951-1960,CBOW,357
au_au_gang,0.757043719291687,terrorism,1951-1960,CBOW,358
bomb,0.7569788098335266,terrorism,1951-1960,CBOW,359
missionary,0.7569749355316162,terrorism,1951-1960,CBOW,360
boris,0.7569229602813721,terrorism,1951-1960,CBOW,361
sheep,0.7567082643508911,terrorism,1951-1960,CBOW,362
cannon,0.7566477060317993,terrorism,1951-1960,CBOW,363
road_block,0.7565943002700806,terrorism,1951-1960,CBOW,364
vice_consul,0.7563525438308716,terrorism,1951-1960,CBOW,365
famine,0.7562770843505859,terrorism,1951-1960,CBOW,366
weekend,0.7562766671180725,terrorism,1951-1960,CBOW,367
morning,0.7559859752655029,terrorism,1951-1960,CBOW,368
veteran,0.7558668851852417,terrorism,1951-1960,CBOW,369
twentyfive,0.7558579444885254,terrorism,1951-1960,CBOW,370
forty,0.7558180689811707,terrorism,1951-1960,CBOW,371
wreck,0.7556775808334351,terrorism,1951-1960,CBOW,372
mountainous,0.7556038498878479,terrorism,1951-1960,CBOW,373
surround_village,0.7555784583091736,terrorism,1951-1960,CBOW,374
whip,0.755363404750824,terrorism,1951-1960,CBOW,375
mingle,0.7552539110183716,terrorism,1951-1960,CBOW,376
bomb_explosion,0.7552234530448914,terrorism,1951-1960,CBOW,377
throw_hand_grenade,0.7550660967826843,terrorism,1951-1960,CBOW,378
miami,0.7550643682479858,terrorism,1951-1960,CBOW,379
comb,0.7550492882728577,terrorism,1951-1960,CBOW,380
dynamite,0.7548569440841675,terrorism,1951-1960,CBOW,381
library,0.7543108463287354,terrorism,1951-1960,CBOW,382
corner,0.7541589140892029,terrorism,1951-1960,CBOW,383
gasoline,0.7541346549987793,terrorism,1951-1960,CBOW,384
lonely,0.7540430426597595,terrorism,1951-1960,CBOW,385
eighteen,0.7539469003677368,terrorism,1951-1960,CBOW,386
army_officer,0.7537758946418762,terrorism,1951-1960,CBOW,387
seriously_injure,0.7536295056343079,terrorism,1951-1960,CBOW,388
depot,0.7534332275390625,terrorism,1951-1960,CBOW,389
alert,0.7532784938812256,terrorism,1951-1960,CBOW,390
descent,0.7531998157501221,terrorism,1951-1960,CBOW,391
maids,0.7530227899551392,terrorism,1951-1960,CBOW,392
coffin,0.7529284954071045,terrorism,1951-1960,CBOW,393
try_escape,0.7528454065322876,terrorism,1951-1960,CBOW,394
nerve,0.7527259588241577,terrorism,1951-1960,CBOW,395
sidewalk,0.7521814107894897,terrorism,1951-1960,CBOW,396
confess,0.7520790696144104,terrorism,1951-1960,CBOW,397
def,0.751538872718811,terrorism,1951-1960,CBOW,398
poster,0.7512103915214539,terrorism,1951-1960,CBOW,399
helen,0.7511254549026489,terrorism,1951-1960,CBOW,400
salute,0.75079745054245,terrorism,1951-1960,CBOW,401
twelve,0.750605046749115,terrorism,1951-1960,CBOW,402
pathos,0.7502686977386475,terrorism,1951-1960,CBOW,403
discriminate,0.7501587271690369,terrorism,1951-1960,CBOW,404
site,0.7497435808181763,terrorism,1951-1960,CBOW,405
collection,0.7494195699691772,terrorism,1951-1960,CBOW,406
shell,0.7493230700492859,terrorism,1951-1960,CBOW,407
floor,0.7489923238754272,terrorism,1951-1960,CBOW,408
tiller,0.7488639950752258,terrorism,1951-1960,CBOW,409
knife,0.7488400936126709,terrorism,1951-1960,CBOW,410
precaution,0.7487409114837646,terrorism,1951-1960,CBOW,411
amuse,0.7486953735351562,terrorism,1951-1960,CBOW,412
au_au_oath,0.748596727848053,terrorism,1951-1960,CBOW,413
ascertain,0.7484114766120911,terrorism,1951-1960,CBOW,414
bird,0.7482687830924988,terrorism,1951-1960,CBOW,415
constabulary,0.7481867074966431,terrorism,1951-1960,CBOW,416
accidental,0.7481188178062439,terrorism,1951-1960,CBOW,417
rout,0.7480453848838806,terrorism,1951-1960,CBOW,418
shotgun,0.7480230331420898,terrorism,1951-1960,CBOW,419
ride,0.7475985884666443,terrorism,1951-1960,CBOW,420
anguish,0.7475716471672058,terrorism,1951-1960,CBOW,421
barracks,0.7474893927574158,terrorism,1951-1960,CBOW,422
undress,0.7474690675735474,terrorism,1951-1960,CBOW,423
quiet,0.7473701238632202,terrorism,1951-1960,CBOW,424
gape,0.7473112344741821,terrorism,1951-1960,CBOW,425
besiege,0.7472370266914368,terrorism,1951-1960,CBOW,426
dead,0.7468861937522888,terrorism,1951-1960,CBOW,427
cord,0.746819257736206,terrorism,1951-1960,CBOW,428
antonio,0.7466939091682434,terrorism,1951-1960,CBOW,429
martinet,0.7466872334480286,terrorism,1951-1960,CBOW,430
retire,0.7466549277305603,terrorism,1951-1960,CBOW,431
manager,0.7466207146644592,terrorism,1951-1960,CBOW,432
alarm,0.7466192245483398,terrorism,1951-1960,CBOW,433
heretofore,0.7463133931159973,terrorism,1951-1960,CBOW,434
oak,0.7461768984794617,terrorism,1951-1960,CBOW,435
cheer,0.7460280060768127,terrorism,1951-1960,CBOW,436
reds,0.7456179857254028,terrorism,1951-1960,CBOW,437
kidnap,0.7455434203147888,terrorism,1951-1960,CBOW,438
bitterly,0.7454602718353271,terrorism,1951-1960,CBOW,439
minute,0.7454490065574646,terrorism,1951-1960,CBOW,440
toss,0.7452971935272217,terrorism,1951-1960,CBOW,441
throw,0.7452587485313416,terrorism,1951-1960,CBOW,442
moore_negro,0.7452333569526672,terrorism,1951-1960,CBOW,443
del,0.7451891303062439,terrorism,1951-1960,CBOW,444
explosion_occur,0.7445695996284485,terrorism,1951-1960,CBOW,445
reporter,0.7443509101867676,terrorism,1951-1960,CBOW,446
south_peri,0.7443392872810364,terrorism,1951-1960,CBOW,447
wife_child,0.7441720366477966,terrorism,1951-1960,CBOW,448
dwelling,0.7437115907669067,terrorism,1951-1960,CBOW,449
serve_ice,0.7436898946762085,terrorism,1951-1960,CBOW,450
anna,0.7435983419418335,terrorism,1951-1960,CBOW,451
swiss,0.743303656578064,terrorism,1951-1960,CBOW,452
peaceful_demonstration,0.7430518269538879,terrorism,1951-1960,CBOW,453
irish_republican_army,0.7427918910980225,terrorism,1951-1960,CBOW,454
ill,0.7427380681037903,terrorism,1951-1960,CBOW,455
vengeance,0.7425786852836609,terrorism,1951-1960,CBOW,456
count_sonya,0.7421955466270447,terrorism,1951-1960,CBOW,457
northern_ireland,0.7421188354492188,terrorism,1951-1960,CBOW,458
male,0.7418925762176514,terrorism,1951-1960,CBOW,459
spear,0.7417372465133667,terrorism,1951-1960,CBOW,460
tense,0.7415025234222412,terrorism,1951-1960,CBOW,461
beat,0.7414857149124146,terrorism,1951-1960,CBOW,462
hurt,0.7412806749343872,terrorism,1951-1960,CBOW,463
policeman,0.7405810356140137,terrorism,1951-1960,CBOW,464
south_african,0.7404672503471375,terrorism,1951-1960,CBOW,465
futile,0.7403352856636047,terrorism,1951-1960,CBOW,466
castle,0.7402175664901733,terrorism,1951-1960,CBOW,467
armed_car,0.7401829957962036,terrorism,1951-1960,CBOW,468
streets,0.7400926351547241,terrorism,1951-1960,CBOW,469
materialize,0.7399964332580566,terrorism,1951-1960,CBOW,470
black,0.739916980266571,terrorism,1951-1960,CBOW,471
barrack,0.7395554780960083,terrorism,1951-1960,CBOW,472
gordon,0.7394489645957947,terrorism,1951-1960,CBOW,473
walled,0.7394070625305176,terrorism,1951-1960,CBOW,474
house_representatives,0.7391445636749268,terrorism,1951-1960,CBOW,475
smile,0.7389765381813049,terrorism,1951-1960,CBOW,476
ciudad,0.738943338394165,terrorism,1951-1960,CBOW,477
victim,0.738937497138977,terrorism,1951-1960,CBOW,478
ah,0.7389141917228699,terrorism,1951-1960,CBOW,479
lock,0.7386447787284851,terrorism,1951-1960,CBOW,480
guest,0.7385342121124268,terrorism,1951-1960,CBOW,481
mortar,0.7383373975753784,terrorism,1951-1960,CBOW,482
jonathan,0.7382901310920715,terrorism,1951-1960,CBOW,483
tired,0.7382856011390686,terrorism,1951-1960,CBOW,484
du,0.7380239367485046,terrorism,1951-1960,CBOW,485
patriot,0.7378955483436584,terrorism,1951-1960,CBOW,486
ulster,0.7378353476524353,terrorism,1951-1960,CBOW,487
heat,0.7377438545227051,terrorism,1951-1960,CBOW,488
ensue,0.7376243472099304,terrorism,1951-1960,CBOW,489
busy,0.737571120262146,terrorism,1951-1960,CBOW,490
atrocity,0.737539529800415,terrorism,1951-1960,CBOW,491
tension_mount,0.7374135851860046,terrorism,1951-1960,CBOW,492
tripoli,0.7373710870742798,terrorism,1951-1960,CBOW,493
workman,0.7369511723518372,terrorism,1951-1960,CBOW,494
kikuyu_tribesman,0.7366568446159363,terrorism,1951-1960,CBOW,495
tula_tumour,0.7364585995674133,terrorism,1951-1960,CBOW,496
shake_hand,0.7364506125450134,terrorism,1951-1960,CBOW,497
employe,0.7364482283592224,terrorism,1951-1960,CBOW,498
assistant,0.736280083656311,terrorism,1951-1960,CBOW,499
mobs,0.7361123561859131,terrorism,1951-1960,CBOW,500
terrorists,0.6740933060646057,terrorism,1951-1960,SkipGram,1
gas,0.5955072641372681,terrorism,1951-1960,SkipGram,2
renew_violence,0.5907071232795715,terrorism,1951-1960,SkipGram,3
violence_flare,0.5858521461486816,terrorism,1951-1960,SkipGram,4
argentine,0.5775173902511597,terrorism,1951-1960,SkipGram,5
stern_measure,0.5743427276611328,terrorism,1951-1960,SkipGram,6
miami,0.5657349824905396,terrorism,1951-1960,SkipGram,7
virginia,0.5628179311752319,terrorism,1951-1960,SkipGram,8
walkout,0.5583003163337708,terrorism,1951-1960,SkipGram,9
kill_injure,0.5561028122901917,terrorism,1951-1960,SkipGram,10
strike_paralyze,0.5538755655288696,terrorism,1951-1960,SkipGram,11
bombing,0.5523505806922913,terrorism,1951-1960,SkipGram,12
hart,0.5497081279754639,terrorism,1951-1960,SkipGram,13
jacksonville_la,0.5488985180854797,terrorism,1951-1960,SkipGram,14
armed_gang,0.5466641187667847,terrorism,1951-1960,SkipGram,15
touching,0.5459832549095154,terrorism,1951-1960,SkipGram,16
services,0.540168285369873,terrorism,1951-1960,SkipGram,17
san_juan,0.5400786399841309,terrorism,1951-1960,SkipGram,18
aunt,0.5392629504203796,terrorism,1951-1960,SkipGram,19
kenya,0.5357317924499512,terrorism,1951-1960,SkipGram,20
manila_sov,0.5347952246665955,terrorism,1951-1960,SkipGram,21
killing,0.5331233739852905,terrorism,1951-1960,SkipGram,22
bedroom,0.5323694944381714,terrorism,1951-1960,SkipGram,23
slay,0.5301860570907593,terrorism,1951-1960,SkipGram,24
tear_gas,0.5288507342338562,terrorism,1951-1960,SkipGram,25
shadow,0.5249782800674438,terrorism,1951-1960,SkipGram,26
drive_mau_mau,0.5242298245429993,terrorism,1951-1960,SkipGram,27
malaya_red,0.5239976644515991,terrorism,1951-1960,SkipGram,28
blaze,0.5234594345092773,terrorism,1951-1960,SkipGram,29
mau_mau,0.5215619802474976,terrorism,1951-1960,SkipGram,30
bird,0.5169339776039124,terrorism,1951-1960,SkipGram,31
burst,0.5158829092979431,terrorism,1951-1960,SkipGram,32
small_arm,0.5152018666267395,terrorism,1951-1960,SkipGram,33
anew,0.5132147669792175,terrorism,1951-1960,SkipGram,34
earning,0.5112221837043762,terrorism,1951-1960,SkipGram,35
cavity,0.5098869800567627,terrorism,1951-1960,SkipGram,36
slain,0.5080484747886658,terrorism,1951-1960,SkipGram,37
alabama,0.5076414942741394,terrorism,1951-1960,SkipGram,38
christmas,0.5053470134735107,terrorism,1951-1960,SkipGram,39
strife,0.5052611231803894,terrorism,1951-1960,SkipGram,40
beat_death,0.5046718120574951,terrorism,1951-1960,SkipGram,41
town_village,0.5046654343605042,terrorism,1951-1960,SkipGram,42
property_damage,0.504652738571167,terrorism,1951-1960,SkipGram,43
delivery,0.5040792226791382,terrorism,1951-1960,SkipGram,44
mysterious,0.5040026307106018,terrorism,1951-1960,SkipGram,45
lonely,0.5034055709838867,terrorism,1951-1960,SkipGram,46
furious,0.5030671954154968,terrorism,1951-1960,SkipGram,47
fester,0.5019073486328125,terrorism,1951-1960,SkipGram,48
materialize,0.5018413066864014,terrorism,1951-1960,SkipGram,49
civic_leader,0.5008218288421631,terrorism,1951-1960,SkipGram,50
instigator,0.4993104636669159,terrorism,1951-1960,SkipGram,51
curfew,0.4992392957210541,terrorism,1951-1960,SkipGram,52
peter,0.49902671575546265,terrorism,1951-1960,SkipGram,53
mile_north,0.4988310635089874,terrorism,1951-1960,SkipGram,54
serene,0.4974249005317688,terrorism,1951-1960,SkipGram,55
severity,0.4956245422363281,terrorism,1951-1960,SkipGram,56
antiterrorist_drive,0.4954656958580017,terrorism,1951-1960,SkipGram,57
yearly,0.49444857239723206,terrorism,1951-1960,SkipGram,58
reds,0.4924841821193695,terrorism,1951-1960,SkipGram,59
white_settlers,0.492376446723938,terrorism,1951-1960,SkipGram,60
faint,0.49057647585868835,terrorism,1951-1960,SkipGram,61
veil,0.4899662733078003,terrorism,1951-1960,SkipGram,62
ty,0.4898761808872223,terrorism,1951-1960,SkipGram,63
small_town,0.4888540804386139,terrorism,1951-1960,SkipGram,64
sadness,0.4885253310203552,terrorism,1951-1960,SkipGram,65
bullet_wound,0.48801058530807495,terrorism,1951-1960,SkipGram,66
fifth_avenue,0.48641473054885864,terrorism,1951-1960,SkipGram,67
arms,0.48638081550598145,terrorism,1951-1960,SkipGram,68
kuala_lumpur,0.485789954662323,terrorism,1951-1960,SkipGram,69
gun_battle,0.4856974184513092,terrorism,1951-1960,SkipGram,70
forgive,0.485660582780838,terrorism,1951-1960,SkipGram,71
mingle,0.4856188893318176,terrorism,1951-1960,SkipGram,72
phillips,0.4852980971336365,terrorism,1951-1960,SkipGram,73
emergency_rule,0.4850641191005707,terrorism,1951-1960,SkipGram,74
cleric,0.4830172061920166,terrorism,1951-1960,SkipGram,75
hack,0.4807083308696747,terrorism,1951-1960,SkipGram,76
puerto,0.480581670999527,terrorism,1951-1960,SkipGram,77
erupt,0.480164498090744,terrorism,1951-1960,SkipGram,78
prelate,0.4797232449054718,terrorism,1951-1960,SkipGram,79
brush,0.47933873534202576,terrorism,1951-1960,SkipGram,80
counterterrorist,0.4792710244655609,terrorism,1951-1960,SkipGram,81
casablanca_french_morocco,0.47868600487709045,terrorism,1951-1960,SkipGram,82
sunny,0.4786483645439148,terrorism,1951-1960,SkipGram,83
cameroon,0.478037565946579,terrorism,1951-1960,SkipGram,84
mourn,0.4776347875595093,terrorism,1951-1960,SkipGram,85
dans,0.4773634076118469,terrorism,1951-1960,SkipGram,86
boycott,0.47675198316574097,terrorism,1951-1960,SkipGram,87
injury,0.47663429379463196,terrorism,1951-1960,SkipGram,88
fatally_wound,0.4763262867927551,terrorism,1951-1960,SkipGram,89
boat,0.4761756956577301,terrorism,1951-1960,SkipGram,90
rout,0.4758247435092926,terrorism,1951-1960,SkipGram,91
ville,0.47573012113571167,terrorism,1951-1960,SkipGram,92
lawlessness,0.4746614396572113,terrorism,1951-1960,SkipGram,93
au_au_oath,0.4744863212108612,terrorism,1951-1960,SkipGram,94
throng,0.47436800599098206,terrorism,1951-1960,SkipGram,95
coat,0.47390589118003845,terrorism,1951-1960,SkipGram,96
chide,0.4736476540565491,terrorism,1951-1960,SkipGram,97
jurist,0.47344285249710083,terrorism,1951-1960,SkipGram,98
acting,0.473417729139328,terrorism,1951-1960,SkipGram,99
throw_grenade,0.4732467830181122,terrorism,1951-1960,SkipGram,100
retaliate,0.4727679193019867,terrorism,1951-1960,SkipGram,101
beat,0.4726523756980896,terrorism,1951-1960,SkipGram,102
truck_driver,0.4713028073310852,terrorism,1951-1960,SkipGram,103
jakarta_indonesia,0.47122547030448914,terrorism,1951-1960,SkipGram,104
holiday,0.4706122577190399,terrorism,1951-1960,SkipGram,105
gape,0.47041967511177063,terrorism,1951-1960,SkipGram,106
rake,0.47034746408462524,terrorism,1951-1960,SkipGram,107
hooded,0.46972334384918213,terrorism,1951-1960,SkipGram,108
youngster,0.4690486490726471,terrorism,1951-1960,SkipGram,109
half_dozen,0.4688134789466858,terrorism,1951-1960,SkipGram,110
deadline,0.46858781576156616,terrorism,1951-1960,SkipGram,111
tension_mount,0.4681399166584015,terrorism,1951-1960,SkipGram,112
longshoreman,0.467535138130188,terrorism,1951-1960,SkipGram,113
richard,0.46724018454551697,terrorism,1951-1960,SkipGram,114
crowded,0.46662458777427673,terrorism,1951-1960,SkipGram,115
policeman_wound,0.4664715528488159,terrorism,1951-1960,SkipGram,116
bench,0.46583691239356995,terrorism,1951-1960,SkipGram,117
liberation_army,0.4649752378463745,terrorism,1951-1960,SkipGram,118
redress,0.46465104818344116,terrorism,1951-1960,SkipGram,119
leonard_special_times,0.46462786197662354,terrorism,1951-1960,SkipGram,120
metropolis,0.46412840485572815,terrorism,1951-1960,SkipGram,121
colon,0.4641215205192566,terrorism,1951-1960,SkipGram,122
ape,0.4639250934123993,terrorism,1951-1960,SkipGram,123
heat,0.4630573093891144,terrorism,1951-1960,SkipGram,124
tunisia_tunisian,0.46202966570854187,terrorism,1951-1960,SkipGram,125
condemn_death,0.4617374539375305,terrorism,1951-1960,SkipGram,126
beautiful,0.4615340828895569,terrorism,1951-1960,SkipGram,127
hire,0.4609685242176056,terrorism,1951-1960,SkipGram,128
cold,0.4605645537376404,terrorism,1951-1960,SkipGram,129
kansas,0.4597333073616028,terrorism,1951-1960,SkipGram,130
moore_negro,0.4587382674217224,terrorism,1951-1960,SkipGram,131
smoke,0.4586246907711029,terrorism,1951-1960,SkipGram,132
adam,0.4584487974643707,terrorism,1951-1960,SkipGram,133
kikuyu_tribesman,0.4575130045413971,terrorism,1951-1960,SkipGram,134
revoke,0.4570065438747406,terrorism,1951-1960,SkipGram,135
foreman,0.4568246304988861,terrorism,1951-1960,SkipGram,136
lids,0.45669272541999817,terrorism,1951-1960,SkipGram,137
inch,0.45630428194999695,terrorism,1951-1960,SkipGram,138
arrest_connection,0.45619839429855347,terrorism,1951-1960,SkipGram,139
oak,0.4561120569705963,terrorism,1951-1960,SkipGram,140
seriously_injure,0.4551735520362854,terrorism,1951-1960,SkipGram,141
loot,0.45516282320022583,terrorism,1951-1960,SkipGram,142
vigilante,0.4546845257282257,terrorism,1951-1960,SkipGram,143
suburban,0.45463842153549194,terrorism,1951-1960,SkipGram,144
declare_emergency,0.4546220600605011,terrorism,1951-1960,SkipGram,145
vs,0.4544930160045624,terrorism,1951-1960,SkipGram,146
police_station,0.4539087414741516,terrorism,1951-1960,SkipGram,147
trick,0.4536077082157135,terrorism,1951-1960,SkipGram,148
law_enforcement,0.45339611172676086,terrorism,1951-1960,SkipGram,149
road_block,0.4531860947608948,terrorism,1951-1960,SkipGram,150
kikuyu_reserve,0.4529634416103363,terrorism,1951-1960,SkipGram,151
rama_rau,0.45262399315834045,terrorism,1951-1960,SkipGram,152
layman,0.4521980583667755,terrorism,1951-1960,SkipGram,153
thrust,0.4515102803707123,terrorism,1951-1960,SkipGram,154
awe,0.4506542682647705,terrorism,1951-1960,SkipGram,155
mortar,0.4506513178348541,terrorism,1951-1960,SkipGram,156
incendiary,0.45021092891693115,terrorism,1951-1960,SkipGram,157
die,0.45016565918922424,terrorism,1951-1960,SkipGram,158
awful,0.44985446333885193,terrorism,1951-1960,SkipGram,159
assassination_attempt,0.4494454860687256,terrorism,1951-1960,SkipGram,160
eighty,0.4492502510547638,terrorism,1951-1960,SkipGram,161
ami,0.44913744926452637,terrorism,1951-1960,SkipGram,162
capital,0.44876039028167725,terrorism,1951-1960,SkipGram,163
stir,0.4486686885356903,terrorism,1951-1960,SkipGram,164
homer_special_typhus,0.4485151767730713,terrorism,1951-1960,SkipGram,165
hatre,0.4483126103878021,terrorism,1951-1960,SkipGram,166
fury,0.44796863198280334,terrorism,1951-1960,SkipGram,167
oh,0.447243332862854,terrorism,1951-1960,SkipGram,168
offender,0.44670018553733826,terrorism,1951-1960,SkipGram,169
vengeance,0.44629552960395813,terrorism,1951-1960,SkipGram,170
sov_suis_marin,0.44617339968681335,terrorism,1951-1960,SkipGram,171
commerce_industry,0.4461582601070404,terrorism,1951-1960,SkipGram,172
ngo,0.4460420310497284,terrorism,1951-1960,SkipGram,173
african_colony,0.44580966234207153,terrorism,1951-1960,SkipGram,174
shotgun,0.445806086063385,terrorism,1951-1960,SkipGram,175
vow,0.44519972801208496,terrorism,1951-1960,SkipGram,176
shoot_death,0.4450143575668335,terrorism,1951-1960,SkipGram,177
coffee,0.4447997212409973,terrorism,1951-1960,SkipGram,178
varied,0.4444005489349365,terrorism,1951-1960,SkipGram,179
po_lice,0.4443523585796356,terrorism,1951-1960,SkipGram,180
death_toll,0.4442274570465088,terrorism,1951-1960,SkipGram,181
pearl,0.4438592791557312,terrorism,1951-1960,SkipGram,182
municipal,0.44378960132598877,terrorism,1951-1960,SkipGram,183
bystander,0.44277018308639526,terrorism,1951-1960,SkipGram,184
benjamin,0.4427076280117035,terrorism,1951-1960,SkipGram,185
tabe,0.4425951838493347,terrorism,1951-1960,SkipGram,186
stage_demonstration,0.4424964487552643,terrorism,1951-1960,SkipGram,187
hurry,0.4424705505371094,terrorism,1951-1960,SkipGram,188
seriously_wound,0.44212448596954346,terrorism,1951-1960,SkipGram,189
wealth,0.441662460565567,terrorism,1951-1960,SkipGram,190
supreme_court_justice,0.44159358739852905,terrorism,1951-1960,SkipGram,191
debt,0.44144126772880554,terrorism,1951-1960,SkipGram,192
revolver,0.4410114586353302,terrorism,1951-1960,SkipGram,193
columbus,0.44076430797576904,terrorism,1951-1960,SkipGram,194
pole,0.44066643714904785,terrorism,1951-1960,SkipGram,195
aggravate,0.44009536504745483,terrorism,1951-1960,SkipGram,196
boulevard,0.43990716338157654,terrorism,1951-1960,SkipGram,197
sheriff,0.43967312574386597,terrorism,1951-1960,SkipGram,198
flogging,0.4396167993545532,terrorism,1951-1960,SkipGram,199
blast,0.4394720792770386,terrorism,1951-1960,SkipGram,200
terrorist,0.43929511308670044,terrorism,1951-1960,SkipGram,201
parliament_building,0.4387565851211548,terrorism,1951-1960,SkipGram,202
burial,0.43865084648132324,terrorism,1951-1960,SkipGram,203
climax,0.43797263503074646,terrorism,1951-1960,SkipGram,204
angel,0.4378095865249634,terrorism,1951-1960,SkipGram,205
brooks,0.4377165138721466,terrorism,1951-1960,SkipGram,206
para,0.4377163052558899,terrorism,1951-1960,SkipGram,207
rain,0.4373670518398285,terrorism,1951-1960,SkipGram,208
cord,0.437344491481781,terrorism,1951-1960,SkipGram,209
savage,0.4368509352207184,terrorism,1951-1960,SkipGram,210
parley,0.4368423819541931,terrorism,1951-1960,SkipGram,211
hoodlum,0.43618154525756836,terrorism,1951-1960,SkipGram,212
shot_fire,0.43587061762809753,terrorism,1951-1960,SkipGram,213
federal_grand_jury,0.435466468334198,terrorism,1951-1960,SkipGram,214
elizabeth,0.4353225827217102,terrorism,1951-1960,SkipGram,215
peril,0.43523430824279785,terrorism,1951-1960,SkipGram,216
ease,0.43493494391441345,terrorism,1951-1960,SkipGram,217
tired,0.4343649446964264,terrorism,1951-1960,SkipGram,218
nearly_per_cent,0.43374940752983093,terrorism,1951-1960,SkipGram,219
downtown,0.43368732929229736,terrorism,1951-1960,SkipGram,220
cyprus,0.4336664080619812,terrorism,1951-1960,SkipGram,221
hut,0.433084100484848,terrorism,1951-1960,SkipGram,222
twelve_person,0.4320690929889679,terrorism,1951-1960,SkipGram,223
donald,0.4319095015525818,terrorism,1951-1960,SkipGram,224
miner,0.43171387910842896,terrorism,1951-1960,SkipGram,225
fairness,0.43159133195877075,terrorism,1951-1960,SkipGram,226
weeks,0.4313008785247803,terrorism,1951-1960,SkipGram,227
kiss,0.4312247931957245,terrorism,1951-1960,SkipGram,228
cathedral,0.4309559762477875,terrorism,1951-1960,SkipGram,229
finish,0.43088775873184204,terrorism,1951-1960,SkipGram,230
prediction,0.4308536946773529,terrorism,1951-1960,SkipGram,231
organizing,0.43058857321739197,terrorism,1951-1960,SkipGram,232
round_ammunition,0.430391788482666,terrorism,1951-1960,SkipGram,233
liver,0.430009663105011,terrorism,1951-1960,SkipGram,234
envy,0.4294983446598053,terrorism,1951-1960,SkipGram,235
homemade_bomb,0.42916521430015564,terrorism,1951-1960,SkipGram,236
deny_charge,0.4290609657764435,terrorism,1951-1960,SkipGram,237
siberia,0.42893555760383606,terrorism,1951-1960,SkipGram,238
please,0.4289291203022003,terrorism,1951-1960,SkipGram,239
barley,0.42889276146888733,terrorism,1951-1960,SkipGram,240
noncommissioned_officer,0.42839765548706055,terrorism,1951-1960,SkipGram,241
tear,0.42837831377983093,terrorism,1951-1960,SkipGram,242
unsuccessful_attempt,0.428195595741272,terrorism,1951-1960,SkipGram,243
chase,0.427775114774704,terrorism,1951-1960,SkipGram,244
dean,0.42766329646110535,terrorism,1951-1960,SkipGram,245
funeral_procession,0.42748358845710754,terrorism,1951-1960,SkipGram,246
edmund,0.4272673428058624,terrorism,1951-1960,SkipGram,247
fifty_mile,0.42720234394073486,terrorism,1951-1960,SkipGram,248
dorothy,0.4271789789199829,terrorism,1951-1960,SkipGram,249
executive_director,0.42708247900009155,terrorism,1951-1960,SkipGram,250
leap,0.4269638657569885,terrorism,1951-1960,SkipGram,251
reward,0.4268976151943207,terrorism,1951-1960,SkipGram,252
hysteria,0.42654111981391907,terrorism,1951-1960,SkipGram,253
irish,0.4263504147529602,terrorism,1951-1960,SkipGram,254
photograph,0.4261975884437561,terrorism,1951-1960,SkipGram,255
congressional_election,0.4261932373046875,terrorism,1951-1960,SkipGram,256
steward,0.42611610889434814,terrorism,1951-1960,SkipGram,257
special_buenos,0.42609015107154846,terrorism,1951-1960,SkipGram,258
stroll,0.42607858777046204,terrorism,1951-1960,SkipGram,259
serve_ice,0.4260213077068329,terrorism,1951-1960,SkipGram,260
driving,0.42596957087516785,terrorism,1951-1960,SkipGram,261
castle,0.4253899157047272,terrorism,1951-1960,SkipGram,262
hole,0.4253624677658081,terrorism,1951-1960,SkipGram,263
statue,0.4252692759037018,terrorism,1951-1960,SkipGram,264
teenager,0.42492035031318665,terrorism,1951-1960,SkipGram,265
thirty_mile,0.42490556836128235,terrorism,1951-1960,SkipGram,266
drought,0.4248351454734802,terrorism,1951-1960,SkipGram,267
stone,0.424765408039093,terrorism,1951-1960,SkipGram,268
northwest,0.42470353841781616,terrorism,1951-1960,SkipGram,269
tea,0.424538254737854,terrorism,1951-1960,SkipGram,270
british_colony,0.42452237010002136,terrorism,1951-1960,SkipGram,271
seller,0.42440107464790344,terrorism,1951-1960,SkipGram,272
barrack,0.4237011969089508,terrorism,1951-1960,SkipGram,273
philadelphia,0.42344313859939575,terrorism,1951-1960,SkipGram,274
keener,0.4233807921409607,terrorism,1951-1960,SkipGram,275
fe,0.4227728247642517,terrorism,1951-1960,SkipGram,276
fame,0.4227536916732788,terrorism,1951-1960,SkipGram,277
invest,0.4227484166622162,terrorism,1951-1960,SkipGram,278
outskirt,0.4227384924888611,terrorism,1951-1960,SkipGram,279
seventh,0.4221165180206299,terrorism,1951-1960,SkipGram,280
harvey,0.422080397605896,terrorism,1951-1960,SkipGram,281
edward_morrow,0.4220197796821594,terrorism,1951-1960,SkipGram,282
klan,0.4219364523887634,terrorism,1951-1960,SkipGram,283
flare,0.4216865301132202,terrorism,1951-1960,SkipGram,284
drug,0.4216523766517639,terrorism,1951-1960,SkipGram,285
carolina,0.4216171205043793,terrorism,1951-1960,SkipGram,286
louis,0.4215129315853119,terrorism,1951-1960,SkipGram,287
wounded,0.4214588701725006,terrorism,1951-1960,SkipGram,288
coinage,0.4214073121547699,terrorism,1951-1960,SkipGram,289
caraca,0.4212554693222046,terrorism,1951-1960,SkipGram,290
pool,0.42118099331855774,terrorism,1951-1960,SkipGram,291
policeman_soldier,0.420883446931839,terrorism,1951-1960,SkipGram,292
reminiscence,0.42085903882980347,terrorism,1951-1960,SkipGram,293
resume,0.42076027393341064,terrorism,1951-1960,SkipGram,294
champion,0.42057958245277405,terrorism,1951-1960,SkipGram,295
civilian_wound,0.4203508496284485,terrorism,1951-1960,SkipGram,296
blow_bridge,0.4200020730495453,terrorism,1951-1960,SkipGram,297
pe,0.41997596621513367,terrorism,1951-1960,SkipGram,298
tyrant,0.41963711380958557,terrorism,1951-1960,SkipGram,299
detour,0.4191237986087799,terrorism,1951-1960,SkipGram,300
inquiry,0.4190753400325775,terrorism,1951-1960,SkipGram,301
batista_regime,0.41892024874687195,terrorism,1951-1960,SkipGram,302
burns,0.41841161251068115,terrorism,1951-1960,SkipGram,303
florida,0.41816776990890503,terrorism,1951-1960,SkipGram,304
teenage,0.4180770516395569,terrorism,1951-1960,SkipGram,305
sons,0.4179476201534271,terrorism,1951-1960,SkipGram,306
suburbs,0.4178283214569092,terrorism,1951-1960,SkipGram,307
savagely,0.41770991683006287,terrorism,1951-1960,SkipGram,308
hunt,0.4175061583518982,terrorism,1951-1960,SkipGram,309
marin,0.41731730103492737,terrorism,1951-1960,SkipGram,310
relentless,0.4172271192073822,terrorism,1951-1960,SkipGram,311
pen,0.41700270771980286,terrorism,1951-1960,SkipGram,312
grow,0.4169866740703583,terrorism,1951-1960,SkipGram,313
london_dig,0.4167766273021698,terrorism,1951-1960,SkipGram,314
famine,0.416124552488327,terrorism,1951-1960,SkipGram,315
hanging,0.4159741699695587,terrorism,1951-1960,SkipGram,316
nonwhite,0.41581863164901733,terrorism,1951-1960,SkipGram,317
tender,0.4157273769378662,terrorism,1951-1960,SkipGram,318
salute,0.41569873690605164,terrorism,1951-1960,SkipGram,319
raid,0.4153885245323181,terrorism,1951-1960,SkipGram,320
swiss,0.4152522087097168,terrorism,1951-1960,SkipGram,321
police_chief,0.41491836309432983,terrorism,1951-1960,SkipGram,322
estate,0.414690226316452,terrorism,1951-1960,SkipGram,323
white_negro,0.4146746098995209,terrorism,1951-1960,SkipGram,324
nigel,0.41431891918182373,terrorism,1951-1960,SkipGram,325
lock,0.41428741812705994,terrorism,1951-1960,SkipGram,326
survey,0.41413256525993347,terrorism,1951-1960,SkipGram,327
half_mile,0.4141300618648529,terrorism,1951-1960,SkipGram,328
mau_mau_leader,0.4140535593032837,terrorism,1951-1960,SkipGram,329
bloody,0.4140506982803345,terrorism,1951-1960,SkipGram,330
music,0.41400161385536194,terrorism,1951-1960,SkipGram,331
witch_doctor,0.41399452090263367,terrorism,1951-1960,SkipGram,332
gerard,0.41396844387054443,terrorism,1951-1960,SkipGram,333
jacques_chevalier,0.4138060510158539,terrorism,1951-1960,SkipGram,334
mile_east,0.41374436020851135,terrorism,1951-1960,SkipGram,335
slightly_injure,0.4136025607585907,terrorism,1951-1960,SkipGram,336
golden,0.41301897168159485,terrorism,1951-1960,SkipGram,337
inform_source,0.41291072964668274,terrorism,1951-1960,SkipGram,338
bitterly,0.4128190875053406,terrorism,1951-1960,SkipGram,339
bomb_explosion,0.4126492142677307,terrorism,1951-1960,SkipGram,340
algier_french,0.4126282036304474,terrorism,1951-1960,SkipGram,341
attract,0.412614107131958,terrorism,1951-1960,SkipGram,342
underground_organization,0.41240841150283813,terrorism,1951-1960,SkipGram,343
orlando,0.41236233711242676,terrorism,1951-1960,SkipGram,344
protectorate_morocco,0.4122972786426544,terrorism,1951-1960,SkipGram,345
shoot_dead,0.41221240162849426,terrorism,1951-1960,SkipGram,346
end_sight,0.4121381342411041,terrorism,1951-1960,SkipGram,347
travail,0.4120151698589325,terrorism,1951-1960,SkipGram,348
butler,0.41201135516166687,terrorism,1951-1960,SkipGram,349
birth,0.4118880033493042,terrorism,1951-1960,SkipGram,350
nail,0.4117569327354431,terrorism,1951-1960,SkipGram,351
midnight_cure,0.41151291131973267,terrorism,1951-1960,SkipGram,352
rafael,0.4114930331707001,terrorism,1951-1960,SkipGram,353
newly_appoint,0.4114519953727722,terrorism,1951-1960,SkipGram,354
island_colony,0.4111863374710083,terrorism,1951-1960,SkipGram,355
besiege,0.41073909401893616,terrorism,1951-1960,SkipGram,356
machine_gun,0.41053617000579834,terrorism,1951-1960,SkipGram,357
awkward,0.41045019030570984,terrorism,1951-1960,SkipGram,358
susan,0.4103623032569885,terrorism,1951-1960,SkipGram,359
negro_white,0.4100865125656128,terrorism,1951-1960,SkipGram,360
race,0.41004130244255066,terrorism,1951-1960,SkipGram,361
heavily,0.40984979271888733,terrorism,1951-1960,SkipGram,362
constabulary,0.4096080958843231,terrorism,1951-1960,SkipGram,363
julie,0.40914690494537354,terrorism,1951-1960,SkipGram,364
antoine,0.40879249572753906,terrorism,1951-1960,SkipGram,365
lift_valley,0.40871214866638184,terrorism,1951-1960,SkipGram,366
helen,0.4085555970668793,terrorism,1951-1960,SkipGram,367
africans,0.40851566195487976,terrorism,1951-1960,SkipGram,368
eyes,0.40833425521850586,terrorism,1951-1960,SkipGram,369
arnold,0.4082008898258209,terrorism,1951-1960,SkipGram,370
widespread,0.407679945230484,terrorism,1951-1960,SkipGram,371
mosque,0.4073101580142975,terrorism,1951-1960,SkipGram,372
bayonet,0.40713298320770264,terrorism,1951-1960,SkipGram,373
councilor,0.4070775508880615,terrorism,1951-1960,SkipGram,374
ambush,0.4070204496383667,terrorism,1951-1960,SkipGram,375
herbert,0.40685027837753296,terrorism,1951-1960,SkipGram,376
hamlet,0.40675875544548035,terrorism,1951-1960,SkipGram,377
whip,0.4067542552947998,terrorism,1951-1960,SkipGram,378
northwestern,0.406673789024353,terrorism,1951-1960,SkipGram,379
franco,0.4065242111682892,terrorism,1951-1960,SkipGram,380
tenant,0.40631744265556335,terrorism,1951-1960,SkipGram,381
store,0.4062809348106384,terrorism,1951-1960,SkipGram,382
salvador,0.40602344274520874,terrorism,1951-1960,SkipGram,383
kidnapping,0.4058137536048889,terrorism,1951-1960,SkipGram,384
mass_meeting,0.40579620003700256,terrorism,1951-1960,SkipGram,385
knife,0.4057868421077728,terrorism,1951-1960,SkipGram,386
liver_colonial,0.4056740701198578,terrorism,1951-1960,SkipGram,387
ere,0.40530988574028015,terrorism,1951-1960,SkipGram,388
hair_bluff,0.40527334809303284,terrorism,1951-1960,SkipGram,389
attempt_assassinate,0.40524667501449585,terrorism,1951-1960,SkipGram,390
cleanse,0.4050649106502533,terrorism,1951-1960,SkipGram,391
havana_sov,0.40489858388900757,terrorism,1951-1960,SkipGram,392
suburb,0.4045441150665283,terrorism,1951-1960,SkipGram,393
anger,0.4044819474220276,terrorism,1951-1960,SkipGram,394
latent,0.40442749857902527,terrorism,1951-1960,SkipGram,395
accidental,0.40422940254211426,terrorism,1951-1960,SkipGram,396
pain,0.40419384837150574,terrorism,1951-1960,SkipGram,397
onto,0.4041503369808197,terrorism,1951-1960,SkipGram,398
outlying,0.4040214717388153,terrorism,1951-1960,SkipGram,399
domain,0.40373289585113525,terrorism,1951-1960,SkipGram,400
cheer,0.4037263095378876,terrorism,1951-1960,SkipGram,401
west_street,0.4037165641784668,terrorism,1951-1960,SkipGram,402
resemble,0.4036920368671417,terrorism,1951-1960,SkipGram,403
shepherd,0.40359771251678467,terrorism,1951-1960,SkipGram,404
corps,0.40355491638183594,terrorism,1951-1960,SkipGram,405
farm_near,0.40353816747665405,terrorism,1951-1960,SkipGram,406
sweet,0.4030208885669708,terrorism,1951-1960,SkipGram,407
bond,0.4028301239013672,terrorism,1951-1960,SkipGram,408
silver,0.402705579996109,terrorism,1951-1960,SkipGram,409
assistant_secretary,0.4025370478630066,terrorism,1951-1960,SkipGram,410
boom,0.40216851234436035,terrorism,1951-1960,SkipGram,411
tongue,0.40214356780052185,terrorism,1951-1960,SkipGram,412
martinet,0.4021271765232086,terrorism,1951-1960,SkipGram,413
wear,0.40210744738578796,terrorism,1951-1960,SkipGram,414
remain_calm,0.4019327461719513,terrorism,1951-1960,SkipGram,415
angeles,0.40180888772010803,terrorism,1951-1960,SkipGram,416
patrol_car,0.40178826451301575,terrorism,1951-1960,SkipGram,417
southwest,0.4017825126647949,terrorism,1951-1960,SkipGram,418
wounding,0.4017617106437683,terrorism,1951-1960,SkipGram,419
courtroom,0.40175142884254456,terrorism,1951-1960,SkipGram,420
underscore,0.401541143655777,terrorism,1951-1960,SkipGram,421
intensify,0.40141355991363525,terrorism,1951-1960,SkipGram,422
cry,0.4013829231262207,terrorism,1951-1960,SkipGram,423
henry,0.40119627118110657,terrorism,1951-1960,SkipGram,424
die_hospital,0.4006001651287079,terrorism,1951-1960,SkipGram,425
abnormal,0.4005182087421417,terrorism,1951-1960,SkipGram,426
stab,0.4002578854560852,terrorism,1951-1960,SkipGram,427
sergeant,0.40005046129226685,terrorism,1951-1960,SkipGram,428
wave,0.3999154567718506,terrorism,1951-1960,SkipGram,429
terrace,0.3998926877975464,terrorism,1951-1960,SkipGram,430
par,0.3997102379798889,terrorism,1951-1960,SkipGram,431
prayer,0.3996070325374603,terrorism,1951-1960,SkipGram,432
explode,0.39942529797554016,terrorism,1951-1960,SkipGram,433
allay,0.399425208568573,terrorism,1951-1960,SkipGram,434
alexander,0.39914020895957947,terrorism,1951-1960,SkipGram,435
terror,0.3990735709667206,terrorism,1951-1960,SkipGram,436
oust,0.39885541796684265,terrorism,1951-1960,SkipGram,437
roger,0.3985384404659271,terrorism,1951-1960,SkipGram,438
dot,0.3985218405723572,terrorism,1951-1960,SkipGram,439
undress,0.3982246220111847,terrorism,1951-1960,SkipGram,440
wound_seriously,0.3982212245464325,terrorism,1951-1960,SkipGram,441
unknown,0.3979848325252533,terrorism,1951-1960,SkipGram,442
beset,0.3979838788509369,terrorism,1951-1960,SkipGram,443
bitterness,0.3979176878929138,terrorism,1951-1960,SkipGram,444
business,0.39736759662628174,terrorism,1951-1960,SkipGram,445
corporal,0.3972989022731781,terrorism,1951-1960,SkipGram,446
bastille,0.3972628116607666,terrorism,1951-1960,SkipGram,447
squatter,0.3970029056072235,terrorism,1951-1960,SkipGram,448
smuggling,0.39700180292129517,terrorism,1951-1960,SkipGram,449
disclose,0.3966922461986542,terrorism,1951-1960,SkipGram,450
bring_total,0.39666876196861267,terrorism,1951-1960,SkipGram,451
till,0.39649298787117004,terrorism,1951-1960,SkipGram,452
lyon,0.3964807093143463,terrorism,1951-1960,SkipGram,453
south_peri,0.3960424065589905,terrorism,1951-1960,SkipGram,454
hat,0.39592403173446655,terrorism,1951-1960,SkipGram,455
subside,0.3957630693912506,terrorism,1951-1960,SkipGram,456
early_morning,0.395739883184433,terrorism,1951-1960,SkipGram,457
stamp,0.39561912417411804,terrorism,1951-1960,SkipGram,458
folk,0.39558398723602295,terrorism,1951-1960,SkipGram,459
indict,0.3954867422580719,terrorism,1951-1960,SkipGram,460
rubber_estate,0.3954739570617676,terrorism,1951-1960,SkipGram,461
tranquil,0.3954542279243469,terrorism,1951-1960,SkipGram,462
sit,0.39539119601249695,terrorism,1951-1960,SkipGram,463
dwelling,0.3953210711479187,terrorism,1951-1960,SkipGram,464
grenade,0.3952862620353699,terrorism,1951-1960,SkipGram,465
belfast_northern_ireland,0.39506596326828003,terrorism,1951-1960,SkipGram,466
place_worship,0.39501652121543884,terrorism,1951-1960,SkipGram,467
anguish,0.3948557376861572,terrorism,1951-1960,SkipGram,468
disguise,0.3947974741458893,terrorism,1951-1960,SkipGram,469
bless,0.39477407932281494,terrorism,1951-1960,SkipGram,470
air_evelyn,0.3946956992149353,terrorism,1951-1960,SkipGram,471
fix,0.39454156160354614,terrorism,1951-1960,SkipGram,472
mining,0.39448976516723633,terrorism,1951-1960,SkipGram,473
wholeheartedly_support,0.39448311924934387,terrorism,1951-1960,SkipGram,474
harding,0.39445239305496216,terrorism,1951-1960,SkipGram,475
person_injure,0.39433738589286804,terrorism,1951-1960,SkipGram,476
basin,0.39385199546813965,terrorism,1951-1960,SkipGram,477
abduct,0.39376625418663025,terrorism,1951-1960,SkipGram,478
cool,0.3936295807361603,terrorism,1951-1960,SkipGram,479
paul,0.39316216111183167,terrorism,1951-1960,SkipGram,480
axillary_policeman,0.39313268661499023,terrorism,1951-1960,SkipGram,481
shake_hand,0.39304953813552856,terrorism,1951-1960,SkipGram,482
panel,0.3928567171096802,terrorism,1951-1960,SkipGram,483
blunder,0.3925989270210266,terrorism,1951-1960,SkipGram,484
weather,0.39250025153160095,terrorism,1951-1960,SkipGram,485
cameron,0.39245402812957764,terrorism,1951-1960,SkipGram,486
merchant,0.39241138100624084,terrorism,1951-1960,SkipGram,487
sand,0.3924051821231842,terrorism,1951-1960,SkipGram,488
fortune,0.39230263233184814,terrorism,1951-1960,SkipGram,489
ottawa,0.39217570424079895,terrorism,1951-1960,SkipGram,490
klan_plan,0.39217108488082886,terrorism,1951-1960,SkipGram,491
arrest_suspect,0.3921390771865845,terrorism,1951-1960,SkipGram,492
mamma,0.3921332061290741,terrorism,1951-1960,SkipGram,493
impressed,0.39186713099479675,terrorism,1951-1960,SkipGram,494
house_representatives,0.3918401002883911,terrorism,1951-1960,SkipGram,495
tent,0.39168062806129456,terrorism,1951-1960,SkipGram,496
vessel,0.3914775252342224,terrorism,1951-1960,SkipGram,497
alas,0.39128631353378296,terrorism,1951-1960,SkipGram,498
terrorist_activity,0.6560791730880737,terrorist,1951-1960,CBOW,1
terrorist_organization,0.632522702217102,terrorist,1951-1960,CBOW,2
terror,0.608269453048706,terrorist,1951-1960,CBOW,3
underground,0.5837730169296265,terrorist,1951-1960,CBOW,4
outlaw,0.5794273018836975,terrorist,1951-1960,CBOW,5
security_force,0.5780303478240967,terrorist,1951-1960,CBOW,6
sweep,0.5771561861038208,terrorist,1951-1960,CBOW,7
halt,0.5706164836883545,terrorist,1951-1960,CBOW,8
murder,0.5685564279556274,terrorist,1951-1960,CBOW,9
guerrilla_activity,0.5654944777488708,terrorist,1951-1960,CBOW,10
mount,0.5598418712615967,terrorist,1951-1960,CBOW,11
bed,0.5575169920921326,terrorist,1951-1960,CBOW,12
wave,0.5566037893295288,terrorist,1951-1960,CBOW,13
irish_republican_army,0.5555487871170044,terrorist,1951-1960,CBOW,14
strife,0.5525171160697937,terrorist,1951-1960,CBOW,15
clash,0.5519639253616333,terrorist,1951-1960,CBOW,16
headquarter,0.547760009765625,terrorist,1951-1960,CBOW,17
extremist,0.546277642250061,terrorist,1951-1960,CBOW,18
leaflet,0.5454620122909546,terrorist,1951-1960,CBOW,19
coincide,0.5446971654891968,terrorist,1951-1960,CBOW,20
rival,0.5443368554115295,terrorist,1951-1960,CBOW,21
flare,0.5438706278800964,terrorist,1951-1960,CBOW,22
inn_vein,0.5438613891601562,terrorist,1951-1960,CBOW,23
assassination,0.5406158566474915,terrorist,1951-1960,CBOW,24
capture,0.5404923558235168,terrorist,1951-1960,CBOW,25
policeman_soldier,0.5385043621063232,terrorist,1951-1960,CBOW,26
tough,0.5366705656051636,terrorist,1951-1960,CBOW,27
eighteen,0.5352262854576111,terrorist,1951-1960,CBOW,28
violence,0.5330135226249695,terrorist,1951-1960,CBOW,29
underground_organization,0.53093421459198,terrorist,1951-1960,CBOW,30
detain,0.5298454165458679,terrorist,1951-1960,CBOW,31
outbreak_violence,0.5298010110855103,terrorist,1951-1960,CBOW,32
launch,0.5292323231697083,terrorist,1951-1960,CBOW,33
hard_core,0.5238542556762695,terrorist,1951-1960,CBOW,34
violent,0.5237089991569519,terrorist,1951-1960,CBOW,35
paul_slam,0.5214062333106995,terrorist,1951-1960,CBOW,36
intensify,0.5209986567497253,terrorist,1951-1960,CBOW,37
follower,0.5207275152206421,terrorist,1951-1960,CBOW,38
slay,0.5201807022094727,terrorist,1951-1960,CBOW,39
constabulary,0.5191969275474548,terrorist,1951-1960,CBOW,40
thirteen,0.5187331438064575,terrorist,1951-1960,CBOW,41
tear_gas,0.5180538892745972,terrorist,1951-1960,CBOW,42
mass,0.5180153846740723,terrorist,1951-1960,CBOW,43
weekend,0.5178133249282837,terrorist,1951-1960,CBOW,44
break,0.5168020129203796,terrorist,1951-1960,CBOW,45
rioting,0.5153124332427979,terrorist,1951-1960,CBOW,46
alarm,0.5151086449623108,terrorist,1951-1960,CBOW,47
round,0.5149376392364502,terrorist,1951-1960,CBOW,48
black,0.5148761868476868,terrorist,1951-1960,CBOW,49
northern_ireland,0.5144880414009094,terrorist,1951-1960,CBOW,50
shake,0.5143295526504517,terrorist,1951-1960,CBOW,51
minor,0.5139214992523193,terrorist,1951-1960,CBOW,52
repression,0.5133369565010071,terrorist,1951-1960,CBOW,53
outburst,0.5131456851959229,terrorist,1951-1960,CBOW,54
sabotage,0.5129831433296204,terrorist,1951-1960,CBOW,55
bandit,0.5111832022666931,terrorist,1951-1960,CBOW,56
fighter,0.5101147294044495,terrorist,1951-1960,CBOW,57
wipe,0.5099797248840332,terrorist,1951-1960,CBOW,58
blame,0.5094192624092102,terrorist,1951-1960,CBOW,59
islandwide,0.50933837890625,terrorist,1951-1960,CBOW,60
hang,0.5079795718193054,terrorist,1951-1960,CBOW,61
singapore,0.5072996616363525,terrorist,1951-1960,CBOW,62
vol_george_rival,0.5072219371795654,terrorist,1951-1960,CBOW,63
violence_flare,0.5066795349121094,terrorist,1951-1960,CBOW,64
reprisal,0.5061317086219788,terrorist,1951-1960,CBOW,65
detention,0.5056058764457703,terrorist,1951-1960,CBOW,66
outrage,0.505374550819397,terrorist,1951-1960,CBOW,67
fail,0.5039809346199036,terrorist,1951-1960,CBOW,68
prison,0.5027188658714294,terrorist,1951-1960,CBOW,69
suspect,0.5009127855300903,terrorist,1951-1960,CBOW,70
british_troop,0.49797606468200684,terrorist,1951-1960,CBOW,71
stamp,0.49692052602767944,terrorist,1951-1960,CBOW,72
crackdown,0.496841698884964,terrorist,1951-1960,CBOW,73
trap,0.496456116437912,terrorist,1951-1960,CBOW,74
curse,0.49633508920669556,terrorist,1951-1960,CBOW,75
start,0.49630337953567505,terrorist,1951-1960,CBOW,76
fighting,0.49599018692970276,terrorist,1951-1960,CBOW,77
curfew,0.4951179325580597,terrorist,1951-1960,CBOW,78
agitation,0.4944775700569153,terrorist,1951-1960,CBOW,79
patriot,0.4932553470134735,terrorist,1951-1960,CBOW,80
execution,0.4923596978187561,terrorist,1951-1960,CBOW,81
wear,0.4923354983329773,terrorist,1951-1960,CBOW,82
intensive,0.49190643429756165,terrorist,1951-1960,CBOW,83
sarah_ben,0.49103471636772156,terrorist,1951-1960,CBOW,84
congressional_election,0.4903768002986908,terrorist,1951-1960,CBOW,85
cease,0.49002552032470703,terrorist,1951-1960,CBOW,86
national_organization_lighter,0.48952406644821167,terrorist,1951-1960,CBOW,87
terrorists,0.48930639028549194,terrorist,1951-1960,CBOW,88
announcement,0.4891159236431122,terrorist,1951-1960,CBOW,89
bombing,0.48878583312034607,terrorist,1951-1960,CBOW,90
lawless,0.48826754093170166,terrorist,1951-1960,CBOW,91
rout,0.48822444677352905,terrorist,1951-1960,CBOW,92
activist,0.48814940452575684,terrorist,1951-1960,CBOW,93
killing,0.48756030201911926,terrorist,1951-1960,CBOW,94
campaign,0.48736849427223206,terrorist,1951-1960,CBOW,95
union_cameron,0.48729223012924194,terrorist,1951-1960,CBOW,96
malay,0.4872848391532898,terrorist,1951-1960,CBOW,97
hunt,0.48714521527290344,terrorist,1951-1960,CBOW,98
drive,0.4854622781276703,terrorist,1951-1960,CBOW,99
outbreak,0.4852387011051178,terrorist,1951-1960,CBOW,100
ulster,0.48521116375923157,terrorist,1951-1960,CBOW,101
seize,0.48489323258399963,terrorist,1951-1960,CBOW,102
revenge,0.48331430554389954,terrorist,1951-1960,CBOW,103
south_vietnam,0.48095187544822693,terrorist,1951-1960,CBOW,104
rounded,0.4805983006954193,terrorist,1951-1960,CBOW,105
link,0.4799579679965973,terrorist,1951-1960,CBOW,106
squad,0.4797154664993286,terrorist,1951-1960,CBOW,107
agent,0.4792588949203491,terrorist,1951-1960,CBOW,108
insurrection,0.4788883626461029,terrorist,1951-1960,CBOW,109
maids,0.4787953197956085,terrorist,1951-1960,CBOW,110
kill_injure,0.4785107672214508,terrorist,1951-1960,CBOW,111
spread,0.47838708758354187,terrorist,1951-1960,CBOW,112
ambush,0.4774341881275177,terrorist,1951-1960,CBOW,113
midnight,0.4773905277252197,terrorist,1951-1960,CBOW,114
execute,0.477356880903244,terrorist,1951-1960,CBOW,115
intimidation,0.4772365093231201,terrorist,1951-1960,CBOW,116
throughout,0.47718822956085205,terrorist,1951-1960,CBOW,117
jungle,0.4764408767223358,terrorist,1951-1960,CBOW,118
search,0.47576066851615906,terrorist,1951-1960,CBOW,119
underground_movement,0.4757178723812103,terrorist,1951-1960,CBOW,120
selangor,0.47522640228271484,terrorist,1951-1960,CBOW,121
outlaws,0.4744718372821808,terrorist,1951-1960,CBOW,122
target,0.47414490580558777,terrorist,1951-1960,CBOW,123
shoot_dead,0.47388288378715515,terrorist,1951-1960,CBOW,124
terrorist_attack,0.47385042905807495,terrorist,1951-1960,CBOW,125
civilians,0.47359034419059753,terrorist,1951-1960,CBOW,126
guerrilla_warfare,0.47245481610298157,terrorist,1951-1960,CBOW,127
diary,0.47220897674560547,terrorist,1951-1960,CBOW,128
gun_battle,0.4717969298362732,terrorist,1951-1960,CBOW,129
alexandria,0.47136709094047546,terrorist,1951-1960,CBOW,130
recently,0.4713369309902191,terrorist,1951-1960,CBOW,131
ac,0.47132593393325806,terrorist,1951-1960,CBOW,132
dominant_party,0.47125834226608276,terrorist,1951-1960,CBOW,133
death_destruction,0.47076964378356934,terrorist,1951-1960,CBOW,134
puerto,0.4707545042037964,terrorist,1951-1960,CBOW,135
warning,0.4704526662826538,terrorist,1951-1960,CBOW,136
suddenly,0.4699271023273468,terrorist,1951-1960,CBOW,137
gang,0.4687425494194031,terrorist,1951-1960,CBOW,138
stern_measure,0.4679901599884033,terrorist,1951-1960,CBOW,139
uncover,0.4679877758026123,terrorist,1951-1960,CBOW,140
suspicion,0.46771425008773804,terrorist,1951-1960,CBOW,141
british_soldier,0.46754133701324463,terrorist,1951-1960,CBOW,142
southeast,0.46708011627197266,terrorist,1951-1960,CBOW,143
kill_wound,0.4668123722076416,terrorist,1951-1960,CBOW,144
surrender,0.46626466512680054,terrorist,1951-1960,CBOW,145
amnesty_offer,0.46568796038627625,terrorist,1951-1960,CBOW,146
detention_camp,0.4652755856513977,terrorist,1951-1960,CBOW,147
riot,0.46497243642807007,terrorist,1951-1960,CBOW,148
belfast_northern_ireland,0.46412381529808044,terrorist,1951-1960,CBOW,149
allege,0.46378639340400696,terrorist,1951-1960,CBOW,150
saboteur,0.4635658860206604,terrorist,1951-1960,CBOW,151
throw_bomb,0.4634943902492523,terrorist,1951-1960,CBOW,152
skirmish,0.4631023406982422,terrorist,1951-1960,CBOW,153
north_africans,0.46276354789733887,terrorist,1951-1960,CBOW,154
liberation_battalion,0.46112504601478577,terrorist,1951-1960,CBOW,155
george_rival,0.4608948230743408,terrorist,1951-1960,CBOW,156
fix,0.4608910381793976,terrorist,1951-1960,CBOW,157
sentence_death,0.46082597970962524,terrorist,1951-1960,CBOW,158
bet,0.46081170439720154,terrorist,1951-1960,CBOW,159
vow,0.46061527729034424,terrorist,1951-1960,CBOW,160
scatter,0.460496723651886,terrorist,1951-1960,CBOW,161
mau_mau_leader,0.46044355630874634,terrorist,1951-1960,CBOW,162
guerrillas,0.45975422859191895,terrorist,1951-1960,CBOW,163
villager,0.45965638756752014,terrorist,1951-1960,CBOW,164
priest,0.45930904150009155,terrorist,1951-1960,CBOW,165
trade_union,0.4581354558467865,terrorist,1951-1960,CBOW,166
imprison,0.4577081501483917,terrorist,1951-1960,CBOW,167
seventy,0.4571855068206787,terrorist,1951-1960,CBOW,168
arm_ammunition,0.45678940415382385,terrorist,1951-1960,CBOW,169
band,0.4565727412700653,terrorist,1951-1960,CBOW,170
alert,0.456402987241745,terrorist,1951-1960,CBOW,171
army_officer,0.45625168085098267,terrorist,1951-1960,CBOW,172
armed_band,0.4557686448097229,terrorist,1951-1960,CBOW,173
seriousness,0.4556787312030792,terrorist,1951-1960,CBOW,174
rider,0.4554525315761566,terrorist,1951-1960,CBOW,175
chase,0.4547654092311859,terrorist,1951-1960,CBOW,176
terrorist_cell,0.4535362422466278,terrorist,1951-1960,CBOW,177
island_colony,0.4534624516963959,terrorist,1951-1960,CBOW,178
crush,0.4533567428588867,terrorist,1951-1960,CBOW,179
antiterrorist_drive,0.4528612494468689,terrorist,1951-1960,CBOW,180
rise,0.4528328776359558,terrorist,1951-1960,CBOW,181
plot_overthrow,0.45238202810287476,terrorist,1951-1960,CBOW,182
acting,0.45123204588890076,terrorist,1951-1960,CBOW,183
mau_mau,0.4510359764099121,terrorist,1951-1960,CBOW,184
wing,0.44999775290489197,terrorist,1951-1960,CBOW,185
implicate,0.44990211725234985,terrorist,1951-1960,CBOW,186
north_vietnam,0.4498510956764221,terrorist,1951-1960,CBOW,187
widespread,0.4498196542263031,terrorist,1951-1960,CBOW,188
police_station,0.44981834292411804,terrorist,1951-1960,CBOW,189
expose,0.44957205653190613,terrorist,1951-1960,CBOW,190
series,0.44918808341026306,terrorist,1951-1960,CBOW,191
instigator,0.4482208490371704,terrorist,1951-1960,CBOW,192
occur,0.448016881942749,terrorist,1951-1960,CBOW,193
burst,0.44771432876586914,terrorist,1951-1960,CBOW,194
exterminate,0.44689488410949707,terrorist,1951-1960,CBOW,195
operational,0.44665634632110596,terrorist,1951-1960,CBOW,196
propaganda,0.4466463327407837,terrorist,1951-1960,CBOW,197
slowly,0.4464762210845947,terrorist,1951-1960,CBOW,198
reward,0.44571083784103394,terrorist,1951-1960,CBOW,199
atrocity,0.4453555643558502,terrorist,1951-1960,CBOW,200
boris,0.4451763331890106,terrorist,1951-1960,CBOW,201
late_night,0.4448348581790924,terrorist,1951-1960,CBOW,202
sharply,0.4445100426673889,terrorist,1951-1960,CBOW,203
bishop_pyrexia,0.44435742497444153,terrorist,1951-1960,CBOW,204
harm,0.4441480040550232,terrorist,1951-1960,CBOW,205
tula_tumour,0.44377297163009644,terrorist,1951-1960,CBOW,206
combat,0.44331032037734985,terrorist,1951-1960,CBOW,207
illegal_activity,0.4431513249874115,terrorist,1951-1960,CBOW,208
tel_aviv_israel,0.4431326389312744,terrorist,1951-1960,CBOW,209
death_sentence,0.44283437728881836,terrorist,1951-1960,CBOW,210
fanatical,0.4423379600048065,terrorist,1951-1960,CBOW,211
renew_outbreak,0.442081093788147,terrorist,1951-1960,CBOW,212
throw_grenade,0.4420316517353058,terrorist,1951-1960,CBOW,213
barcelona,0.4419766068458557,terrorist,1951-1960,CBOW,214
incite,0.4415750205516815,terrorist,1951-1960,CBOW,215
heat,0.4414934813976288,terrorist,1951-1960,CBOW,216
shopkeeper,0.44034162163734436,terrorist,1951-1960,CBOW,217
death,0.4399518072605133,terrorist,1951-1960,CBOW,218
cowardly,0.43974241614341736,terrorist,1951-1960,CBOW,219
pitch,0.4397175908088684,terrorist,1951-1960,CBOW,220
end_sight,0.4395589828491211,terrorist,1951-1960,CBOW,221
twice,0.4395114481449127,terrorist,1951-1960,CBOW,222
distribute,0.4390496611595154,terrorist,1951-1960,CBOW,223
cure_impose,0.43903273344039917,terrorist,1951-1960,CBOW,224
southwest,0.43901750445365906,terrorist,1951-1960,CBOW,225
sergeant,0.438924640417099,terrorist,1951-1960,CBOW,226
hinder,0.4389111399650574,terrorist,1951-1960,CBOW,227
decoration,0.4382765293121338,terrorist,1951-1960,CBOW,228
reds,0.4378395676612854,terrorist,1951-1960,CBOW,229
virtual,0.43706849217414856,terrorist,1951-1960,CBOW,230
bush,0.43706607818603516,terrorist,1951-1960,CBOW,231
remnant,0.4367097020149231,terrorist,1951-1960,CBOW,232
malaya,0.4366706609725952,terrorist,1951-1960,CBOW,233
follow,0.4364103674888611,terrorist,1951-1960,CBOW,234
incendiary,0.43635767698287964,terrorist,1951-1960,CBOW,235
kikuyu_reserve,0.4356665313243866,terrorist,1951-1960,CBOW,236
soldier_wound,0.4356294870376587,terrorist,1951-1960,CBOW,237
largescale,0.4356154501438141,terrorist,1951-1960,CBOW,238
tula,0.4355575740337372,terrorist,1951-1960,CBOW,239
assassination_attempt,0.4349708557128906,terrorist,1951-1960,CBOW,240
internet,0.4346633553504944,terrorist,1951-1960,CBOW,241
demonstration,0.43442925810813904,terrorist,1951-1960,CBOW,242
hardware,0.4343125820159912,terrorist,1951-1960,CBOW,243
persecution,0.4342697262763977,terrorist,1951-1960,CBOW,244
treacherous,0.43410560488700867,terrorist,1951-1960,CBOW,245
cameroon,0.4337393343448639,terrorist,1951-1960,CBOW,246
axillary_policeman,0.43355247378349304,terrorist,1951-1960,CBOW,247
bring_total,0.43331438302993774,terrorist,1951-1960,CBOW,248
northwestern,0.43229594826698303,terrorist,1951-1960,CBOW,249
agents,0.43228965997695923,terrorist,1951-1960,CBOW,250
kidnapping,0.4321597218513489,terrorist,1951-1960,CBOW,251
communist_guerrillas,0.43150296807289124,terrorist,1951-1960,CBOW,252
brutally,0.43129315972328186,terrorist,1951-1960,CBOW,253
malaya_red,0.43108630180358887,terrorist,1951-1960,CBOW,254
youth,0.4310632050037384,terrorist,1951-1960,CBOW,255
agitate,0.43088823556900024,terrorist,1951-1960,CBOW,256
beat,0.4307181239128113,terrorist,1951-1960,CBOW,257
shoot_death,0.4305613338947296,terrorist,1951-1960,CBOW,258
mile_south,0.43039774894714355,terrorist,1951-1960,CBOW,259
miner,0.4302603602409363,terrorist,1951-1960,CBOW,260
savagely,0.4296967089176178,terrorist,1951-1960,CBOW,261
san_juan,0.42930081486701965,terrorist,1951-1960,CBOW,262
stern,0.4292886555194855,terrorist,1951-1960,CBOW,263
touch,0.4291670024394989,terrorist,1951-1960,CBOW,264
lend,0.42897549271583557,terrorist,1951-1960,CBOW,265
subvert,0.42877352237701416,terrorist,1951-1960,CBOW,266
terrorism,0.4284937083721161,terrorist,1951-1960,CBOW,267
death_toll,0.42842188477516174,terrorist,1951-1960,CBOW,268
african_rifle,0.42826661467552185,terrorist,1951-1960,CBOW,269
pardon,0.42812883853912354,terrorist,1951-1960,CBOW,270
assassin,0.4280228018760681,terrorist,1951-1960,CBOW,271
bomb_explosion,0.42790326476097107,terrorist,1951-1960,CBOW,272
achieve_independence,0.4278840720653534,terrorist,1951-1960,CBOW,273
find_guilty,0.4278521239757538,terrorist,1951-1960,CBOW,274
jakarta_indonesia,0.4277901351451874,terrorist,1951-1960,CBOW,275
brotherhood,0.42767030000686646,terrorist,1951-1960,CBOW,276
assassinate,0.42763498425483704,terrorist,1951-1960,CBOW,277
disclose,0.4275430142879486,terrorist,1951-1960,CBOW,278
depredation,0.42723068594932556,terrorist,1951-1960,CBOW,279
limassol,0.42712536454200745,terrorist,1951-1960,CBOW,280
cell,0.42657339572906494,terrorist,1951-1960,CBOW,281
movement,0.42648810148239136,terrorist,1951-1960,CBOW,282
sudden,0.42640796303749084,terrorist,1951-1960,CBOW,283
clash_occur,0.4263559877872467,terrorist,1951-1960,CBOW,284
madrid,0.4261402487754822,terrorist,1951-1960,CBOW,285
armed_gang,0.4259648323059082,terrorist,1951-1960,CBOW,286
condemn,0.425606369972229,terrorist,1951-1960,CBOW,287
severity,0.4255909025669098,terrorist,1951-1960,CBOW,288
declare_emergency,0.4251883924007416,terrorist,1951-1960,CBOW,289
materialize,0.4249650239944458,terrorist,1951-1960,CBOW,290
tunisia_tunisian,0.4249528646469116,terrorist,1951-1960,CBOW,291
convict,0.42493170499801636,terrorist,1951-1960,CBOW,292
au_au_terrorist,0.42484888434410095,terrorist,1951-1960,CBOW,293
plot,0.42427510023117065,terrorist,1951-1960,CBOW,294
hanging,0.4241734743118286,terrorist,1951-1960,CBOW,295
shell,0.42413854598999023,terrorist,1951-1960,CBOW,296
diversion,0.4241131842136383,terrorist,1951-1960,CBOW,297
breakdown_negotiation,0.4238758385181427,terrorist,1951-1960,CBOW,298
simultaneously,0.42387405037879944,terrorist,1951-1960,CBOW,299
corps,0.4236651360988617,terrorist,1951-1960,CBOW,300
african_colony,0.4236239492893219,terrorist,1951-1960,CBOW,301
barbed_wire,0.4235985279083252,terrorist,1951-1960,CBOW,302
inform_source,0.4235900640487671,terrorist,1951-1960,CBOW,303
retaliate,0.42357566952705383,terrorist,1951-1960,CBOW,304
nearly,0.4231875240802765,terrorist,1951-1960,CBOW,305
try_escape,0.42310845851898193,terrorist,1951-1960,CBOW,306
armed_resistance,0.42308491468429565,terrorist,1951-1960,CBOW,307
pounce,0.4230134189128876,terrorist,1951-1960,CBOW,308
bitterly,0.4229508936405182,terrorist,1951-1960,CBOW,309
beirut,0.42284345626831055,terrorist,1951-1960,CBOW,310
smash,0.42259830236434937,terrorist,1951-1960,CBOW,311
ministry_interior,0.4220089018344879,terrorist,1951-1960,CBOW,312
antigovernment,0.42196980118751526,terrorist,1951-1960,CBOW,313
whisper,0.42196759581565857,terrorist,1951-1960,CBOW,314
spear,0.4218514859676361,terrorist,1951-1960,CBOW,315
mask,0.4212855100631714,terrorist,1951-1960,CBOW,316
bottle,0.4212786853313446,terrorist,1951-1960,CBOW,317
poster,0.4212084710597992,terrorist,1951-1960,CBOW,318
wall,0.4209398925304413,terrorist,1951-1960,CBOW,319
guerrilla,0.4206826984882355,terrorist,1951-1960,CBOW,320
hut,0.4204196035861969,terrorist,1951-1960,CBOW,321
swamp,0.420307993888855,terrorist,1951-1960,CBOW,322
algier_french,0.42006832361221313,terrorist,1951-1960,CBOW,323
smile,0.4199782609939575,terrorist,1951-1960,CBOW,324
agitator,0.4197852313518524,terrorist,1951-1960,CBOW,325
rumor,0.41970351338386536,terrorist,1951-1960,CBOW,326
belfast,0.4196584224700928,terrorist,1951-1960,CBOW,327
unrest,0.4195282459259033,terrorist,1951-1960,CBOW,328
ensue,0.4191431701183319,terrorist,1951-1960,CBOW,329
slain,0.41859474778175354,terrorist,1951-1960,CBOW,330
liberation_army,0.41754260659217834,terrorist,1951-1960,CBOW,331
demonstrator,0.41747769713401794,terrorist,1951-1960,CBOW,332
disorder,0.4174720048904419,terrorist,1951-1960,CBOW,333
plane_crash,0.41730231046676636,terrorist,1951-1960,CBOW,334
supporter,0.41719990968704224,terrorist,1951-1960,CBOW,335
amuse,0.4170600473880768,terrorist,1951-1960,CBOW,336
furious,0.4164184331893921,terrorist,1951-1960,CBOW,337
sentence_prison,0.4163943827152252,terrorist,1951-1960,CBOW,338
score,0.4161888659000397,terrorist,1951-1960,CBOW,339
missionary,0.4159280061721802,terrorist,1951-1960,CBOW,340
residence,0.41591179370880127,terrorist,1951-1960,CBOW,341
emergency_regulation,0.41582491993904114,terrorist,1951-1960,CBOW,342
governor_air_hugh,0.4156087338924408,terrorist,1951-1960,CBOW,343
catch,0.4154950976371765,terrorist,1951-1960,CBOW,344
deport,0.41542378067970276,terrorist,1951-1960,CBOW,345
southwest_typhus,0.41510194540023804,terrorist,1951-1960,CBOW,346
serve_ice,0.4150950014591217,terrorist,1951-1960,CBOW,347
absent,0.41459858417510986,terrorist,1951-1960,CBOW,348
blaze,0.414577454328537,terrorist,1951-1960,CBOW,349
sentencing,0.41450756788253784,terrorist,1951-1960,CBOW,350
confess,0.4143979549407959,terrorist,1951-1960,CBOW,351
militant,0.4142482578754425,terrorist,1951-1960,CBOW,352
backbone,0.4140821099281311,terrorist,1951-1960,CBOW,353
killer,0.41353124380111694,terrorist,1951-1960,CBOW,354
ban,0.4133552014827728,terrorist,1951-1960,CBOW,355
issue_statement,0.4131685197353363,terrorist,1951-1960,CBOW,356
despite,0.41294559836387634,terrorist,1951-1960,CBOW,357
loot,0.4127715229988098,terrorist,1951-1960,CBOW,358
dentist,0.412381649017334,terrorist,1951-1960,CBOW,359
renew_violence,0.4123654067516327,terrorist,1951-1960,CBOW,360
within_hour,0.4120778441429138,terrorist,1951-1960,CBOW,361
hideous,0.41198083758354187,terrorist,1951-1960,CBOW,362
slightly_wound,0.41195687651634216,terrorist,1951-1960,CBOW,363
traitor,0.4114348292350769,terrorist,1951-1960,CBOW,364
tiller,0.4111447334289551,terrorist,1951-1960,CBOW,365
contact,0.41114452481269836,terrorist,1951-1960,CBOW,366
rebellious,0.4111362397670746,terrorist,1951-1960,CBOW,367
typhus_web,0.41095420718193054,terrorist,1951-1960,CBOW,368
fifty_mile,0.41089755296707153,terrorist,1951-1960,CBOW,369
small_arm,0.41080355644226074,terrorist,1951-1960,CBOW,370
daily,0.41055983304977417,terrorist,1951-1960,CBOW,371
pathos,0.4103609323501587,terrorist,1951-1960,CBOW,372
stealth,0.4102601110935211,terrorist,1951-1960,CBOW,373
leaders,0.409405380487442,terrorist,1951-1960,CBOW,374
tonight,0.40940114855766296,terrorist,1951-1960,CBOW,375
tripoli,0.40927010774612427,terrorist,1951-1960,CBOW,376
operating,0.4091726839542389,terrorist,1951-1960,CBOW,377
patrol_car,0.40912291407585144,terrorist,1951-1960,CBOW,378
touching,0.4091026484966278,terrorist,1951-1960,CBOW,379
violently,0.4088904857635498,terrorist,1951-1960,CBOW,380
mile_west,0.40878838300704956,terrorist,1951-1960,CBOW,381
counterterrorist,0.40858179330825806,terrorist,1951-1960,CBOW,382
thirty,0.4083881676197052,terrorist,1951-1960,CBOW,383
unarmed,0.4083497226238251,terrorist,1951-1960,CBOW,384
nigel,0.40786734223365784,terrorist,1951-1960,CBOW,385
republic_ireland,0.40781107544898987,terrorist,1951-1960,CBOW,386
cancel,0.40770360827445984,terrorist,1951-1960,CBOW,387
streets,0.407583624124527,terrorist,1951-1960,CBOW,388
extensive,0.4075815677642822,terrorist,1951-1960,CBOW,389
youthful,0.40738579630851746,terrorist,1951-1960,CBOW,390
oak,0.40717244148254395,terrorist,1951-1960,CBOW,391
stop,0.4070928394794464,terrorist,1951-1960,CBOW,392
calm,0.4066786468029022,terrorist,1951-1960,CBOW,393
elusive,0.4066346287727356,terrorist,1951-1960,CBOW,394
shoot,0.40640199184417725,terrorist,1951-1960,CBOW,395
declare,0.40607184171676636,terrorist,1951-1960,CBOW,396
dynamite,0.4060094952583313,terrorist,1951-1960,CBOW,397
chieftain,0.4059147238731384,terrorist,1951-1960,CBOW,398
town_village,0.4058806896209717,terrorist,1951-1960,CBOW,399
anger,0.4054468870162964,terrorist,1951-1960,CBOW,400
condemn_death,0.40540093183517456,terrorist,1951-1960,CBOW,401
intense,0.405185729265213,terrorist,1951-1960,CBOW,402
harass,0.40513187646865845,terrorist,1951-1960,CBOW,403
defiant,0.4051121175289154,terrorist,1951-1960,CBOW,404
throw,0.4051116704940796,terrorist,1951-1960,CBOW,405
decrease,0.40501463413238525,terrorist,1951-1960,CBOW,406
ceylon,0.40483248233795166,terrorist,1951-1960,CBOW,407
explode,0.4045429527759552,terrorist,1951-1960,CBOW,408
fatally_wound,0.40448427200317383,terrorist,1951-1960,CBOW,409
apprehend,0.40446507930755615,terrorist,1951-1960,CBOW,410
lawlessness,0.404261976480484,terrorist,1951-1960,CBOW,411
custody,0.40415000915527344,terrorist,1951-1960,CBOW,412
quietly,0.40405985713005066,terrorist,1951-1960,CBOW,413
clamp,0.404048889875412,terrorist,1951-1960,CBOW,414
el_iv,0.4039989709854126,terrorist,1951-1960,CBOW,415
juan,0.40396803617477417,terrorist,1951-1960,CBOW,416
move,0.4037041962146759,terrorist,1951-1960,CBOW,417
detachment,0.40364471077919006,terrorist,1951-1960,CBOW,418
vietnam,0.40350595116615295,terrorist,1951-1960,CBOW,419
counterterrorism,0.4034695327281952,terrorist,1951-1960,CBOW,420
provocation,0.40344056487083435,terrorist,1951-1960,CBOW,421
track,0.4033462107181549,terrorist,1951-1960,CBOW,422
midst,0.4032277464866638,terrorist,1951-1960,CBOW,423
bastille,0.40319734811782837,terrorist,1951-1960,CBOW,424
steal,0.4028809666633606,terrorist,1951-1960,CBOW,425
resistance_movement,0.4027486741542816,terrorist,1951-1960,CBOW,426
futile,0.4024781286716461,terrorist,1951-1960,CBOW,427
hooded,0.4024766683578491,terrorist,1951-1960,CBOW,428
australian,0.40243521332740784,terrorist,1951-1960,CBOW,429
spring,0.40241968631744385,terrorist,1951-1960,CBOW,430
dead,0.40237894654273987,terrorist,1951-1960,CBOW,431
swift,0.4022068679332733,terrorist,1951-1960,CBOW,432
secret_service,0.4019841253757477,terrorist,1951-1960,CBOW,433
raid,0.4019038677215576,terrorist,1951-1960,CBOW,434
homemade_bomb,0.4018446207046509,terrorist,1951-1960,CBOW,435
carry_firearm,0.4018290042877197,terrorist,1951-1960,CBOW,436
cure,0.40175867080688477,terrorist,1951-1960,CBOW,437
commit_act,0.40174317359924316,terrorist,1951-1960,CBOW,438
murderer,0.4016893208026886,terrorist,1951-1960,CBOW,439
hold_responsible,0.40167975425720215,terrorist,1951-1960,CBOW,440
forest,0.40137410163879395,terrorist,1951-1960,CBOW,441
cleric,0.40134748816490173,terrorist,1951-1960,CBOW,442
suppress,0.4012686014175415,terrorist,1951-1960,CBOW,443
mingle,0.4012555778026581,terrorist,1951-1960,CBOW,444
attacker,0.40081819891929626,terrorist,1951-1960,CBOW,445
twenty,0.4007481336593628,terrorist,1951-1960,CBOW,446
pattern,0.4006021022796631,terrorist,1951-1960,CBOW,447
jail,0.4005576968193054,terrorist,1951-1960,CBOW,448
oppositionist,0.4002838134765625,terrorist,1951-1960,CBOW,449
accidental,0.39986416697502136,terrorist,1951-1960,CBOW,450
corporal,0.39983198046684265,terrorist,1951-1960,CBOW,451
pace,0.39958834648132324,terrorist,1951-1960,CBOW,452
nineteen,0.39931270480155945,terrorist,1951-1960,CBOW,453
twelve_person,0.3991600573062897,terrorist,1951-1960,CBOW,454
inflict,0.39914047718048096,terrorist,1951-1960,CBOW,455
rafael,0.39904528856277466,terrorist,1951-1960,CBOW,456
procession,0.3990269899368286,terrorist,1951-1960,CBOW,457
create_climate,0.39895886182785034,terrorist,1951-1960,CBOW,458
kill,0.3987932801246643,terrorist,1951-1960,CBOW,459
pamphlet,0.3987852931022644,terrorist,1951-1960,CBOW,460
rebellion,0.3982659876346588,terrorist,1951-1960,CBOW,461
warn,0.39806827902793884,terrorist,1951-1960,CBOW,462
quiet,0.3979851007461548,terrorist,1951-1960,CBOW,463
threaten,0.3979684114456177,terrorist,1951-1960,CBOW,464
algiers_algeria,0.39778247475624084,terrorist,1951-1960,CBOW,465
dissident,0.3976050615310669,terrorist,1951-1960,CBOW,466
undress,0.3972625434398651,terrorist,1951-1960,CBOW,467
communistic,0.3969653844833374,terrorist,1951-1960,CBOW,468
mark,0.3967788517475128,terrorist,1951-1960,CBOW,469
fifty,0.3967365622520447,terrorist,1951-1960,CBOW,470
vicious,0.3966335356235504,terrorist,1951-1960,CBOW,471
eighty,0.3963700234889984,terrorist,1951-1960,CBOW,472
explosive,0.3960854113101959,terrorist,1951-1960,CBOW,473
robbery,0.39605963230133057,terrorist,1951-1960,CBOW,474
caraca,0.3959846496582031,terrorist,1951-1960,CBOW,475
shot_fire,0.3956073522567749,terrorist,1951-1960,CBOW,476
detour,0.3954456150531769,terrorist,1951-1960,CBOW,477
struggle,0.39536717534065247,terrorist,1951-1960,CBOW,478
charge_murder,0.39515721797943115,terrorist,1951-1960,CBOW,479
aim,0.39514780044555664,terrorist,1951-1960,CBOW,480
porter,0.3949319124221802,terrorist,1951-1960,CBOW,481
para,0.39466795325279236,terrorist,1951-1960,CBOW,482
discriminate,0.39452674984931946,terrorist,1951-1960,CBOW,483
carry,0.3944932818412781,terrorist,1951-1960,CBOW,484
tabe,0.39421582221984863,terrorist,1951-1960,CBOW,485
person_injure,0.3940506875514984,terrorist,1951-1960,CBOW,486
monastery,0.3940093219280243,terrorist,1951-1960,CBOW,487
algerian_nationalist,0.3939933776855469,terrorist,1951-1960,CBOW,488
revolver,0.393412321805954,terrorist,1951-1960,CBOW,489
teenage,0.39337027072906494,terrorist,1951-1960,CBOW,490
hoodlum,0.39324381947517395,terrorist,1951-1960,CBOW,491
volcano,0.39314761757850647,terrorist,1951-1960,CBOW,492
clamor,0.39313364028930664,terrorist,1951-1960,CBOW,493
banking,0.392778605222702,terrorist,1951-1960,CBOW,494
policeman_wound,0.3926490247249603,terrorist,1951-1960,CBOW,495
red,0.3924004137516022,terrorist,1951-1960,CBOW,496
lock,0.3921183943748474,terrorist,1951-1960,CBOW,497
beat_death,0.3921089172363281,terrorist,1951-1960,CBOW,498
grow_colony,0.39194583892822266,terrorist,1951-1960,CBOW,499
active,0.3919258713722229,terrorist,1951-1960,CBOW,500
policeman_soldier,0.6912010312080383,terrorist,1951-1960,SkipGram,1
constabulary,0.6765424013137817,terrorist,1951-1960,SkipGram,2
civilian_wound,0.64329594373703,terrorist,1951-1960,SkipGram,3
stern_measure,0.6418105959892273,terrorist,1951-1960,SkipGram,4
kill_injure,0.6374146938323975,terrorist,1951-1960,SkipGram,5
revenge,0.6356560587882996,terrorist,1951-1960,SkipGram,6
civilians,0.6349743604660034,terrorist,1951-1960,SkipGram,7
acting,0.6348094940185547,terrorist,1951-1960,SkipGram,8
late_night,0.6327317357063293,terrorist,1951-1960,SkipGram,9
activist,0.6301289200782776,terrorist,1951-1960,SkipGram,10
end_sight,0.6299493908882141,terrorist,1951-1960,SkipGram,11
gun_battle,0.625084400177002,terrorist,1951-1960,SkipGram,12
guerrilla_activity,0.6245114207267761,terrorist,1951-1960,SkipGram,13
instigator,0.6239246129989624,terrorist,1951-1960,SkipGram,14
underground_organization,0.6234416365623474,terrorist,1951-1960,SkipGram,15
wound_seriously,0.621061384677887,terrorist,1951-1960,SkipGram,16
killing,0.6198816895484924,terrorist,1951-1960,SkipGram,17
death_toll,0.6152085065841675,terrorist,1951-1960,SkipGram,18
rounded,0.614958643913269,terrorist,1951-1960,SkipGram,19
counterterrorist,0.6139954328536987,terrorist,1951-1960,SkipGram,20
throw_bomb,0.6135789155960083,terrorist,1951-1960,SkipGram,21
antiterrorist_drive,0.6134614944458008,terrorist,1951-1960,SkipGram,22
violence_flare,0.6134477853775024,terrorist,1951-1960,SkipGram,23
north_africans,0.6132828593254089,terrorist,1951-1960,SkipGram,24
arrest_suspect,0.612818717956543,terrorist,1951-1960,SkipGram,25
throw_grenade,0.6073822975158691,terrorist,1951-1960,SkipGram,26
terrorists,0.6054189801216125,terrorist,1951-1960,SkipGram,27
policeman_wound,0.6039621829986572,terrorist,1951-1960,SkipGram,28
terrorist_cell,0.6033720970153809,terrorist,1951-1960,SkipGram,29
tunisia_tunisian,0.6033578515052795,terrorist,1951-1960,SkipGram,30
hold_responsible,0.6027626991271973,terrorist,1951-1960,SkipGram,31
outburst,0.6011901497840881,terrorist,1951-1960,SkipGram,32
renew_violence,0.5997884273529053,terrorist,1951-1960,SkipGram,33
seriousness,0.5994601845741272,terrorist,1951-1960,SkipGram,34
blaze,0.599429726600647,terrorist,1951-1960,SkipGram,35
headquarter,0.5984824895858765,terrorist,1951-1960,SkipGram,36
vigilante,0.5981978178024292,terrorist,1951-1960,SkipGram,37
corporal,0.5955019593238831,terrorist,1951-1960,SkipGram,38
tension_mount,0.595367968082428,terrorist,1951-1960,SkipGram,39
fatally_wound,0.5952323079109192,terrorist,1951-1960,SkipGram,40
shoot_dead,0.5949021577835083,terrorist,1951-1960,SkipGram,41
breakdown_negotiation,0.5948745608329773,terrorist,1951-1960,SkipGram,42
soldier_wound,0.5943534970283508,terrorist,1951-1960,SkipGram,43
patrol_car,0.59071284532547,terrorist,1951-1960,SkipGram,44
civic_leader,0.5903188586235046,terrorist,1951-1960,SkipGram,45
axillary_policeman,0.5900560021400452,terrorist,1951-1960,SkipGram,46
liberation_army,0.5897409915924072,terrorist,1951-1960,SkipGram,47
hack,0.5886393189430237,terrorist,1951-1960,SkipGram,48
irish_republican_army,0.588065505027771,terrorist,1951-1960,SkipGram,49
kill_wound,0.5879291296005249,terrorist,1951-1960,SkipGram,50
terrorist_activity,0.5876542329788208,terrorist,1951-1960,SkipGram,51
armed_gang,0.5876031517982483,terrorist,1951-1960,SkipGram,52
exterminate,0.5875033736228943,terrorist,1951-1960,SkipGram,53
rebellious,0.5870700478553772,terrorist,1951-1960,SkipGram,54
awkward,0.5858585834503174,terrorist,1951-1960,SkipGram,55
kikuyu_guard,0.5856228470802307,terrorist,1951-1960,SkipGram,56
outbreak_violence,0.5850988030433655,terrorist,1951-1960,SkipGram,57
skirmish,0.5849673748016357,terrorist,1951-1960,SkipGram,58
terrorist_organization,0.5847537517547607,terrorist,1951-1960,SkipGram,59
malaya_red,0.5840603113174438,terrorist,1951-1960,SkipGram,60
rout,0.5840548872947693,terrorist,1951-1960,SkipGram,61
illegal_activity,0.5838642716407776,terrorist,1951-1960,SkipGram,62
belfast_northern_ireland,0.5836212038993835,terrorist,1951-1960,SkipGram,63
loot,0.5830128788948059,terrorist,1951-1960,SkipGram,64
algier_french,0.582177996635437,terrorist,1951-1960,SkipGram,65
stain,0.5818573832511902,terrorist,1951-1960,SkipGram,66
twelve_person,0.581174910068512,terrorist,1951-1960,SkipGram,67
crackdown,0.5800880789756775,terrorist,1951-1960,SkipGram,68
kikuyu_reserve,0.5791370868682861,terrorist,1951-1960,SkipGram,69
curfew,0.578790545463562,terrorist,1951-1960,SkipGram,70
bishop_pyrexia,0.5782711505889893,terrorist,1951-1960,SkipGram,71
ministry_interior,0.5779645442962646,terrorist,1951-1960,SkipGram,72
bullet_wound,0.5752465128898621,terrorist,1951-1960,SkipGram,73
alexandria,0.5751453042030334,terrorist,1951-1960,SkipGram,74
materialize,0.5736087560653687,terrorist,1951-1960,SkipGram,75
mau_mau_leader,0.5721768736839294,terrorist,1951-1960,SkipGram,76
uncover,0.5721637606620789,terrorist,1951-1960,SkipGram,77
homemade_bomb,0.572117030620575,terrorist,1951-1960,SkipGram,78
hanging,0.5719115734100342,terrorist,1951-1960,SkipGram,79
african_colony,0.5715059041976929,terrorist,1951-1960,SkipGram,80
renew_outbreak,0.5709418654441833,terrorist,1951-1960,SkipGram,81
flare,0.5709406733512878,terrorist,1951-1960,SkipGram,82
barrack,0.5701897144317627,terrorist,1951-1960,SkipGram,83
bomb_explosion,0.5697079300880432,terrorist,1951-1960,SkipGram,84
african_rifle,0.5696790814399719,terrorist,1951-1960,SkipGram,85
vow,0.5696533918380737,terrorist,1951-1960,SkipGram,86
saboteur,0.5694324970245361,terrorist,1951-1960,SkipGram,87
shoot_death,0.5692964792251587,terrorist,1951-1960,SkipGram,88
tel_aviv_israel,0.569042980670929,terrorist,1951-1960,SkipGram,89
clamp,0.5688107013702393,terrorist,1951-1960,SkipGram,90
lonely,0.568203866481781,terrorist,1951-1960,SkipGram,91
furious,0.5681547522544861,terrorist,1951-1960,SkipGram,92
armed_band,0.5678372979164124,terrorist,1951-1960,SkipGram,93
incendiary,0.5677306056022644,terrorist,1951-1960,SkipGram,94
holy_war,0.5664527416229248,terrorist,1951-1960,SkipGram,95
jakarta_indonesia,0.566432535648346,terrorist,1951-1960,SkipGram,96
touching,0.5660618543624878,terrorist,1951-1960,SkipGram,97
plot_overthrow,0.5641734600067139,terrorist,1951-1960,SkipGram,98
underground_movement,0.5636573433876038,terrorist,1951-1960,SkipGram,99
paul_slam,0.5632137656211853,terrorist,1951-1960,SkipGram,100
retaliate,0.5631665587425232,terrorist,1951-1960,SkipGram,101
cleric,0.5631575584411621,terrorist,1951-1960,SkipGram,102
assassination_attempt,0.5629627108573914,terrorist,1951-1960,SkipGram,103
southwest_typhus,0.562735915184021,terrorist,1951-1960,SkipGram,104
mau_mau,0.5627272725105286,terrorist,1951-1960,SkipGram,105
radio_address,0.5625285506248474,terrorist,1951-1960,SkipGram,106
sov_letter,0.5624611973762512,terrorist,1951-1960,SkipGram,107
brace,0.5620670914649963,terrorist,1951-1960,SkipGram,108
extreme_right,0.5618991255760193,terrorist,1951-1960,SkipGram,109
resemble,0.5618780851364136,terrorist,1951-1960,SkipGram,110
streets,0.5616978406906128,terrorist,1951-1960,SkipGram,111
atrocity,0.561540424823761,terrorist,1951-1960,SkipGram,112
governor_air_hugh,0.5608023405075073,terrorist,1951-1960,SkipGram,113
reds,0.5602467656135559,terrorist,1951-1960,SkipGram,114
cordon,0.5600497126579285,terrorist,1951-1960,SkipGram,115
slightly_wound,0.5596081614494324,terrorist,1951-1960,SkipGram,116
security_force,0.55853271484375,terrorist,1951-1960,SkipGram,117
police_station,0.5582850575447083,terrorist,1951-1960,SkipGram,118
clash_occur,0.5580021142959595,terrorist,1951-1960,SkipGram,119
vengeance,0.5573951005935669,terrorist,1951-1960,SkipGram,120
maids,0.5573554039001465,terrorist,1951-1960,SkipGram,121
oak,0.5569812655448914,terrorist,1951-1960,SkipGram,122
inn_vein,0.556663453578949,terrorist,1951-1960,SkipGram,123
hardware,0.5564371943473816,terrorist,1951-1960,SkipGram,124
soup,0.5562507510185242,terrorist,1951-1960,SkipGram,125
outrage,0.5562043190002441,terrorist,1951-1960,SkipGram,126
bet,0.555400550365448,terrorist,1951-1960,SkipGram,127
informant,0.5553387403488159,terrorist,1951-1960,SkipGram,128
shell,0.5553327798843384,terrorist,1951-1960,SkipGram,129
congressional_election,0.5552392601966858,terrorist,1951-1960,SkipGram,130
casablanca_french_morocco,0.554645836353302,terrorist,1951-1960,SkipGram,131
agitate,0.5533400177955627,terrorist,1951-1960,SkipGram,132
shot_fire,0.5529409050941467,terrorist,1951-1960,SkipGram,133
implicate,0.5526883602142334,terrorist,1951-1960,SkipGram,134
interrogate,0.5525945425033569,terrorist,1951-1960,SkipGram,135
bring_total,0.5524054765701294,terrorist,1951-1960,SkipGram,136
create_climate,0.5512477159500122,terrorist,1951-1960,SkipGram,137
serve_ice,0.5512415170669556,terrorist,1951-1960,SkipGram,138
arrest_connection,0.5510671138763428,terrorist,1951-1960,SkipGram,139
secret_service,0.5508346557617188,terrorist,1951-1960,SkipGram,140
absent,0.5504227876663208,terrorist,1951-1960,SkipGram,141
detention,0.5501514673233032,terrorist,1951-1960,SkipGram,142
unleash,0.5499169826507568,terrorist,1951-1960,SkipGram,143
tiller,0.5492805242538452,terrorist,1951-1960,SkipGram,144
apprehensive,0.5481876730918884,terrorist,1951-1960,SkipGram,145
curse,0.5479764938354492,terrorist,1951-1960,SkipGram,146
terror,0.5474787950515747,terrorist,1951-1960,SkipGram,147
attempt_assassinate,0.5469802618026733,terrorist,1951-1960,SkipGram,148
severity,0.5462393760681152,terrorist,1951-1960,SkipGram,149
plane_crash,0.5454597473144531,terrorist,1951-1960,SkipGram,150
retaliation,0.5451570749282837,terrorist,1951-1960,SkipGram,151
bitterly,0.5451260805130005,terrorist,1951-1960,SkipGram,152
open_door,0.545009970664978,terrorist,1951-1960,SkipGram,153
pitch,0.5443521738052368,terrorist,1951-1960,SkipGram,154
elusive,0.5440517067909241,terrorist,1951-1960,SkipGram,155
disapprove,0.5436777472496033,terrorist,1951-1960,SkipGram,156
violent,0.5436229705810547,terrorist,1951-1960,SkipGram,157
coincide,0.5435506701469421,terrorist,1951-1960,SkipGram,158
unsuccessful_attempt,0.543545663356781,terrorist,1951-1960,SkipGram,159
detour,0.543178141117096,terrorist,1951-1960,SkipGram,160
casablanca_morocco,0.5430366396903992,terrorist,1951-1960,SkipGram,161
identity,0.5422579646110535,terrorist,1951-1960,SkipGram,162
armed_resistance,0.5417977571487427,terrorist,1951-1960,SkipGram,163
national_organization_lighter,0.5415775775909424,terrorist,1951-1960,SkipGram,164
fighter,0.5415670871734619,terrorist,1951-1960,SkipGram,165
inflict,0.5414010286331177,terrorist,1951-1960,SkipGram,166
small_arm,0.5410006046295166,terrorist,1951-1960,SkipGram,167
hinder,0.5406956076622009,terrorist,1951-1960,SkipGram,168
accidental,0.5405738949775696,terrorist,1951-1960,SkipGram,169
throw_hand_grenade,0.5405569076538086,terrorist,1951-1960,SkipGram,170
guerrilla_warfare,0.5404805541038513,terrorist,1951-1960,SkipGram,171
heroism,0.5404227375984192,terrorist,1951-1960,SkipGram,172
whisper,0.5400049686431885,terrorist,1951-1960,SkipGram,173
steal,0.5396541357040405,terrorist,1951-1960,SkipGram,174
lawless,0.5395155549049377,terrorist,1951-1960,SkipGram,175
blow_bridge,0.5389453172683716,terrorist,1951-1960,SkipGram,176
dominant_party,0.5387818813323975,terrorist,1951-1960,SkipGram,177
south_peri,0.53864586353302,terrorist,1951-1960,SkipGram,178
altogether,0.5383722186088562,terrorist,1951-1960,SkipGram,179
prelate,0.5380136370658875,terrorist,1951-1960,SkipGram,180
act_sabotage,0.5372726321220398,terrorist,1951-1960,SkipGram,181
nationalist_guerrilla,0.5363553166389465,terrorist,1951-1960,SkipGram,182
southeast,0.5363437533378601,terrorist,1951-1960,SkipGram,183
beat_death,0.5363425612449646,terrorist,1951-1960,SkipGram,184
stern,0.5358211398124695,terrorist,1951-1960,SkipGram,185
services,0.5356168746948242,terrorist,1951-1960,SkipGram,186
semiofficial_french,0.5353502035140991,terrorist,1951-1960,SkipGram,187
directive_issue,0.5353148579597473,terrorist,1951-1960,SkipGram,188
filter,0.5349704623222351,terrorist,1951-1960,SkipGram,189
bastille,0.5348517894744873,terrorist,1951-1960,SkipGram,190
detain,0.5339672565460205,terrorist,1951-1960,SkipGram,191
property_damage,0.5337502956390381,terrorist,1951-1960,SkipGram,192
depredation,0.5335820317268372,terrorist,1951-1960,SkipGram,193
tonight,0.5333831906318665,terrorist,1951-1960,SkipGram,194
kikuyu_tribesman,0.5333815813064575,terrorist,1951-1960,SkipGram,195
outskirt,0.5330796837806702,terrorist,1951-1960,SkipGram,196
wounding,0.5326207280158997,terrorist,1951-1960,SkipGram,197
half_mile,0.5323854088783264,terrorist,1951-1960,SkipGram,198
au_au_secret,0.5322949886322021,terrorist,1951-1960,SkipGram,199
ambush,0.5322892665863037,terrorist,1951-1960,SkipGram,200
sentencing,0.5322508811950684,terrorist,1951-1960,SkipGram,201
mile_north,0.5320703983306885,terrorist,1951-1960,SkipGram,202
dread,0.5318218469619751,terrorist,1951-1960,SkipGram,203
person_wound,0.531469464302063,terrorist,1951-1960,SkipGram,204
fort,0.5314428210258484,terrorist,1951-1960,SkipGram,205
death_destruction,0.5310770869255066,terrorist,1951-1960,SkipGram,206
squatter,0.5307215452194214,terrorist,1951-1960,SkipGram,207
volcano,0.5303298234939575,terrorist,1951-1960,SkipGram,208
nineteen,0.5298258066177368,terrorist,1951-1960,SkipGram,209
intensify,0.5297515392303467,terrorist,1951-1960,SkipGram,210
resistance_movement,0.5295503735542297,terrorist,1951-1960,SkipGram,211
amnesty_offer,0.5295132994651794,terrorist,1951-1960,SkipGram,212
southwest,0.5294113755226135,terrorist,1951-1960,SkipGram,213
northwestern,0.5293798446655273,terrorist,1951-1960,SkipGram,214
fifty_mile,0.529334545135498,terrorist,1951-1960,SkipGram,215
charge_murder,0.5291329622268677,terrorist,1951-1960,SkipGram,216
swamp,0.5287364721298218,terrorist,1951-1960,SkipGram,217
bystander,0.5286391973495483,terrorist,1951-1960,SkipGram,218
squad,0.5284326672554016,terrorist,1951-1960,SkipGram,219
savagely,0.5281873941421509,terrorist,1951-1960,SkipGram,220
parole,0.5281315445899963,terrorist,1951-1960,SkipGram,221
rider,0.5278932452201843,terrorist,1951-1960,SkipGram,222
inform_source,0.5277488827705383,terrorist,1951-1960,SkipGram,223
northwest,0.5277487635612488,terrorist,1951-1960,SkipGram,224
raid,0.5276613831520081,terrorist,1951-1960,SkipGram,225
suburban,0.527623176574707,terrorist,1951-1960,SkipGram,226
subvert,0.5275803208351135,terrorist,1951-1960,SkipGram,227
disinfection,0.5275078415870667,terrorist,1951-1960,SkipGram,228
certainty,0.5272099375724792,terrorist,1951-1960,SkipGram,229
foreman,0.5267764329910278,terrorist,1951-1960,SkipGram,230
cowardly,0.5266705751419067,terrorist,1951-1960,SkipGram,231
mild_mary,0.5265029668807983,terrorist,1951-1960,SkipGram,232
islands_indian_ocean,0.5262725353240967,terrorist,1951-1960,SkipGram,233
simultaneously,0.5262559056282043,terrorist,1951-1960,SkipGram,234
selangor,0.5256102085113525,terrorist,1951-1960,SkipGram,235
boat,0.525426983833313,terrorist,1951-1960,SkipGram,236
smash,0.5252411961555481,terrorist,1951-1960,SkipGram,237
republic_ireland,0.5252041816711426,terrorist,1951-1960,SkipGram,238
countenance,0.5244468450546265,terrorist,1951-1960,SkipGram,239
commit_act,0.524079442024231,terrorist,1951-1960,SkipGram,240
wholesale,0.5239841341972351,terrorist,1951-1960,SkipGram,241
boast,0.5238139629364014,terrorist,1951-1960,SkipGram,242
round_ammunition,0.5236610770225525,terrorist,1951-1960,SkipGram,243
treacherous,0.5232052803039551,terrorist,1951-1960,SkipGram,244
mile_east,0.5228052139282227,terrorist,1951-1960,SkipGram,245
heat,0.5222758650779724,terrorist,1951-1960,SkipGram,246
vicious_circle,0.5220612287521362,terrorist,1951-1960,SkipGram,247
nationalist_agitation,0.5220048427581787,terrorist,1951-1960,SkipGram,248
working_class,0.5218701958656311,terrorist,1951-1960,SkipGram,249
latent,0.5215604901313782,terrorist,1951-1960,SkipGram,250
antigovernment,0.5215437412261963,terrorist,1951-1960,SkipGram,251
twenty_minute,0.5214572548866272,terrorist,1951-1960,SkipGram,252
chase,0.5213217735290527,terrorist,1951-1960,SkipGram,253
directly_responsible,0.5210816264152527,terrorist,1951-1960,SkipGram,254
announcement,0.5210654735565186,terrorist,1951-1960,SkipGram,255
mode,0.5207400918006897,terrorist,1951-1960,SkipGram,256
main_reason,0.5204676985740662,terrorist,1951-1960,SkipGram,257
london_dig,0.5204625725746155,terrorist,1951-1960,SkipGram,258
deadline,0.5196388959884644,terrorist,1951-1960,SkipGram,259
counterrevolutionary_activity,0.5195009708404541,terrorist,1951-1960,SkipGram,260
backbone,0.5194010138511658,terrorist,1951-1960,SkipGram,261
servicemen,0.5191676616668701,terrorist,1951-1960,SkipGram,262
farm_near,0.5191132426261902,terrorist,1951-1960,SkipGram,263
atom,0.5190371870994568,terrorist,1951-1960,SkipGram,264
special_algiers,0.5187578201293945,terrorist,1951-1960,SkipGram,265
surround_village,0.5186956524848938,terrorist,1951-1960,SkipGram,266
typhus_web,0.5183473229408264,terrorist,1951-1960,SkipGram,267
tula,0.5181316137313843,terrorist,1951-1960,SkipGram,268
terrorist_attack,0.5179318785667419,terrorist,1951-1960,SkipGram,269
decoration,0.517353892326355,terrorist,1951-1960,SkipGram,270
agents,0.5169069170951843,terrorist,1951-1960,SkipGram,271
virtual,0.516884446144104,terrorist,1951-1960,SkipGram,272
military_tribunal,0.5166551470756531,terrorist,1951-1960,SkipGram,273
suburbs,0.5165455937385559,terrorist,1951-1960,SkipGram,274
within_hour,0.5164111852645874,terrorist,1951-1960,SkipGram,275
seriously_injure,0.5159952640533447,terrorist,1951-1960,SkipGram,276
workman,0.515994131565094,terrorist,1951-1960,SkipGram,277
communique,0.515674889087677,terrorist,1951-1960,SkipGram,278
suspend_constitutional_guarantee,0.5153906941413879,terrorist,1951-1960,SkipGram,279
die_hospital,0.5150046348571777,terrorist,1951-1960,SkipGram,280
mysterious,0.5149429440498352,terrorist,1951-1960,SkipGram,281
drive_mau_mau,0.5147151350975037,terrorist,1951-1960,SkipGram,282
liberation_battalion,0.5147033333778381,terrorist,1951-1960,SkipGram,283
try_escape,0.5144304037094116,terrorist,1951-1960,SkipGram,284
theater,0.5143765807151794,terrorist,1951-1960,SkipGram,285
cab,0.5142800807952881,terrorist,1951-1960,SkipGram,286
disorder,0.5141835808753967,terrorist,1951-1960,SkipGram,287
mourn,0.5140021443367004,terrorist,1951-1960,SkipGram,288
vol_george_rival,0.5135186314582825,terrorist,1951-1960,SkipGram,289
times_havana,0.5132795572280884,terrorist,1951-1960,SkipGram,290
chieftain,0.5130846500396729,terrorist,1951-1960,SkipGram,291
road_block,0.5129196047782898,terrorist,1951-1960,SkipGram,292
swift,0.5127618312835693,terrorist,1951-1960,SkipGram,293
losse,0.51259446144104,terrorist,1951-1960,SkipGram,294
emergency_rule,0.512565553188324,terrorist,1951-1960,SkipGram,295
achieve_independence,0.512042760848999,terrorist,1951-1960,SkipGram,296
modest,0.5118955969810486,terrorist,1951-1960,SkipGram,297
nigel,0.511614203453064,terrorist,1951-1960,SkipGram,298
ammunition,0.5112183690071106,terrorist,1951-1960,SkipGram,299
rude,0.5111278295516968,terrorist,1951-1960,SkipGram,300
secret_agent,0.5108203291893005,terrorist,1951-1960,SkipGram,301
sarah_ben,0.5107789635658264,terrorist,1951-1960,SkipGram,302
stamp,0.510265588760376,terrorist,1951-1960,SkipGram,303
au_au_gang,0.5100510716438293,terrorist,1951-1960,SkipGram,304
strife,0.5099967122077942,terrorist,1951-1960,SkipGram,305
antiterrorist_operation,0.5098304152488708,terrorist,1951-1960,SkipGram,306
violator,0.5088411569595337,terrorist,1951-1960,SkipGram,307
twist,0.5087567567825317,terrorist,1951-1960,SkipGram,308
seriously_wound,0.508569061756134,terrorist,1951-1960,SkipGram,309
outlaw,0.508545994758606,terrorist,1951-1960,SkipGram,310
burst,0.5084553360939026,terrorist,1951-1960,SkipGram,311
detachment,0.5083072781562805,terrorist,1951-1960,SkipGram,312
brutally,0.5080466866493225,terrorist,1951-1960,SkipGram,313
alarm,0.507836639881134,terrorist,1951-1960,SkipGram,314
parachute_troop,0.5074586868286133,terrorist,1951-1960,SkipGram,315
desperation,0.507034957408905,terrorist,1951-1960,SkipGram,316
midst,0.5064974427223206,terrorist,1951-1960,SkipGram,317
diversion,0.5063868761062622,terrorist,1951-1960,SkipGram,318
cameroon,0.506242573261261,terrorist,1951-1960,SkipGram,319
stealth,0.5062376856803894,terrorist,1951-1960,SkipGram,320
premiership,0.5061806440353394,terrorist,1951-1960,SkipGram,321
indignation,0.5059532523155212,terrorist,1951-1960,SkipGram,322
bombing,0.5057212114334106,terrorist,1951-1960,SkipGram,323
adjoin,0.5056275129318237,terrorist,1951-1960,SkipGram,324
reprisal,0.5051050782203674,terrorist,1951-1960,SkipGram,325
condemn_death,0.5050933957099915,terrorist,1951-1960,SkipGram,326
miner,0.5048730969429016,terrorist,1951-1960,SkipGram,327
midnight_cure,0.5047145485877991,terrorist,1951-1960,SkipGram,328
hunt,0.5047048330307007,terrorist,1951-1960,SkipGram,329
kidnapping,0.5044124126434326,terrorist,1951-1960,SkipGram,330
unarmed,0.5036763548851013,terrorist,1951-1960,SkipGram,331
perpetrate,0.5036054253578186,terrorist,1951-1960,SkipGram,332
communistic,0.503166139125824,terrorist,1951-1960,SkipGram,333
remnant,0.5030895471572876,terrorist,1951-1960,SkipGram,334
rangoon,0.5030474662780762,terrorist,1951-1960,SkipGram,335
miami,0.5026347637176514,terrorist,1951-1960,SkipGram,336
cord,0.5022782683372498,terrorist,1951-1960,SkipGram,337
rid,0.5016934275627136,terrorist,1951-1960,SkipGram,338
intensive,0.5016646385192871,terrorist,1951-1960,SkipGram,339
grenade_throw,0.5015213489532471,terrorist,1951-1960,SkipGram,340
lift_valley,0.5014499425888062,terrorist,1951-1960,SkipGram,341
islandwide,0.5014474391937256,terrorist,1951-1960,SkipGram,342
unofficially,0.5013700127601624,terrorist,1951-1960,SkipGram,343
slaying,0.5008225440979004,terrorist,1951-1960,SkipGram,344
internet,0.5000712275505066,terrorist,1951-1960,SkipGram,345
motivation,0.49987825751304626,terrorist,1951-1960,SkipGram,346
unusually,0.49971821904182434,terrorist,1951-1960,SkipGram,347
commerce_industry,0.4996752440929413,terrorist,1951-1960,SkipGram,348
tear_gas,0.49957939982414246,terrorist,1951-1960,SkipGram,349
ac,0.4994652271270752,terrorist,1951-1960,SkipGram,350
convent,0.4993699789047241,terrorist,1951-1960,SkipGram,351
mortar,0.49926072359085083,terrorist,1951-1960,SkipGram,352
find_guilty,0.4991052448749542,terrorist,1951-1960,SkipGram,353
chide,0.4988540709018707,terrorist,1951-1960,SkipGram,354
depot,0.4984630048274994,terrorist,1951-1960,SkipGram,355
selection,0.49835243821144104,terrorist,1951-1960,SkipGram,356
drastic_action,0.49823564291000366,terrorist,1951-1960,SkipGram,357
teenage,0.4981834590435028,terrorist,1951-1960,SkipGram,358
broken,0.4980173707008362,terrorist,1951-1960,SkipGram,359
declare_emergency,0.4979611039161682,terrorist,1951-1960,SkipGram,360
nephew,0.4972100555896759,terrorist,1951-1960,SkipGram,361
complacency,0.4969237148761749,terrorist,1951-1960,SkipGram,362
vice_consul,0.4967934191226959,terrorist,1951-1960,SkipGram,363
jail_term,0.49643611907958984,terrorist,1951-1960,SkipGram,364
oppositionist,0.4964034855365753,terrorist,1951-1960,SkipGram,365
bottle,0.49615466594696045,terrorist,1951-1960,SkipGram,366
seventy,0.4959659278392792,terrorist,1951-1960,SkipGram,367
detention_camp,0.4959152936935425,terrorist,1951-1960,SkipGram,368
barracks,0.4956510066986084,terrorist,1951-1960,SkipGram,369
ache,0.49561190605163574,terrorist,1951-1960,SkipGram,370
inspector,0.49516355991363525,terrorist,1951-1960,SkipGram,371
readily,0.4950636029243469,terrorist,1951-1960,SkipGram,372
rubber_estate,0.49505406618118286,terrorist,1951-1960,SkipGram,373
defiant,0.4948938190937042,terrorist,1951-1960,SkipGram,374
wounded,0.49479928612709045,terrorist,1951-1960,SkipGram,375
pretend,0.49479398131370544,terrorist,1951-1960,SkipGram,376
cross_border,0.4945664703845978,terrorist,1951-1960,SkipGram,377
sentence_prison,0.4943397045135498,terrorist,1951-1960,SkipGram,378
insurrection,0.4942954182624817,terrorist,1951-1960,SkipGram,379
swiss,0.49401384592056274,terrorist,1951-1960,SkipGram,380
escape_injury,0.493753045797348,terrorist,1951-1960,SkipGram,381
informer,0.4932774305343628,terrorist,1951-1960,SkipGram,382
security_service,0.4931834042072296,terrorist,1951-1960,SkipGram,383
ulster,0.4927547872066498,terrorist,1951-1960,SkipGram,384
steward,0.49251851439476013,terrorist,1951-1960,SkipGram,385
columbus,0.4924442172050476,terrorist,1951-1960,SkipGram,386
national_guard,0.49237173795700073,terrorist,1951-1960,SkipGram,387
loud,0.49236536026000977,terrorist,1951-1960,SkipGram,388
straight,0.49229907989501953,terrorist,1951-1960,SkipGram,389
auxiliarie,0.4918537437915802,terrorist,1951-1960,SkipGram,390
offender,0.49176573753356934,terrorist,1951-1960,SkipGram,391
disperse,0.491734117269516,terrorist,1951-1960,SkipGram,392
au_au_oath,0.49170416593551636,terrorist,1951-1960,SkipGram,393
smuggle,0.4916248917579651,terrorist,1951-1960,SkipGram,394
sergeant,0.491378515958786,terrorist,1951-1960,SkipGram,395
sedition,0.491335928440094,terrorist,1951-1960,SkipGram,396
wave,0.4913064241409302,terrorist,1951-1960,SkipGram,397
passu,0.4911164939403534,terrorist,1951-1960,SkipGram,398
per_son,0.4911051094532013,terrorist,1951-1960,SkipGram,399
parachutist,0.4910978674888611,terrorist,1951-1960,SkipGram,400
assassin,0.49105748534202576,terrorist,1951-1960,SkipGram,401
tt,0.4910185635089874,terrorist,1951-1960,SkipGram,402
anew,0.49091002345085144,terrorist,1951-1960,SkipGram,403
issue_statement,0.49086466431617737,terrorist,1951-1960,SkipGram,404
def,0.49080759286880493,terrorist,1951-1960,SkipGram,405
person_injure,0.49066537618637085,terrorist,1951-1960,SkipGram,406
mass,0.4904026985168457,terrorist,1951-1960,SkipGram,407
security_measure,0.4903963506221771,terrorist,1951-1960,SkipGram,408
wipe,0.4899231195449829,terrorist,1951-1960,SkipGram,409
outbreak,0.4899073541164398,terrorist,1951-1960,SkipGram,410
arms,0.4896547198295593,terrorist,1951-1960,SkipGram,411
havana_sov,0.4894079267978668,terrorist,1951-1960,SkipGram,412
monthly,0.4893985092639923,terrorist,1951-1960,SkipGram,413
french_paratrooper,0.48925313353538513,terrorist,1951-1960,SkipGram,414
stab,0.4891909658908844,terrorist,1951-1960,SkipGram,415
lawlessness,0.48892873525619507,terrorist,1951-1960,SkipGram,416
rife,0.48887985944747925,terrorist,1951-1960,SkipGram,417
armed_revolt,0.48884811997413635,terrorist,1951-1960,SkipGram,418
brigadier,0.48883554339408875,terrorist,1951-1960,SkipGram,419
await_trial,0.4886628985404968,terrorist,1951-1960,SkipGram,420
caraca,0.48824504017829895,terrorist,1951-1960,SkipGram,421
balloon,0.4882325530052185,terrorist,1951-1960,SkipGram,422
sharp,0.4880886375904083,terrorist,1951-1960,SkipGram,423
hoodlum,0.4878957271575928,terrorist,1951-1960,SkipGram,424
mile_south,0.48783576488494873,terrorist,1951-1960,SkipGram,425
reminiscence,0.48773661255836487,terrorist,1951-1960,SkipGram,426
lightly,0.48768338561058044,terrorist,1951-1960,SkipGram,427
besiege,0.4874356687068939,terrorist,1951-1960,SkipGram,428
fed,0.48730453848838806,terrorist,1951-1960,SkipGram,429
drastic,0.48682838678359985,terrorist,1951-1960,SkipGram,430
cairo_dig,0.48679080605506897,terrorist,1951-1960,SkipGram,431
insurrectionist,0.48678457736968994,terrorist,1951-1960,SkipGram,432
maude,0.48676222562789917,terrorist,1951-1960,SkipGram,433
barb_wire,0.4863922894001007,terrorist,1951-1960,SkipGram,434
serve_prison,0.48586249351501465,terrorist,1951-1960,SkipGram,435
strike_paralyze,0.48579517006874084,terrorist,1951-1960,SkipGram,436
machine_gun,0.48532766103744507,terrorist,1951-1960,SkipGram,437
fiercely,0.4852503836154938,terrorist,1951-1960,SkipGram,438
sweep,0.48515447974205017,terrorist,1951-1960,SkipGram,439
guerrillas,0.4850315451622009,terrorist,1951-1960,SkipGram,440
discriminate,0.4850232005119324,terrorist,1951-1960,SkipGram,441
soul_alan,0.484989732503891,terrorist,1951-1960,SkipGram,442
air_herald_temper,0.48497921228408813,terrorist,1951-1960,SkipGram,443
bend,0.4848954379558563,terrorist,1951-1960,SkipGram,444
sheriff,0.48487159609794617,terrorist,1951-1960,SkipGram,445
kuala_lumpur,0.48476967215538025,terrorist,1951-1960,SkipGram,446
island_colony,0.4841410219669342,terrorist,1951-1960,SkipGram,447
organizing,0.4840700924396515,terrorist,1951-1960,SkipGram,448
repression,0.4839358627796173,terrorist,1951-1960,SkipGram,449
rightist,0.48373496532440186,terrorist,1951-1960,SkipGram,450
lend,0.4836304485797882,terrorist,1951-1960,SkipGram,451
counterterrorism,0.4834360182285309,terrorist,1951-1960,SkipGram,452
nasty,0.4832160770893097,terrorist,1951-1960,SkipGram,453
water_main,0.4831685721874237,terrorist,1951-1960,SkipGram,454
shatter,0.48291245102882385,terrorist,1951-1960,SkipGram,455
widespread,0.48282840847969055,terrorist,1951-1960,SkipGram,456
grow_colony,0.4826587438583374,terrorist,1951-1960,SkipGram,457
disguise,0.4824869930744171,terrorist,1951-1960,SkipGram,458
hooded,0.48242077231407166,terrorist,1951-1960,SkipGram,459
revolver,0.4823624789714813,terrorist,1951-1960,SkipGram,460
thwart,0.4821415841579437,terrorist,1951-1960,SkipGram,461
fester,0.4820892810821533,terrorist,1951-1960,SkipGram,462
british_soldier,0.4820081293582916,terrorist,1951-1960,SkipGram,463
leaders,0.4815220236778259,terrorist,1951-1960,SkipGram,464
burns,0.481433629989624,terrorist,1951-1960,SkipGram,465
george_rival,0.48114389181137085,terrorist,1951-1960,SkipGram,466
ami,0.48091259598731995,terrorist,1951-1960,SkipGram,467
rioting,0.4807962477207184,terrorist,1951-1960,SkipGram,468
tabe,0.48067983984947205,terrorist,1951-1960,SkipGram,469
incite,0.4806046187877655,terrorist,1951-1960,SkipGram,470
lyons,0.4803146421909332,terrorist,1951-1960,SkipGram,471
cabinet_approve,0.4801883101463318,terrorist,1951-1960,SkipGram,472
san_juan,0.48014768958091736,terrorist,1951-1960,SkipGram,473
utilize,0.47957512736320496,terrorist,1951-1960,SkipGram,474
violently,0.47946658730506897,terrorist,1951-1960,SkipGram,475
continue_age_column,0.4792616069316864,terrorist,1951-1960,SkipGram,476
kiss,0.47926127910614014,terrorist,1951-1960,SkipGram,477
remain_calm,0.4792337119579315,terrorist,1951-1960,SkipGram,478
correspond,0.47917452454566956,terrorist,1951-1960,SkipGram,479
churchill,0.479141503572464,terrorist,1951-1960,SkipGram,480
hard_core,0.47895872592926025,terrorist,1951-1960,SkipGram,481
clamor,0.4788757562637329,terrorist,1951-1960,SkipGram,482
rafael,0.4788002669811249,terrorist,1951-1960,SkipGram,483
slain,0.4787972569465637,terrorist,1951-1960,SkipGram,484
peaceful_demonstration,0.4785975217819214,terrorist,1951-1960,SkipGram,485
die_wound,0.4784594178199768,terrorist,1951-1960,SkipGram,486
scatter,0.4783143997192383,terrorist,1951-1960,SkipGram,487
hut,0.47817763686180115,terrorist,1951-1960,SkipGram,488
limb,0.4780353009700775,terrorist,1951-1960,SkipGram,489
west_cava,0.477842777967453,terrorist,1951-1960,SkipGram,490
feed,0.4777231216430664,terrorist,1951-1960,SkipGram,491
arm_ammunition,0.4776824712753296,terrorist,1951-1960,SkipGram,492
murderer,0.4775252342224121,terrorist,1951-1960,SkipGram,493
sentence_death,0.47743555903434753,terrorist,1951-1960,SkipGram,494
puerto,0.4772037863731384,terrorist,1951-1960,SkipGram,495
communist_guerrillas,0.47719988226890564,terrorist,1951-1960,SkipGram,496
riot,0.47707727551460266,terrorist,1951-1960,SkipGram,497
perish,0.47702348232269287,terrorist,1951-1960,SkipGram,498
greece_greek,0.47700878977775574,terrorist,1951-1960,SkipGram,499
driving,0.4767909646034241,terrorist,1951-1960,SkipGram,500
pact,0.6060070395469666,terrorism,1961-1980,CBOW,1
mideast,0.5899601578712463,terrorism,1961-1980,CBOW,2
wave_violence,0.5677071213722229,terrorism,1961-1980,CBOW,3
jews,0.5558827519416809,terrorism,1961-1980,CBOW,4
hoover,0.5408879518508911,terrorism,1961-1980,CBOW,5
bombing,0.5326821804046631,terrorism,1961-1980,CBOW,6
strife,0.5320059061050415,terrorism,1961-1980,CBOW,7
oran,0.5317115187644958,terrorism,1961-1980,CBOW,8
christopher_wren_special_times,0.5304438471794128,terrorism,1961-1980,CBOW,9
basque,0.5297848582267761,terrorism,1961-1980,CBOW,10
clashes,0.5285492539405823,terrorism,1961-1980,CBOW,11
pretoria_south_africa,0.5256134271621704,terrorism,1961-1980,CBOW,12
lima_peru,0.5242111682891846,terrorism,1961-1980,CBOW,13
jonathan_special,0.5242045521736145,terrorism,1961-1980,CBOW,14
yugoslavia,0.5241103172302246,terrorism,1961-1980,CBOW,15
israeli,0.5207000970840454,terrorism,1961-1980,CBOW,16
castro,0.5181033611297607,terrorism,1961-1980,CBOW,17
tension_rise,0.5160181522369385,terrorism,1961-1980,CBOW,18
hijack,0.5146268606185913,terrorism,1961-1980,CBOW,19
rancor,0.5080234408378601,terrorism,1961-1980,CBOW,20
outbreak_violence,0.5075144171714783,terrorism,1961-1980,CBOW,21
leftist_rightist,0.5059478878974915,terrorism,1961-1980,CBOW,22
aden,0.5039737820625305,terrorism,1961-1980,CBOW,23
assail,0.5032806396484375,terrorism,1961-1980,CBOW,24
rome,0.502441942691803,terrorism,1961-1980,CBOW,25
prolonged,0.501955509185791,terrorism,1961-1980,CBOW,26
cape_town,0.4997332692146301,terrorism,1961-1980,CBOW,27
oppressive_measure,0.49839380383491516,terrorism,1961-1980,CBOW,28
virtual_siege,0.4926268458366394,terrorism,1961-1980,CBOW,29
peril,0.49253547191619873,terrorism,1961-1980,CBOW,30
terror,0.49209830164909363,terrorism,1961-1980,CBOW,31
feud,0.4860159456729889,terrorism,1961-1980,CBOW,32
premier_pagan,0.483968049287796,terrorism,1961-1980,CBOW,33
bueno_air_dec,0.48334378004074097,terrorism,1961-1980,CBOW,34
santo_domingo_dominican_republic,0.47675621509552,terrorism,1961-1980,CBOW,35
johannesburg_south,0.4753778278827667,terrorism,1961-1980,CBOW,36
eric_pace_special,0.4748188853263855,terrorism,1961-1980,CBOW,37
rightist,0.4721846878528595,terrorism,1961-1980,CBOW,38
prison_mutiny,0.47090598940849304,terrorism,1961-1980,CBOW,39
coincide_anniversary,0.47050270438194275,terrorism,1961-1980,CBOW,40
guerrilla_incursion,0.4702030122280121,terrorism,1961-1980,CBOW,41
san_juan,0.46992671489715576,terrorism,1961-1980,CBOW,42
argentine,0.4697287380695343,terrorism,1961-1980,CBOW,43
terror_attack,0.4688885807991028,terrorism,1961-1980,CBOW,44
hong_kong,0.4678817093372345,terrorism,1961-1980,CBOW,45
dublin_sov,0.4657018184661865,terrorism,1961-1980,CBOW,46
eric,0.465427964925766,terrorism,1961-1980,CBOW,47
terror_henry_tanner,0.4646746516227722,terrorism,1961-1980,CBOW,48
ferocity,0.4635528326034546,terrorism,1961-1980,CBOW,49
british_aden,0.46265533566474915,terrorism,1961-1980,CBOW,50
jay_special,0.4620269238948822,terrorism,1961-1980,CBOW,51
unabate,0.4618229568004608,terrorism,1961-1980,CBOW,52
presidential_election_schedule,0.4617524743080139,terrorism,1961-1980,CBOW,53
bad_feeling,0.4614713788032532,terrorism,1961-1980,CBOW,54
karachi_pakistan,0.4613367021083832,terrorism,1961-1980,CBOW,55
arabs,0.460542231798172,terrorism,1961-1980,CBOW,56
special_caracas_venezuela,0.4594527781009674,terrorism,1961-1980,CBOW,57
soup,0.4585192799568176,terrorism,1961-1980,CBOW,58
seventh_anniversary,0.45781517028808594,terrorism,1961-1980,CBOW,59
unrest,0.456533282995224,terrorism,1961-1980,CBOW,60
opponent_apartheid,0.4555433690547943,terrorism,1961-1980,CBOW,61
curfew_impose,0.45531246066093445,terrorism,1961-1980,CBOW,62
indonesian_maids,0.4552743434906006,terrorism,1961-1980,CBOW,63
alan_ride,0.4529905319213867,terrorism,1961-1980,CBOW,64
hint_strongly,0.4528362452983856,terrorism,1961-1980,CBOW,65
kuche_malaysia,0.45281514525413513,terrorism,1961-1980,CBOW,66
athens_dig,0.45267149806022644,terrorism,1961-1980,CBOW,67
sov_letter,0.4523845911026001,terrorism,1961-1980,CBOW,68
madrid_sov,0.4506824016571045,terrorism,1961-1980,CBOW,69
suspend_constitutional_guarantee,0.4506341814994812,terrorism,1961-1980,CBOW,70
labor_unrest,0.4503556489944458,terrorism,1961-1980,CBOW,71
dentist_agitation,0.4502299129962921,terrorism,1961-1980,CBOW,72
smuggle_arm,0.4497888684272766,terrorism,1961-1980,CBOW,73
disrupt_funeral,0.44963720440864563,terrorism,1961-1980,CBOW,74
vex,0.4489741325378418,terrorism,1961-1980,CBOW,75
angola,0.4456583261489868,terrorism,1961-1980,CBOW,76
attacks,0.4451785087585449,terrorism,1961-1980,CBOW,77
bahama,0.444644957780838,terrorism,1961-1980,CBOW,78
face_death_penalty,0.4437299072742462,terrorism,1961-1980,CBOW,79
julie_dear,0.4424578845500946,terrorism,1961-1980,CBOW,80
northern_portugal,0.442348837852478,terrorism,1961-1980,CBOW,81
outbreak,0.4420020580291748,terrorism,1961-1980,CBOW,82
rome_italian,0.4392181932926178,terrorism,1961-1980,CBOW,83
commute_death_sentence,0.43823444843292236,terrorism,1961-1980,CBOW,84
kingston_jamaica,0.4375726580619812,terrorism,1961-1980,CBOW,85
reprisal,0.4375000596046448,terrorism,1961-1980,CBOW,86
committee_colonialism,0.437411904335022,terrorism,1961-1980,CBOW,87
wave,0.4372110962867737,terrorism,1961-1980,CBOW,88
massacre_munich,0.43690770864486694,terrorism,1961-1980,CBOW,89
reign_terror,0.436737596988678,terrorism,1961-1980,CBOW,90
barley,0.43653300404548645,terrorism,1961-1980,CBOW,91
bloody_riot,0.4365007281303406,terrorism,1961-1980,CBOW,92
olympics_munich,0.43646833300590515,terrorism,1961-1980,CBOW,93
bloodshed,0.43600723147392273,terrorism,1961-1980,CBOW,94
revulsion,0.43427571654319763,terrorism,1961-1980,CBOW,95
terrorist_activity,0.4342179000377655,terrorism,1961-1980,CBOW,96
havana_cuban,0.43335792422294617,terrorism,1961-1980,CBOW,97
strongly_defend,0.43301334977149963,terrorism,1961-1980,CBOW,98
terror_intimidation,0.43293970823287964,terrorism,1961-1980,CBOW,99
guerrilla_stronghold,0.4327215552330017,terrorism,1961-1980,CBOW,100
maids,0.4323163628578186,terrorism,1961-1980,CBOW,101
armed_insurrection,0.43210676312446594,terrorism,1961-1980,CBOW,102
alto,0.43202459812164307,terrorism,1961-1980,CBOW,103
meddling,0.4317719638347626,terrorism,1961-1980,CBOW,104
increase_vigilance,0.43097594380378723,terrorism,1961-1980,CBOW,105
retaliatory_maid,0.4308444559574127,terrorism,1961-1980,CBOW,106
kidnapping_coming,0.4303496181964874,terrorism,1961-1980,CBOW,107
dig_upi,0.42973554134368896,terrorism,1961-1980,CBOW,108
quebec_separatists,0.42936694622039795,terrorism,1961-1980,CBOW,109
roberts_special,0.4285873770713806,terrorism,1961-1980,CBOW,110
racial_tension,0.42843466997146606,terrorism,1961-1980,CBOW,111
richard_lyons,0.42823705077171326,terrorism,1961-1980,CBOW,112
milan_italy,0.4280198812484741,terrorism,1961-1980,CBOW,113
despicable_act,0.4278038442134857,terrorism,1961-1980,CBOW,114
rome_dig,0.42777276039123535,terrorism,1961-1980,CBOW,115
airline_hijacking,0.4276745617389679,terrorism,1961-1980,CBOW,116
profound_impact,0.42747846245765686,terrorism,1961-1980,CBOW,117
temp,0.42683279514312744,terrorism,1961-1980,CBOW,118
jerusalem_web,0.4264572858810425,terrorism,1961-1980,CBOW,119
renew_violence,0.42635878920555115,terrorism,1961-1980,CBOW,120
rebels,0.4263245463371277,terrorism,1961-1980,CBOW,121
agitation,0.4263126850128174,terrorism,1961-1980,CBOW,122
venezuela_sov,0.4258953332901001,terrorism,1961-1980,CBOW,123
jerusalem_dig,0.4255256950855255,terrorism,1961-1980,CBOW,124
algiers_rightist,0.4246808886528015,terrorism,1961-1980,CBOW,125
ulna,0.42458972334861755,terrorism,1961-1980,CBOW,126
rosier,0.42452529072761536,terrorism,1961-1980,CBOW,127
birmingham_la,0.4244668483734131,terrorism,1961-1980,CBOW,128
mars,0.42367446422576904,terrorism,1961-1980,CBOW,129
tel_aviv,0.42357251048088074,terrorism,1961-1980,CBOW,130
ankara_turkey,0.4233449101448059,terrorism,1961-1980,CBOW,131
air_strikes,0.4232272207736969,terrorism,1961-1980,CBOW,132
greece_premier,0.4226590692996979,terrorism,1961-1980,CBOW,133
antiterrorist_campaign,0.4226427376270294,terrorism,1961-1980,CBOW,134
jealousy,0.4225177466869354,terrorism,1961-1980,CBOW,135
vicious_circle,0.42220771312713623,terrorism,1961-1980,CBOW,136
oxide,0.42219337821006775,terrorism,1961-1980,CBOW,137
negro_demonstrator,0.42203763127326965,terrorism,1961-1980,CBOW,138
political_agitation,0.4217081665992737,terrorism,1961-1980,CBOW,139
retaliatory,0.42140763998031616,terrorism,1961-1980,CBOW,140
salvador_nicaragua,0.4212898910045624,terrorism,1961-1980,CBOW,141
seymour_top_special,0.42098861932754517,terrorism,1961-1980,CBOW,142
times_cairo,0.42084231972694397,terrorism,1961-1980,CBOW,143
bangkok_thailand,0.4193664789199829,terrorism,1961-1980,CBOW,144
robert_lindsey,0.41910499334335327,terrorism,1961-1980,CBOW,145
hijacking,0.4190025329589844,terrorism,1961-1980,CBOW,146
coming_birmingham,0.41892990469932556,terrorism,1961-1980,CBOW,147
london_dig,0.41872256994247437,terrorism,1961-1980,CBOW,148
angela_southwest_africa,0.4186692237854004,terrorism,1961-1980,CBOW,149
sodden,0.4181532561779022,terrorism,1961-1980,CBOW,150
howe_special_beirut_lebanon,0.4180070161819458,terrorism,1961-1980,CBOW,151
geneva_talks,0.4178622364997864,terrorism,1961-1980,CBOW,152
cyprus,0.4176959693431854,terrorism,1961-1980,CBOW,153
terrorist,0.4176914095878601,terrorism,1961-1980,CBOW,154
munich_west_germany,0.4176054000854492,terrorism,1961-1980,CBOW,155
parades,0.41733047366142273,terrorism,1961-1980,CBOW,156
wee,0.4166637063026428,terrorism,1961-1980,CBOW,157
plague,0.4165761470794678,terrorism,1961-1980,CBOW,158
harassing,0.4165080189704895,terrorism,1961-1980,CBOW,159
external_aggression,0.4163223206996918,terrorism,1961-1980,CBOW,160
editorial_board,0.4162774980068207,terrorism,1961-1980,CBOW,161
raymond_anderson,0.4161403179168701,terrorism,1961-1980,CBOW,162
filling,0.41598108410835266,terrorism,1961-1980,CBOW,163
feet,0.41584375500679016,terrorism,1961-1980,CBOW,164
violence_erupt,0.4157567620277405,terrorism,1961-1980,CBOW,165
pose_serious,0.4154190123081207,terrorism,1961-1980,CBOW,166
stir,0.41521331667900085,terrorism,1961-1980,CBOW,167
hussein,0.4146483242511749,terrorism,1961-1980,CBOW,168
curbs,0.41439321637153625,terrorism,1961-1980,CBOW,169
hague,0.41429516673088074,terrorism,1961-1980,CBOW,170
alvin,0.41426560282707214,terrorism,1961-1980,CBOW,171
relatively_calm,0.41386139392852783,terrorism,1961-1980,CBOW,172
terror_suspect,0.41377440094947815,terrorism,1961-1980,CBOW,173
doses,0.41332584619522095,terrorism,1961-1980,CBOW,174
fight_survival,0.41304323077201843,terrorism,1961-1980,CBOW,175
outburst_violence,0.4130191504955292,terrorism,1961-1980,CBOW,176
counterterror,0.41218772530555725,terrorism,1961-1980,CBOW,177
speech_parliament,0.41198602318763733,terrorism,1961-1980,CBOW,178
refusal_extradite,0.4119623005390167,terrorism,1961-1980,CBOW,179
lawrence_arabia,0.4115636348724365,terrorism,1961-1980,CBOW,180
dy,0.4112628102302551,terrorism,1961-1980,CBOW,181
gunmen,0.41124024987220764,terrorism,1961-1980,CBOW,182
diet_vol_maria,0.4107888638973236,terrorism,1961-1980,CBOW,183
death_destruction,0.41029825806617737,terrorism,1961-1980,CBOW,184
increase_frequency,0.4102102220058441,terrorism,1961-1980,CBOW,185
guatemala_guatemala,0.4101743996143341,terrorism,1961-1980,CBOW,186
dublin_irish,0.40965956449508667,terrorism,1961-1980,CBOW,187
aggression_venezuela,0.4095918536186218,terrorism,1961-1980,CBOW,188
ceylon,0.4095763862133026,terrorism,1961-1980,CBOW,189
crackdown,0.40887513756752014,terrorism,1961-1980,CBOW,190
arm_embargo,0.4087049961090088,terrorism,1961-1980,CBOW,191
vienna_dec,0.40853339433670044,terrorism,1961-1980,CBOW,192
ones,0.4084114730358124,terrorism,1961-1980,CBOW,193
tough_measure,0.40803593397140503,terrorism,1961-1980,CBOW,194
terror_tactic,0.40781861543655396,terrorism,1961-1980,CBOW,195
editor_ironic,0.4077554941177368,terrorism,1961-1980,CBOW,196
court_hearing,0.40770700573921204,terrorism,1961-1980,CBOW,197
buoy,0.4075845181941986,terrorism,1961-1980,CBOW,198
malcolm_browne,0.40725934505462646,terrorism,1961-1980,CBOW,199
policeman_slain,0.4072081446647644,terrorism,1961-1980,CBOW,200
martin_arnold,0.40673696994781494,terrorism,1961-1980,CBOW,201
cruel_inhuman,0.4065338373184204,terrorism,1961-1980,CBOW,202
british_guiana,0.4065209627151489,terrorism,1961-1980,CBOW,203
latin_quarter,0.4063979685306549,terrorism,1961-1980,CBOW,204
execute_firing_squad,0.4063352346420288,terrorism,1961-1980,CBOW,205
petal,0.40585216879844666,terrorism,1961-1980,CBOW,206
protest_execution,0.40564024448394775,terrorism,1961-1980,CBOW,207
partial_law,0.40559765696525574,terrorism,1961-1980,CBOW,208
santa_cruz,0.405426949262619,terrorism,1961-1980,CBOW,209
paris_president_salle,0.4054016172885895,terrorism,1961-1980,CBOW,210
georgetown_british_guiana,0.40535080432891846,terrorism,1961-1980,CBOW,211
stores,0.40533557534217834,terrorism,1961-1980,CBOW,212
robert_hershey,0.4045909345149994,terrorism,1961-1980,CBOW,213
barn,0.40454158186912537,terrorism,1961-1980,CBOW,214
une,0.4045340418815613,terrorism,1961-1980,CBOW,215
resorted,0.4042164981365204,terrorism,1961-1980,CBOW,216
buenos_air_keep,0.4039211869239807,terrorism,1961-1980,CBOW,217
amman_jordan,0.4038686454296112,terrorism,1961-1980,CBOW,218
rome_italy,0.40376049280166626,terrorism,1961-1980,CBOW,219
eric_pace,0.4037037789821625,terrorism,1961-1980,CBOW,220
council_adjourn,0.40353989601135254,terrorism,1961-1980,CBOW,221
developments,0.40341341495513916,terrorism,1961-1980,CBOW,222
vitriol,0.4032352566719055,terrorism,1961-1980,CBOW,223
chancellor_silly_grand,0.4032239615917206,terrorism,1961-1980,CBOW,224
parley,0.4028664529323578,terrorism,1961-1980,CBOW,225
syrian_intervention,0.4027891159057617,terrorism,1961-1980,CBOW,226
upd,0.40269526839256287,terrorism,1961-1980,CBOW,227
attempt_coup,0.40225648880004883,terrorism,1961-1980,CBOW,228
aggravate_tension,0.40200039744377136,terrorism,1961-1980,CBOW,229
commons_debate,0.4017840027809143,terrorism,1961-1980,CBOW,230
act_sabotage,0.40120503306388855,terrorism,1961-1980,CBOW,231
puerto_rican,0.4011666476726532,terrorism,1961-1980,CBOW,232
anglican_mean,0.40067026019096375,terrorism,1961-1980,CBOW,233
coldness,0.4004960358142853,terrorism,1961-1980,CBOW,234
protestant_woman_catholics,0.4002726376056671,terrorism,1961-1980,CBOW,235
salisbury_web,0.4000360369682312,terrorism,1961-1980,CBOW,236
scranton,0.39990222454071045,terrorism,1961-1980,CBOW,237
vigorous_action,0.39974454045295715,terrorism,1961-1980,CBOW,238
times_pe,0.3997032344341278,terrorism,1961-1980,CBOW,239
military_superiority,0.3994533121585846,terrorism,1961-1980,CBOW,240
spillover,0.39866912364959717,terrorism,1961-1980,CBOW,241
revising,0.3984939157962799,terrorism,1961-1980,CBOW,242
impose_censorship,0.3982583284378052,terrorism,1961-1980,CBOW,243
special_times_san_francisco,0.39823153614997864,terrorism,1961-1980,CBOW,244
clair_sterling,0.39816737174987793,terrorism,1961-1980,CBOW,245
antisemitic,0.3979603052139282,terrorism,1961-1980,CBOW,246
belfast_northern_ireland,0.3978782594203949,terrorism,1961-1980,CBOW,247
quebec_premier,0.3976573050022125,terrorism,1961-1980,CBOW,248
bald,0.3976408839225769,terrorism,1961-1980,CBOW,249
times_pal,0.39754289388656616,terrorism,1961-1980,CBOW,250
dat,0.39753586053848267,terrorism,1961-1980,CBOW,251
communal_violence,0.3975060284137726,terrorism,1961-1980,CBOW,252
turin_italy,0.3972753882408142,terrorism,1961-1980,CBOW,253
reach_peak,0.39711418747901917,terrorism,1961-1980,CBOW,254
egypt_tibia,0.39709073305130005,terrorism,1961-1980,CBOW,255
santiago_dec,0.39704254269599915,terrorism,1961-1980,CBOW,256
patriotic_front_joshua_domo,0.3969725966453552,terrorism,1961-1980,CBOW,257
allot_drive,0.3969009518623352,terrorism,1961-1980,CBOW,258
royal_palace,0.39665883779525757,terrorism,1961-1980,CBOW,259
salisbury_zimbabwe,0.3964499533176422,terrorism,1961-1980,CBOW,260
unable_cope,0.39614444971084595,terrorism,1961-1980,CBOW,261
abduct_german_industrialism,0.3961105942726135,terrorism,1961-1980,CBOW,262
pakistan_india,0.3960302174091339,terrorism,1961-1980,CBOW,263
salt,0.39591559767723083,terrorism,1961-1980,CBOW,264
henry_special_times_salisbury,0.39559000730514526,terrorism,1961-1980,CBOW,265
caracas_venezuela_sov,0.3946659564971924,terrorism,1961-1980,CBOW,266
southw,0.3946596682071686,terrorism,1961-1980,CBOW,267
suddenly_become,0.3944411873817444,terrorism,1961-1980,CBOW,268
petitioning,0.3942820429801941,terrorism,1961-1980,CBOW,269
yemen,0.394061803817749,terrorism,1961-1980,CBOW,270
william_farrell_special_times,0.3936521112918854,terrorism,1961-1980,CBOW,271
humored,0.3931427001953125,terrorism,1961-1980,CBOW,272
lebanese_coast,0.39257511496543884,terrorism,1961-1980,CBOW,273
express_horror,0.39245375990867615,terrorism,1961-1980,CBOW,274
miami,0.39200592041015625,terrorism,1961-1980,CBOW,275
jonathan_times_times,0.39196476340293884,terrorism,1961-1980,CBOW,276
drummond_ayre_special,0.3919035494327545,terrorism,1961-1980,CBOW,277
predawn,0.39173904061317444,terrorism,1961-1980,CBOW,278
prayers,0.39168670773506165,terrorism,1961-1980,CBOW,279
black_nationalists,0.3916099965572357,terrorism,1961-1980,CBOW,280
groups,0.39158862829208374,terrorism,1961-1980,CBOW,281
bangkok_thailand_sov,0.39158397912979126,terrorism,1961-1980,CBOW,282
bring_death_toll,0.39148712158203125,terrorism,1961-1980,CBOW,283
jerusalem_dec,0.39101967215538025,terrorism,1961-1980,CBOW,284
lisbon,0.3908737003803253,terrorism,1961-1980,CBOW,285
hack_japanese_airline,0.3904639482498169,terrorism,1961-1980,CBOW,286
gilt_barbara_plain,0.39020195603370667,terrorism,1961-1980,CBOW,287
secession,0.389507532119751,terrorism,1961-1980,CBOW,288
asian,0.38934326171875,terrorism,1961-1980,CBOW,289
comb_explode,0.3891611397266388,terrorism,1961-1980,CBOW,290
rioting_break,0.3890228569507599,terrorism,1961-1980,CBOW,291
resign_amid,0.38890573382377625,terrorism,1961-1980,CBOW,292
clot_overthrow,0.38842329382896423,terrorism,1961-1980,CBOW,293
tel_aviv_israel,0.3882976472377777,terrorism,1961-1980,CBOW,294
franco_decree,0.38826054334640503,terrorism,1961-1980,CBOW,295
fernando_merry,0.38816848397254944,terrorism,1961-1980,CBOW,296
addis_ababa_ethiopia,0.3879946768283844,terrorism,1961-1980,CBOW,297
slaying,0.3879778981208801,terrorism,1961-1980,CBOW,298
paris_sov,0.3879603445529938,terrorism,1961-1980,CBOW,299
ast,0.3878839612007141,terrorism,1961-1980,CBOW,300
violent_protest,0.3877943754196167,terrorism,1961-1980,CBOW,301
troops_lebanon,0.38756608963012695,terrorism,1961-1980,CBOW,302
racial_violence,0.3874835968017578,terrorism,1961-1980,CBOW,303
sectarian_violence,0.38709473609924316,terrorism,1961-1980,CBOW,304
heavy_toll,0.386954128742218,terrorism,1961-1980,CBOW,305
violent_reprisal,0.3867620825767517,terrorism,1961-1980,CBOW,306
separatist_movement,0.38630416989326477,terrorism,1961-1980,CBOW,307
une_payment,0.38607731461524963,terrorism,1961-1980,CBOW,308
famous_unrest,0.38604193925857544,terrorism,1961-1980,CBOW,309
terrorize,0.3859822750091553,terrorism,1961-1980,CBOW,310
lee,0.3858974575996399,terrorism,1961-1980,CBOW,311
ana,0.3858124613761902,terrorism,1961-1980,CBOW,312
tumult,0.3856416642665863,terrorism,1961-1980,CBOW,313
anthony_ripley,0.38547903299331665,terrorism,1961-1980,CBOW,314
subversion_sabotage,0.38546401262283325,terrorism,1961-1980,CBOW,315
diplomats,0.3851390480995178,terrorism,1961-1980,CBOW,316
stir_unrest,0.3845113515853882,terrorism,1961-1980,CBOW,317
spain,0.38449952006340027,terrorism,1961-1980,CBOW,318
nationwide_search,0.3843577206134796,terrorism,1961-1980,CBOW,319
nl,0.3842903971672058,terrorism,1961-1980,CBOW,320
appeal_clemency,0.3836894631385803,terrorism,1961-1980,CBOW,321
turnout,0.38364341855049133,terrorism,1961-1980,CBOW,322
special_times_johannesburg,0.38343727588653564,terrorism,1961-1980,CBOW,323
american_diplomats,0.3833078444004059,terrorism,1961-1980,CBOW,324
nations_web,0.38311490416526794,terrorism,1961-1980,CBOW,325
judith_miller,0.3830750584602356,terrorism,1961-1980,CBOW,326
soviet_invasion,0.3828805983066559,terrorism,1961-1980,CBOW,327
recur,0.38280627131462097,terrorism,1961-1980,CBOW,328
catch_middle,0.3827258050441742,terrorism,1961-1980,CBOW,329
sabotage,0.38249537348747253,terrorism,1961-1980,CBOW,330
contemporary_society,0.38225018978118896,terrorism,1961-1980,CBOW,331
political_turmoil,0.382204532623291,terrorism,1961-1980,CBOW,332
reprisal_raid,0.3820003271102905,terrorism,1961-1980,CBOW,333
bite,0.3816036880016327,terrorism,1961-1980,CBOW,334
express_dismay,0.38159337639808655,terrorism,1961-1980,CBOW,335
rome_web,0.38153985142707825,terrorism,1961-1980,CBOW,336
widely_believe,0.3812280595302582,terrorism,1961-1980,CBOW,337
run_proquest_historical_summary,0.3812035918235779,terrorism,1961-1980,CBOW,338
zambia,0.38092029094696045,terrorism,1961-1980,CBOW,339
aunt,0.38073766231536865,terrorism,1961-1980,CBOW,340
exodus,0.38069185614585876,terrorism,1961-1980,CBOW,341
foreigners,0.3805295526981354,terrorism,1961-1980,CBOW,342
crowd_shout,0.38013848662376404,terrorism,1961-1980,CBOW,343
white_supremacist,0.38001784682273865,terrorism,1961-1980,CBOW,344
stuttgart_west_germany,0.3797067701816559,terrorism,1961-1980,CBOW,345
bedevil,0.37946268916130066,terrorism,1961-1980,CBOW,346
passage_resolution,0.37940332293510437,terrorism,1961-1980,CBOW,347
white_knight,0.3791518807411194,terrorism,1961-1980,CBOW,348
thomas_hamilton,0.37914082407951355,terrorism,1961-1980,CBOW,349
liberal_leftist,0.3789823055267334,terrorism,1961-1980,CBOW,350
times_belfast_northern_ireland,0.37897181510925293,terrorism,1961-1980,CBOW,351
gilt_times,0.37821152806282043,terrorism,1961-1980,CBOW,352
concerted,0.3781617283821106,terrorism,1961-1980,CBOW,353
instigate,0.3780580759048462,terrorism,1961-1980,CBOW,354
chaos,0.3780497610569,terrorism,1961-1980,CBOW,355
gerald_fraser,0.37754732370376587,terrorism,1961-1980,CBOW,356
violent_tactic,0.3767687976360321,terrorism,1961-1980,CBOW,357
declare_siege,0.3765980303287506,terrorism,1961-1980,CBOW,358
eh,0.37624621391296387,terrorism,1961-1980,CBOW,359
dislike_archbishop,0.3760417401790619,terrorism,1961-1980,CBOW,360
whiff,0.3756374418735504,terrorism,1961-1980,CBOW,361
filipino,0.37552955746650696,terrorism,1961-1980,CBOW,362
kidnap_subsequent,0.37523725628852844,terrorism,1961-1980,CBOW,363
terror_squad,0.3750942647457123,terrorism,1961-1980,CBOW,364
key_biscayne,0.37497207522392273,terrorism,1961-1980,CBOW,365
coming_shoot,0.37493979930877686,terrorism,1961-1980,CBOW,366
helena,0.37480849027633667,terrorism,1961-1980,CBOW,367
particularly_disturb,0.3748064637184143,terrorism,1961-1980,CBOW,368
jonathan_special_bueno_air,0.37466949224472046,terrorism,1961-1980,CBOW,369
popular_unrest,0.3745265305042267,terrorism,1961-1980,CBOW,370
srs,0.37442144751548767,terrorism,1961-1980,CBOW,371
afar_sudan,0.37438368797302246,terrorism,1961-1980,CBOW,372
dio,0.374360054731369,terrorism,1961-1980,CBOW,373
run_wild,0.3742693066596985,terrorism,1961-1980,CBOW,374
election_james_markham,0.37408730387687683,terrorism,1961-1980,CBOW,375
atrocity_commit,0.37403836846351624,terrorism,1961-1980,CBOW,376
accuse_involvement,0.37401658296585083,terrorism,1961-1980,CBOW,377
murder_arson,0.3738899230957031,terrorism,1961-1980,CBOW,378
strong_condemnation,0.3737946152687073,terrorism,1961-1980,CBOW,379
campus,0.3737381398677826,terrorism,1961-1980,CBOW,380
fullscale,0.3737165927886963,terrorism,1961-1980,CBOW,381
rife,0.3736911416053772,terrorism,1961-1980,CBOW,382
seoul,0.37365254759788513,terrorism,1961-1980,CBOW,383
nixon,0.37359893321990967,terrorism,1961-1980,CBOW,384
articular,0.37343597412109375,terrorism,1961-1980,CBOW,385
neo,0.3733329474925995,terrorism,1961-1980,CBOW,386
stay_calm,0.37327051162719727,terrorism,1961-1980,CBOW,387
puerto,0.3731955587863922,terrorism,1961-1980,CBOW,388
angela_angela,0.37309423089027405,terrorism,1961-1980,CBOW,389
sectarian_murder,0.37296053767204285,terrorism,1961-1980,CBOW,390
roy,0.37286725640296936,terrorism,1961-1980,CBOW,391
sss,0.37283486127853394,terrorism,1961-1980,CBOW,392
distribute_leaflet,0.3728317320346832,terrorism,1961-1980,CBOW,393
holdup,0.37275445461273193,terrorism,1961-1980,CBOW,394
seoul_south,0.37271690368652344,terrorism,1961-1980,CBOW,395
strident,0.3726913630962372,terrorism,1961-1980,CBOW,396
thai,0.3726688027381897,terrorism,1961-1980,CBOW,397
kenya,0.37264591455459595,terrorism,1961-1980,CBOW,398
istanbul_turkey,0.3726048171520233,terrorism,1961-1980,CBOW,399
avoid_repetition,0.37260469794273376,terrorism,1961-1980,CBOW,400
torture_repression,0.372450053691864,terrorism,1961-1980,CBOW,401
shock_wave,0.3721258044242859,terrorism,1961-1980,CBOW,402
guerrilla_activity,0.3719084560871124,terrorism,1961-1980,CBOW,403
huge_demonstration,0.3717952072620392,terrorism,1961-1980,CBOW,404
british_colony,0.3717556595802307,terrorism,1961-1980,CBOW,405
nichola_gage,0.37154290080070496,terrorism,1961-1980,CBOW,406
rise_incidence,0.37145859003067017,terrorism,1961-1980,CBOW,407
trial_adjourn,0.37138769030570984,terrorism,1961-1980,CBOW,408
strauss,0.37136930227279663,terrorism,1961-1980,CBOW,409
hint,0.37136125564575195,terrorism,1961-1980,CBOW,410
rise_tide,0.37131932377815247,terrorism,1961-1980,CBOW,411
sheen,0.3712068200111389,terrorism,1961-1980,CBOW,412
san_salvador,0.371146559715271,terrorism,1961-1980,CBOW,413
ceasefire_effect,0.3709506690502167,terrorism,1961-1980,CBOW,414
incur_bent,0.37089240550994873,terrorism,1961-1980,CBOW,415
hanoi,0.37067562341690063,terrorism,1961-1980,CBOW,416
salisbury_letter,0.3706618845462799,terrorism,1961-1980,CBOW,417
john_porter,0.37056082487106323,terrorism,1961-1980,CBOW,418
killing,0.370542973279953,terrorism,1961-1980,CBOW,419
paz_bolivia,0.37045612931251526,terrorism,1961-1980,CBOW,420
injure_comb,0.3704541027545929,terrorism,1961-1980,CBOW,421
geneva_dec,0.3704407215118408,terrorism,1961-1980,CBOW,422
leftists,0.3702728748321533,terrorism,1961-1980,CBOW,423
massacre_el_iv,0.37025195360183716,terrorism,1961-1980,CBOW,424
dresses,0.37023797631263733,terrorism,1961-1980,CBOW,425
physical_violence,0.37006741762161255,terrorism,1961-1980,CBOW,426
speakers,0.36987924575805664,terrorism,1961-1980,CBOW,427
richard_special_caracas,0.3698346018791199,terrorism,1961-1980,CBOW,428
reinforcement_send,0.369780957698822,terrorism,1961-1980,CBOW,429
punitive_action,0.36954739689826965,terrorism,1961-1980,CBOW,430
mt,0.3694968819618225,terrorism,1961-1980,CBOW,431
special_times_santo_domingo,0.36948731541633606,terrorism,1961-1980,CBOW,432
veto_resolution,0.36940979957580566,terrorism,1961-1980,CBOW,433
radicalization,0.3692161440849304,terrorism,1961-1980,CBOW,434
pacific_coast,0.36907896399497986,terrorism,1961-1980,CBOW,435
murder_israel_athletes,0.3689359128475189,terrorism,1961-1980,CBOW,436
tat,0.36886313557624817,terrorism,1961-1980,CBOW,437
thomson,0.36881932616233826,terrorism,1961-1980,CBOW,438
anthony_lewis_special_times,0.36863139271736145,terrorism,1961-1980,CBOW,439
dublin_dig,0.36850252747535706,terrorism,1961-1980,CBOW,440
come_fore,0.3683236837387085,terrorism,1961-1980,CBOW,441
sub_version,0.36821994185447693,terrorism,1961-1980,CBOW,442
steven_times_proquest,0.3680884540081024,terrorism,1961-1980,CBOW,443
deny_connection,0.36796462535858154,terrorism,1961-1980,CBOW,444
hunted,0.3678329885005951,terrorism,1961-1980,CBOW,445
madrid_dec,0.3677012622356415,terrorism,1961-1980,CBOW,446
vote_fraud,0.36768707633018494,terrorism,1961-1980,CBOW,447
georgetown,0.36767518520355225,terrorism,1961-1980,CBOW,448
remain_tense,0.3673279285430908,terrorism,1961-1980,CBOW,449
iran,0.36703622341156006,terrorism,1961-1980,CBOW,450
croatian_community,0.3668917417526245,terrorism,1961-1980,CBOW,451
cairo_dig,0.36682894825935364,terrorism,1961-1980,CBOW,452
warrior_christ_king,0.36681804060935974,terrorism,1961-1980,CBOW,453
foment,0.36680468916893005,terrorism,1961-1980,CBOW,454
southern_outskirt,0.36663663387298584,terrorism,1961-1980,CBOW,455
conspiracy_overthrow,0.3666233718395233,terrorism,1961-1980,CBOW,456
cold_water,0.3665931820869446,terrorism,1961-1980,CBOW,457
sre,0.3665807843208313,terrorism,1961-1980,CBOW,458
bases,0.36644408106803894,terrorism,1961-1980,CBOW,459
seymour_top,0.3662402331829071,terrorism,1961-1980,CBOW,460
presumptive_strike_guerrilla,0.36608070135116577,terrorism,1961-1980,CBOW,461
rodrigo,0.36603134870529175,terrorism,1961-1980,CBOW,462
flush_fund,0.3657626807689667,terrorism,1961-1980,CBOW,463
rights,0.36573562026023865,terrorism,1961-1980,CBOW,464
uprising,0.36555540561676025,terrorism,1961-1980,CBOW,465
instigator,0.365526020526886,terrorism,1961-1980,CBOW,466
internal_subversion,0.3654867112636566,terrorism,1961-1980,CBOW,467
angry_reaction,0.36543816328048706,terrorism,1961-1980,CBOW,468
west_german_embassy_stockholm,0.36537036299705505,terrorism,1961-1980,CBOW,469
sleep_beauty,0.3653557598590851,terrorism,1961-1980,CBOW,470
documentary_film,0.3653266429901123,terrorism,1961-1980,CBOW,471
hunger_striker,0.3653201758861542,terrorism,1961-1980,CBOW,472
outrage,0.36527249217033386,terrorism,1961-1980,CBOW,473
borne,0.36527019739151,terrorism,1961-1980,CBOW,474
uprise,0.3650968372821808,terrorism,1961-1980,CBOW,475
vain_attempt,0.36472246050834656,terrorism,1961-1980,CBOW,476
algiers_web,0.36451271176338196,terrorism,1961-1980,CBOW,477
hoover,0.7011417746543884,terrorism,1961-1980,SkipGram,1
mideast,0.5395156741142273,terrorism,1961-1980,SkipGram,2
terror,0.5308381915092468,terrorism,1961-1980,SkipGram,3
pact,0.5066750049591064,terrorism,1961-1980,SkipGram,4
rancor,0.5035735964775085,terrorism,1961-1980,SkipGram,5
campus,0.5018730759620667,terrorism,1961-1980,SkipGram,6
curfew_impose,0.49429571628570557,terrorism,1961-1980,SkipGram,7
bombing,0.49402403831481934,terrorism,1961-1980,SkipGram,8
trial_adjourn,0.48770004510879517,terrorism,1961-1980,SkipGram,9
leftist_rightist,0.48734399676322937,terrorism,1961-1980,SkipGram,10
violence,0.4847182035446167,terrorism,1961-1980,SkipGram,11
attacks,0.4837893545627594,terrorism,1961-1980,SkipGram,12
yugoslavia,0.4800938069820404,terrorism,1961-1980,SkipGram,13
increase_frequency,0.47369733452796936,terrorism,1961-1980,SkipGram,14
basque,0.4729069769382477,terrorism,1961-1980,SkipGram,15
suspend_constitutional_guarantee,0.4717063009738922,terrorism,1961-1980,SkipGram,16
committee_colonialism,0.4690137803554535,terrorism,1961-1980,SkipGram,17
terrorist,0.4646482765674591,terrorism,1961-1980,SkipGram,18
strife,0.4646041691303253,terrorism,1961-1980,SkipGram,19
oran,0.45873451232910156,terrorism,1961-1980,SkipGram,20
british_aden,0.4587238132953644,terrorism,1961-1980,SkipGram,21
bad_feeling,0.457643985748291,terrorism,1961-1980,SkipGram,22
bahama,0.45668476819992065,terrorism,1961-1980,SkipGram,23
pretoria_south_africa,0.4556620419025421,terrorism,1961-1980,SkipGram,24
guerrilla_incursion,0.4555026590824127,terrorism,1961-1980,SkipGram,25
prison_mutiny,0.45204368233680725,terrorism,1961-1980,SkipGram,26
stir_debate,0.4511294364929199,terrorism,1961-1980,SkipGram,27
disrupt_funeral,0.45081040263175964,terrorism,1961-1980,SkipGram,28
israeli,0.4493313431739807,terrorism,1961-1980,SkipGram,29
deaths,0.4492762088775635,terrorism,1961-1980,SkipGram,30
feud,0.447672039270401,terrorism,1961-1980,SkipGram,31
face_death_penalty,0.44627946615219116,terrorism,1961-1980,SkipGram,32
arabs,0.44413769245147705,terrorism,1961-1980,SkipGram,33
prayers,0.4439917206764221,terrorism,1961-1980,SkipGram,34
dentist_agitation,0.4436684250831604,terrorism,1961-1980,SkipGram,35
massacre_munich,0.44234615564346313,terrorism,1961-1980,SkipGram,36
curbs,0.4411805272102356,terrorism,1961-1980,SkipGram,37
walkout,0.4399890601634979,terrorism,1961-1980,SkipGram,38
cape_town,0.4390794634819031,terrorism,1961-1980,SkipGram,39
rightist,0.43861889839172363,terrorism,1961-1980,SkipGram,40
oppressive_measure,0.43799030780792236,terrorism,1961-1980,SkipGram,41
angola,0.4375826418399811,terrorism,1961-1980,SkipGram,42
san_juan,0.437385618686676,terrorism,1961-1980,SkipGram,43
hijack,0.43682795763015747,terrorism,1961-1980,SkipGram,44
dresses,0.43464425206184387,terrorism,1961-1980,SkipGram,45
argentine,0.43437355756759644,terrorism,1961-1980,SkipGram,46
franco_decree,0.433726042509079,terrorism,1961-1980,SkipGram,47
jonathan_special,0.43324875831604004,terrorism,1961-1980,SkipGram,48
wave_violence,0.43300697207450867,terrorism,1961-1980,SkipGram,49
premier_pagan,0.4326430559158325,terrorism,1961-1980,SkipGram,50
bail_defendant,0.4323064386844635,terrorism,1961-1980,SkipGram,51
annex_territory,0.4322730302810669,terrorism,1961-1980,SkipGram,52
caracas_venezuela_dec,0.43202877044677734,terrorism,1961-1980,SkipGram,53
algerian_exodus,0.43199872970581055,terrorism,1961-1980,SkipGram,54
accuse_clot,0.4319572448730469,terrorism,1961-1980,SkipGram,55
outburst_violence,0.4305559992790222,terrorism,1961-1980,SkipGram,56
olympic_village_munich,0.4272473454475403,terrorism,1961-1980,SkipGram,57
parley,0.4267897605895996,terrorism,1961-1980,SkipGram,58
slaying,0.42573657631874084,terrorism,1961-1980,SkipGram,59
unrest,0.42508700489997864,terrorism,1961-1980,SkipGram,60
rad,0.42488789558410645,terrorism,1961-1980,SkipGram,61
restore_calm,0.4248853027820587,terrorism,1961-1980,SkipGram,62
roberts_special,0.4247964322566986,terrorism,1961-1980,SkipGram,63
clashes,0.42428386211395264,terrorism,1961-1980,SkipGram,64
richard,0.42337051033973694,terrorism,1961-1980,SkipGram,65
playing,0.4233624041080475,terrorism,1961-1980,SkipGram,66
hussein,0.4233182370662689,terrorism,1961-1980,SkipGram,67
virtual_siege,0.42248812317848206,terrorism,1961-1980,SkipGram,68
exodus,0.4220908284187317,terrorism,1961-1980,SkipGram,69
madrid_james_markham,0.42203786969184875,terrorism,1961-1980,SkipGram,70
jews,0.42184028029441833,terrorism,1961-1980,SkipGram,71
bite,0.42164501547813416,terrorism,1961-1980,SkipGram,72
rosier,0.42075079679489136,terrorism,1961-1980,SkipGram,73
puerto_rican,0.4182976484298706,terrorism,1961-1980,SkipGram,74
despicable_act,0.4182519018650055,terrorism,1961-1980,SkipGram,75
intensive_investigation,0.4180923402309418,terrorism,1961-1980,SkipGram,76
muscat,0.4176065921783447,terrorism,1961-1980,SkipGram,77
terrorist_activity,0.4172699749469757,terrorism,1961-1980,SkipGram,78
dec_upi,0.4172688126564026,terrorism,1961-1980,SkipGram,79
curve,0.417169451713562,terrorism,1961-1980,SkipGram,80
vain_attempt,0.41702038049697876,terrorism,1961-1980,SkipGram,81
milan_italy,0.41588830947875977,terrorism,1961-1980,SkipGram,82
santo_domingo_dominican_republic,0.41581717133522034,terrorism,1961-1980,SkipGram,83
jerusalem_dec,0.41579923033714294,terrorism,1961-1980,SkipGram,84
coming_birmingham,0.4156045615673065,terrorism,1961-1980,SkipGram,85
editorial_board,0.4154590964317322,terrorism,1961-1980,SkipGram,86
sharpen,0.4151531457901001,terrorism,1961-1980,SkipGram,87
predawn,0.4149726331233978,terrorism,1961-1980,SkipGram,88
senate_panel,0.4146544933319092,terrorism,1961-1980,SkipGram,89
catch_guard,0.41389206051826477,terrorism,1961-1980,SkipGram,90
dayan,0.4136975407600403,terrorism,1961-1980,SkipGram,91
alvin,0.41333872079849243,terrorism,1961-1980,SkipGram,92
peril,0.41322025656700134,terrorism,1961-1980,SkipGram,93
renew_violence,0.41256949305534363,terrorism,1961-1980,SkipGram,94
retaliatory,0.4125276505947113,terrorism,1961-1980,SkipGram,95
england_tale,0.4123167395591736,terrorism,1961-1980,SkipGram,96
internal_weakness,0.41212427616119385,terrorism,1961-1980,SkipGram,97
fernando_merry,0.4119395911693573,terrorism,1961-1980,SkipGram,98
lead_afrikaans,0.4118965268135071,terrorism,1961-1980,SkipGram,99
sarawak,0.4116022288799286,terrorism,1961-1980,SkipGram,100
lima_peru,0.4115174114704132,terrorism,1961-1980,SkipGram,101
pessimistic,0.41100090742111206,terrorism,1961-1980,SkipGram,102
ferocity,0.41083985567092896,terrorism,1961-1980,SkipGram,103
alto,0.4105939269065857,terrorism,1961-1980,SkipGram,104
deride,0.4105210304260254,terrorism,1961-1980,SkipGram,105
speakers,0.4098649322986603,terrorism,1961-1980,SkipGram,106
stem,0.409587562084198,terrorism,1961-1980,SkipGram,107
puerto,0.4094860553741455,terrorism,1961-1980,SkipGram,108
sov_letter,0.40905874967575073,terrorism,1961-1980,SkipGram,109
kidnappers,0.4089093804359436,terrorism,1961-1980,SkipGram,110
pp_boston_grow,0.4085645079612732,terrorism,1961-1980,SkipGram,111
terrorists,0.40819981694221497,terrorism,1961-1980,SkipGram,112
rebels,0.4081520140171051,terrorism,1961-1980,SkipGram,113
thai,0.40778085589408875,terrorism,1961-1980,SkipGram,114
famous_unrest,0.40758216381073,terrorism,1961-1980,SkipGram,115
geneva_talks,0.4073275327682495,terrorism,1961-1980,SkipGram,116
kingston_jamaica,0.40683713555336,terrorism,1961-1980,SkipGram,117
anglican_mean,0.40674296021461487,terrorism,1961-1980,SkipGram,118
foreign_minister_orlando,0.40654581785202026,terrorism,1961-1980,SkipGram,119
bloodshed,0.40644127130508423,terrorism,1961-1980,SkipGram,120
launch_pad,0.4061851501464844,terrorism,1961-1980,SkipGram,121
edgar_director,0.40591567754745483,terrorism,1961-1980,SkipGram,122
terrorist_attack,0.40545350313186646,terrorism,1961-1980,SkipGram,123
racing,0.40492141246795654,terrorism,1961-1980,SkipGram,124
virtually_everyone,0.40487998723983765,terrorism,1961-1980,SkipGram,125
bueno_air_dec,0.4048458933830261,terrorism,1961-1980,SkipGram,126
algiers_rightist,0.40478605031967163,terrorism,1961-1980,SkipGram,127
policeman_slain,0.4046471416950226,terrorism,1961-1980,SkipGram,128
sanchez,0.4044315814971924,terrorism,1961-1980,SkipGram,129
amid_rumor,0.40436044335365295,terrorism,1961-1980,SkipGram,130
aim_provoke,0.4043397009372711,terrorism,1961-1980,SkipGram,131
court_hearing,0.4038922190666199,terrorism,1961-1980,SkipGram,132
jay_special_times_montreal,0.4037611186504364,terrorism,1961-1980,SkipGram,133
strauss,0.4031877815723419,terrorism,1961-1980,SkipGram,134
special_caracas_venezuela,0.4031608998775482,terrorism,1961-1980,SkipGram,135
filling,0.40286925435066223,terrorism,1961-1980,SkipGram,136
radio_commentator,0.4021018147468567,terrorism,1961-1980,SkipGram,137
coming_attribute,0.4014568328857422,terrorism,1961-1980,SkipGram,138
heat_debate,0.40092602372169495,terrorism,1961-1980,SkipGram,139
gunmen,0.40069371461868286,terrorism,1961-1980,SkipGram,140
warn_danger,0.40060853958129883,terrorism,1961-1980,SkipGram,141
castro,0.40043506026268005,terrorism,1961-1980,SkipGram,142
madrid_sov,0.40028467774391174,terrorism,1961-1980,SkipGram,143
supporters,0.4000275731086731,terrorism,1961-1980,SkipGram,144
die_south_cyril,0.40002450346946716,terrorism,1961-1980,SkipGram,145
terror_tactic,0.3999744951725006,terrorism,1961-1980,SkipGram,146
presidential_election_schedule,0.3998255431652069,terrorism,1961-1980,SkipGram,147
georgetown_british_guiana,0.3995314836502075,terrorism,1961-1980,SkipGram,148
enclave,0.3994554877281189,terrorism,1961-1980,SkipGram,149
johannesburg_south,0.3993872106075287,terrorism,1961-1980,SkipGram,150
terror_henry_tanner,0.39928004145622253,terrorism,1961-1980,SkipGram,151
administer_south_africa,0.3992500901222229,terrorism,1961-1980,SkipGram,152
kuche_malaysia,0.39919036626815796,terrorism,1961-1980,SkipGram,153
refusal_extradite,0.3990097939968109,terrorism,1961-1980,SkipGram,154
william_canton,0.3990030586719513,terrorism,1961-1980,SkipGram,155
problems,0.39886948466300964,terrorism,1961-1980,SkipGram,156
subversion,0.3987720012664795,terrorism,1961-1980,SkipGram,157
santiago_dec,0.398198664188385,terrorism,1961-1980,SkipGram,158
quebec_quebec,0.3974975645542145,terrorism,1961-1980,SkipGram,159
religious_figure,0.3973879814147949,terrorism,1961-1980,SkipGram,160
hint,0.3969056308269501,terrorism,1961-1980,SkipGram,161
tubal,0.39674246311187744,terrorism,1961-1980,SkipGram,162
opponent_apartheid,0.39667925238609314,terrorism,1961-1980,SkipGram,163
srs,0.39657583832740784,terrorism,1961-1980,SkipGram,164
doses,0.39651474356651306,terrorism,1961-1980,SkipGram,165
giants,0.39646878838539124,terrorism,1961-1980,SkipGram,166
algier_rightist,0.3963886499404907,terrorism,1961-1980,SkipGram,167
coincide_anniversary,0.3962472975254059,terrorism,1961-1980,SkipGram,168
curfew,0.3961358964443207,terrorism,1961-1980,SkipGram,169
students_association,0.3957914710044861,terrorism,1961-1980,SkipGram,170
thomas_hamilton,0.3957153856754303,terrorism,1961-1980,SkipGram,171
convulsion,0.39542922377586365,terrorism,1961-1980,SkipGram,172
nations_web,0.3951880633831024,terrorism,1961-1980,SkipGram,173
salvador_nicaragua,0.3951677680015564,terrorism,1961-1980,SkipGram,174
malcolm,0.3951214849948883,terrorism,1961-1980,SkipGram,175
liberal_leftist,0.3949835002422333,terrorism,1961-1980,SkipGram,176
political_discourse,0.39470818638801575,terrorism,1961-1980,SkipGram,177
turnout,0.3945038914680481,terrorism,1961-1980,SkipGram,178
foreseen,0.3944846987724304,terrorism,1961-1980,SkipGram,179
aggravate_tension,0.3941577672958374,terrorism,1961-1980,SkipGram,180
henry_special_times_salisbury,0.39395636320114136,terrorism,1961-1980,SkipGram,181
ardent_supporter,0.39395222067832947,terrorism,1961-1980,SkipGram,182
gilt_barbara_plain,0.39365190267562866,terrorism,1961-1980,SkipGram,183
tide,0.39354872703552246,terrorism,1961-1980,SkipGram,184
retaliatory_maid,0.39281851053237915,terrorism,1961-1980,SkipGram,185
overthrow_dentist,0.39265716075897217,terrorism,1961-1980,SkipGram,186
rise_tension,0.3924475312232971,terrorism,1961-1980,SkipGram,187
commons_debate,0.3923855423927307,terrorism,1961-1980,SkipGram,188
rogue,0.391642689704895,terrorism,1961-1980,SkipGram,189
reprisal,0.3916393518447876,terrorism,1961-1980,SkipGram,190
vex,0.3911268711090088,terrorism,1961-1980,SkipGram,191
algiers_web,0.3909505605697632,terrorism,1961-1980,SkipGram,192
astir,0.39078009128570557,terrorism,1961-1980,SkipGram,193
jakarta,0.39074963331222534,terrorism,1961-1980,SkipGram,194
antagonism_toward,0.3906542658805847,terrorism,1961-1980,SkipGram,195
tel_aviv_israel,0.3906461000442505,terrorism,1961-1980,SkipGram,196
rebel,0.39055588841438293,terrorism,1961-1980,SkipGram,197
lawrence_arabia,0.39006826281547546,terrorism,1961-1980,SkipGram,198
charles,0.38983505964279175,terrorism,1961-1980,SkipGram,199
felix_special_times,0.38980981707572937,terrorism,1961-1980,SkipGram,200
motorize,0.3897828161716461,terrorism,1961-1980,SkipGram,201
opposition_conservative,0.38974297046661377,terrorism,1961-1980,SkipGram,202
rescuer,0.3892449140548706,terrorism,1961-1980,SkipGram,203
increase_vigilance,0.3892400860786438,terrorism,1961-1980,SkipGram,204
oran_algeria,0.3892315924167633,terrorism,1961-1980,SkipGram,205
quebec_premier,0.38910260796546936,terrorism,1961-1980,SkipGram,206
remain_tense,0.3890984356403351,terrorism,1961-1980,SkipGram,207
alvin_times_times_web,0.3888823986053467,terrorism,1961-1980,SkipGram,208
rie,0.3886203169822693,terrorism,1961-1980,SkipGram,209
former_chilean,0.388505756855011,terrorism,1961-1980,SkipGram,210
stir_unrest,0.38842931389808655,terrorism,1961-1980,SkipGram,211
rome_dig,0.38839587569236755,terrorism,1961-1980,SkipGram,212
pierre_elliott,0.38762104511260986,terrorism,1961-1980,SkipGram,213
rightwinger,0.3875379264354706,terrorism,1961-1980,SkipGram,214
cr,0.3874214291572571,terrorism,1961-1980,SkipGram,215
rome_italian,0.38732320070266724,terrorism,1961-1980,SkipGram,216
sentence_commute,0.38715842366218567,terrorism,1961-1980,SkipGram,217
capital_punishment_abolish,0.3869878351688385,terrorism,1961-1980,SkipGram,218
flora_lewis_special,0.3867277204990387,terrorism,1961-1980,SkipGram,219
explode_bomb,0.386707603931427,terrorism,1961-1980,SkipGram,220
modify_martial,0.38630911707878113,terrorism,1961-1980,SkipGram,221
attempt_suppress,0.38597869873046875,terrorism,1961-1980,SkipGram,222
dy,0.3857136368751526,terrorism,1961-1980,SkipGram,223
teenage_girl,0.38548552989959717,terrorism,1961-1980,SkipGram,224
profound_impact,0.3852839767932892,terrorism,1961-1980,SkipGram,225
skeptical,0.38515326380729675,terrorism,1961-1980,SkipGram,226
radicalism,0.3849639296531677,terrorism,1961-1980,SkipGram,227
grant_autonomy,0.3848074674606323,terrorism,1961-1980,SkipGram,228
lawrence_fellows,0.38459867238998413,terrorism,1961-1980,SkipGram,229
che,0.3845921456813812,terrorism,1961-1980,SkipGram,230
fig,0.3844853937625885,terrorism,1961-1980,SkipGram,231
fight_survival,0.3843764662742615,terrorism,1961-1980,SkipGram,232
commute_death_sentence,0.384346067905426,terrorism,1961-1980,SkipGram,233
paris_president_salle,0.38429439067840576,terrorism,1961-1980,SkipGram,234
escalate,0.38423478603363037,terrorism,1961-1980,SkipGram,235
chide,0.38420748710632324,terrorism,1961-1980,SkipGram,236
presumptive_strike_guerrilla,0.38375526666641235,terrorism,1961-1980,SkipGram,237
gerald_fraser,0.3835556209087372,terrorism,1961-1980,SkipGram,238
particularly_disturb,0.3834551274776459,terrorism,1961-1980,SkipGram,239
tension_rise,0.38324251770973206,terrorism,1961-1980,SkipGram,240
interpol_international_police,0.38321563601493835,terrorism,1961-1980,SkipGram,241
discord,0.38315799832344055,terrorism,1961-1980,SkipGram,242
uss,0.38296762108802795,terrorism,1961-1980,SkipGram,243
sss,0.3829621374607086,terrorism,1961-1980,SkipGram,244
forecasting,0.3829493522644043,terrorism,1961-1980,SkipGram,245
turin_italy,0.3828168213367462,terrorism,1961-1980,SkipGram,246
create_chaos,0.38255444169044495,terrorism,1961-1980,SkipGram,247
outbreak,0.38254281878471375,terrorism,1961-1980,SkipGram,248
antiterrorist_campaign,0.38230955600738525,terrorism,1961-1980,SkipGram,249
black_nationalists,0.3822501003742218,terrorism,1961-1980,SkipGram,250
ceylon,0.3822113275527954,terrorism,1961-1980,SkipGram,251
ask,0.38183945417404175,terrorism,1961-1980,SkipGram,252
conspiring,0.38181832432746887,terrorism,1961-1980,SkipGram,253
roy,0.38168635964393616,terrorism,1961-1980,SkipGram,254
att,0.38142192363739014,terrorism,1961-1980,SkipGram,255
raymond_anderson,0.38127270340919495,terrorism,1961-1980,SkipGram,256
communist_subversion,0.38109633326530457,terrorism,1961-1980,SkipGram,257
ulna,0.38074955344200134,terrorism,1961-1980,SkipGram,258
worry,0.38074108958244324,terrorism,1961-1980,SkipGram,259
words,0.38066381216049194,terrorism,1961-1980,SkipGram,260
african_nations,0.38041964173316956,terrorism,1961-1980,SkipGram,261
disputes,0.380136102437973,terrorism,1961-1980,SkipGram,262
patriotic_front_joshua_domo,0.37988385558128357,terrorism,1961-1980,SkipGram,263
considerable_tension,0.37966322898864746,terrorism,1961-1980,SkipGram,264
elia,0.3795812129974365,terrorism,1961-1980,SkipGram,265
eric_pace_special,0.37949448823928833,terrorism,1961-1980,SkipGram,266
julie_dear,0.3792472183704376,terrorism,1961-1980,SkipGram,267
special_times_santo_domingo,0.37894871830940247,terrorism,1961-1980,SkipGram,268
british_guiana,0.37884894013404846,terrorism,1961-1980,SkipGram,269
venezuela_sov,0.3786272406578064,terrorism,1961-1980,SkipGram,270
tumult,0.3785816729068756,terrorism,1961-1980,SkipGram,271
israeli_jet,0.378421813249588,terrorism,1961-1980,SkipGram,272
threats,0.3779802620410919,terrorism,1961-1980,SkipGram,273
punitive_action,0.37792086601257324,terrorism,1961-1980,SkipGram,274
sweep_across,0.3777815103530884,terrorism,1961-1980,SkipGram,275
minister_bryan,0.37771421670913696,terrorism,1961-1980,SkipGram,276
stores,0.37768805027008057,terrorism,1961-1980,SkipGram,277
congo,0.37756621837615967,terrorism,1961-1980,SkipGram,278
spear_nation,0.37744712829589844,terrorism,1961-1980,SkipGram,279
comb_explode,0.37697598338127136,terrorism,1961-1980,SkipGram,280
lunatics,0.3768589198589325,terrorism,1961-1980,SkipGram,281
topic_conversation,0.3766365349292755,terrorism,1961-1980,SkipGram,282
hanoi,0.37660473585128784,terrorism,1961-1980,SkipGram,283
special_buenos,0.3763653039932251,terrorism,1961-1980,SkipGram,284
rates,0.3763125538825989,terrorism,1961-1980,SkipGram,285
dissension,0.3763125240802765,terrorism,1961-1980,SkipGram,286
paz_bolivia,0.37626913189888,terrorism,1961-1980,SkipGram,287
paul,0.37625160813331604,terrorism,1961-1980,SkipGram,288
stringent_measure,0.3761371374130249,terrorism,1961-1980,SkipGram,289
sas,0.3758285641670227,terrorism,1961-1980,SkipGram,290
birmingham_la,0.3757953643798828,terrorism,1961-1980,SkipGram,291
sre,0.3757581412792206,terrorism,1961-1980,SkipGram,292
northernmost_part,0.375498503446579,terrorism,1961-1980,SkipGram,293
martin_arnold,0.37546849250793457,terrorism,1961-1980,SkipGram,294
dublin_sov,0.3752965033054352,terrorism,1961-1980,SkipGram,295
leslie_maitland,0.3751622140407562,terrorism,1961-1980,SkipGram,296
urgent_meeting,0.3750157654285431,terrorism,1961-1980,SkipGram,297
madrid_spanish,0.37499117851257324,terrorism,1961-1980,SkipGram,298
decry,0.37495818734169006,terrorism,1961-1980,SkipGram,299
angela_southwest_africa,0.37483277916908264,terrorism,1961-1980,SkipGram,300
pressed,0.3747420012950897,terrorism,1961-1980,SkipGram,301
repression,0.3745383620262146,terrorism,1961-1980,SkipGram,302
general_vomer,0.3744434118270874,terrorism,1961-1980,SkipGram,303
jerusalem_dig,0.37395039200782776,terrorism,1961-1980,SkipGram,304
indigestion,0.37383517622947693,terrorism,1961-1980,SkipGram,305
panther,0.37382182478904724,terrorism,1961-1980,SkipGram,306
attribute_decline,0.3738138973712921,terrorism,1961-1980,SkipGram,307
acquit,0.37324196100234985,terrorism,1961-1980,SkipGram,308
political_paralysis,0.3732193112373352,terrorism,1961-1980,SkipGram,309
shooting_incident,0.3731870949268341,terrorism,1961-1980,SkipGram,310
spillover,0.373110294342041,terrorism,1961-1980,SkipGram,311
aunt_guerrillas,0.373035192489624,terrorism,1961-1980,SkipGram,312
offer_resignation,0.3728472888469696,terrorism,1961-1980,SkipGram,313
ideas,0.37284374237060547,terrorism,1961-1980,SkipGram,314
sharply,0.3727814853191376,terrorism,1961-1980,SkipGram,315
sown,0.372763067483902,terrorism,1961-1980,SkipGram,316
mayor_tables,0.3726855516433716,terrorism,1961-1980,SkipGram,317
robert_hershey,0.3722676634788513,terrorism,1961-1980,SkipGram,318
settle_dispute,0.37223100662231445,terrorism,1961-1980,SkipGram,319
massacre_el_iv,0.3719959855079651,terrorism,1961-1980,SkipGram,320
enmity,0.37186238169670105,terrorism,1961-1980,SkipGram,321
resolution_sponsor,0.37180009484291077,terrorism,1961-1980,SkipGram,322
savagely,0.3717125952243805,terrorism,1961-1980,SkipGram,323
paris_sov,0.37152108550071716,terrorism,1961-1980,SkipGram,324
rallying,0.37135782837867737,terrorism,1961-1980,SkipGram,325
petal,0.37117916345596313,terrorism,1961-1980,SkipGram,326
director_federal_bureau,0.3707754611968994,terrorism,1961-1980,SkipGram,327
clash_occur,0.3705519735813141,terrorism,1961-1980,SkipGram,328
wave,0.37040823698043823,terrorism,1961-1980,SkipGram,329
strongly_defend,0.3702528476715088,terrorism,1961-1980,SkipGram,330
external_aggression,0.370201975107193,terrorism,1961-1980,SkipGram,331
charge_treason,0.37018975615501404,terrorism,1961-1980,SkipGram,332
deny_connection,0.37013906240463257,terrorism,1961-1980,SkipGram,333
bloody_riot,0.36985135078430176,terrorism,1961-1980,SkipGram,334
radicalization,0.36977842450141907,terrorism,1961-1980,SkipGram,335
islamic_revolution,0.36956873536109924,terrorism,1961-1980,SkipGram,336
come_fore,0.3694337010383606,terrorism,1961-1980,SkipGram,337
palace_justice,0.3693624436855316,terrorism,1961-1980,SkipGram,338
age_mansfield,0.3692764937877655,terrorism,1961-1980,SkipGram,339
eric,0.3691108822822571,terrorism,1961-1980,SkipGram,340
throat,0.3689492344856262,terrorism,1961-1980,SkipGram,341
fitful,0.36883971095085144,terrorism,1961-1980,SkipGram,342
outburst,0.3686157166957855,terrorism,1961-1980,SkipGram,343
police_superintendent,0.36853039264678955,terrorism,1961-1980,SkipGram,344
kennedy,0.3684811592102051,terrorism,1961-1980,SkipGram,345
ast,0.3684552013874054,terrorism,1961-1980,SkipGram,346
commit_murder,0.3682290315628052,terrorism,1961-1980,SkipGram,347
allege_accomplice,0.36804285645484924,terrorism,1961-1980,SkipGram,348
repudiation,0.36785322427749634,terrorism,1961-1980,SkipGram,349
terrorist_organization,0.3677387535572052,terrorism,1961-1980,SkipGram,350
hint_strongly,0.3676545023918152,terrorism,1961-1980,SkipGram,351
mount_wave,0.3674953877925873,terrorism,1961-1980,SkipGram,352
columbia_broadcasting_system,0.36741477251052856,terrorism,1961-1980,SkipGram,353
divisions,0.3673825263977051,terrorism,1961-1980,SkipGram,354
abstain,0.3673066198825836,terrorism,1961-1980,SkipGram,355
dissent,0.36711713671684265,terrorism,1961-1980,SkipGram,356
articular,0.36710023880004883,terrorism,1961-1980,SkipGram,357
sub_version,0.36705413460731506,terrorism,1961-1980,SkipGram,358
leftwe_guerrilla,0.3668856620788574,terrorism,1961-1980,SkipGram,359
angela_angela,0.3665584921836853,terrorism,1961-1980,SkipGram,360
revolt,0.3665419816970825,terrorism,1961-1980,SkipGram,361
scranton,0.36653515696525574,terrorism,1961-1980,SkipGram,362
search_tiller,0.366411954164505,terrorism,1961-1980,SkipGram,363
largely_ignore,0.3660792112350464,terrorism,1961-1980,SkipGram,364
ait,0.3660227656364441,terrorism,1961-1980,SkipGram,365
turk_greek,0.3656133711338043,terrorism,1961-1980,SkipGram,366
huge_rally,0.36536723375320435,terrorism,1961-1980,SkipGram,367
increasingly_violent,0.3653604984283447,terrorism,1961-1980,SkipGram,368
military_superiority,0.3653511703014374,terrorism,1961-1980,SkipGram,369
times_pal,0.36490708589553833,terrorism,1961-1980,SkipGram,370
murder_kidnapping,0.36483410000801086,terrorism,1961-1980,SkipGram,371
abstain_vote,0.3645937144756317,terrorism,1961-1980,SkipGram,372
expulsion,0.36458370089530945,terrorism,1961-1980,SkipGram,373
strongly_criticize,0.36449217796325684,terrorism,1961-1980,SkipGram,374
cairo_dig,0.3644135594367981,terrorism,1961-1980,SkipGram,375
leftists,0.36421987414360046,terrorism,1961-1980,SkipGram,376
unable_cope,0.3641407787799835,terrorism,1961-1980,SkipGram,377
seoul,0.3640442192554474,terrorism,1961-1980,SkipGram,378
hyper_pass,0.36401376128196716,terrorism,1961-1980,SkipGram,379
tel_aviv,0.3638375699520111,terrorism,1961-1980,SkipGram,380
claim_victory,0.36376965045928955,terrorism,1961-1980,SkipGram,381
air_strikes,0.36373984813690186,terrorism,1961-1980,SkipGram,382
yale,0.36373084783554077,terrorism,1961-1980,SkipGram,383
murderous_assault,0.3635217845439911,terrorism,1961-1980,SkipGram,384
avoid_repetition,0.3633413016796112,terrorism,1961-1980,SkipGram,385
dispute_erupt,0.36330318450927734,terrorism,1961-1980,SkipGram,386
social_unrest,0.36330220103263855,terrorism,1961-1980,SkipGram,387
richard_times_proquest,0.3631709814071655,terrorism,1961-1980,SkipGram,388
spindle,0.36313214898109436,terrorism,1961-1980,SkipGram,389
augustine_la,0.36303260922431946,terrorism,1961-1980,SkipGram,390
kidnap_subsequent,0.3629624545574188,terrorism,1961-1980,SkipGram,391
anthony_ripley,0.36283689737319946,terrorism,1961-1980,SkipGram,392
dura_region,0.3628353178501129,terrorism,1961-1980,SkipGram,393
jonathan_special_bueno_air,0.3628283739089966,terrorism,1961-1980,SkipGram,394
firs,0.36281970143318176,terrorism,1961-1980,SkipGram,395
turn_blind_eye,0.3627986013889313,terrorism,1961-1980,SkipGram,396
vicious_circle,0.3627527058124542,terrorism,1961-1980,SkipGram,397
aim_primarily,0.36252766847610474,terrorism,1961-1980,SkipGram,398
venue,0.3623921275138855,terrorism,1961-1980,SkipGram,399
garter_bondage,0.36225295066833496,terrorism,1961-1980,SkipGram,400
mary_breasted,0.36223864555358887,terrorism,1961-1980,SkipGram,401
tough_measure,0.3620675504207611,terrorism,1961-1980,SkipGram,402
proquest_historical_italian,0.36197954416275024,terrorism,1961-1980,SkipGram,403
lighten_control,0.36195170879364014,terrorism,1961-1980,SkipGram,404
sugar_worker,0.3619305491447449,terrorism,1961-1980,SkipGram,405
guerrilla_activity,0.36187759041786194,terrorism,1961-1980,SkipGram,406
olympic_james_montreal,0.3618081510066986,terrorism,1961-1980,SkipGram,407
facing,0.36153632402420044,terrorism,1961-1980,SkipGram,408
guerrilla_infiltration,0.36111629009246826,terrorism,1961-1980,SkipGram,409
messianic,0.36102959513664246,terrorism,1961-1980,SkipGram,410
dress_international,0.3609451949596405,terrorism,1961-1980,SkipGram,411
rival_nationalist,0.3608957529067993,terrorism,1961-1980,SkipGram,412
violent_demonstration,0.360786110162735,terrorism,1961-1980,SkipGram,413
separatist_movement,0.36078590154647827,terrorism,1961-1980,SkipGram,414
prolonged,0.3607204556465149,terrorism,1961-1980,SkipGram,415
ferdinand_marcus,0.3606800138950348,terrorism,1961-1980,SkipGram,416
grave_concern,0.36066338419914246,terrorism,1961-1980,SkipGram,417
folk_hero,0.36064907908439636,terrorism,1961-1980,SkipGram,418
pan,0.36054864525794983,terrorism,1961-1980,SkipGram,419
whereof,0.36036399006843567,terrorism,1961-1980,SkipGram,420
stir,0.3603277802467346,terrorism,1961-1980,SkipGram,421
quebec_separatists,0.36024853587150574,terrorism,1961-1980,SkipGram,422
study_underlying,0.36022132635116577,terrorism,1961-1980,SkipGram,423
major_theme,0.36017048358917236,terrorism,1961-1980,SkipGram,424
nationalist,0.36014413833618164,terrorism,1961-1980,SkipGram,425
casque_activist,0.36011016368865967,terrorism,1961-1980,SkipGram,426
purge,0.3599921762943268,terrorism,1961-1980,SkipGram,427
pressure_mount,0.3599669635295868,terrorism,1961-1980,SkipGram,428
plague,0.3598611652851105,terrorism,1961-1980,SkipGram,429
veto_resolution,0.3598327338695526,terrorism,1961-1980,SkipGram,430
rome_italy,0.35976648330688477,terrorism,1961-1980,SkipGram,431
sores,0.3597395718097687,terrorism,1961-1980,SkipGram,432
senseless_murder,0.35968586802482605,terrorism,1961-1980,SkipGram,433
con_den,0.359670490026474,terrorism,1961-1980,SkipGram,434
zambia,0.35966190695762634,terrorism,1961-1980,SkipGram,435
salisbury_dec,0.35955554246902466,terrorism,1961-1980,SkipGram,436
unionism_form_racism,0.3595486879348755,terrorism,1961-1980,SkipGram,437
depth_feeling,0.3593926429748535,terrorism,1961-1980,SkipGram,438
vienna_dec,0.35928091406822205,terrorism,1961-1980,SkipGram,439
flagrant_violation,0.359253466129303,terrorism,1961-1980,SkipGram,440
fear,0.35918405652046204,terrorism,1961-1980,SkipGram,441
mt,0.3590638339519501,terrorism,1961-1980,SkipGram,442
guatemala_salvador,0.3590567111968994,terrorism,1961-1980,SkipGram,443
rampart,0.35880234837532043,terrorism,1961-1980,SkipGram,444
emergence,0.3586798906326294,terrorism,1961-1980,SkipGram,445
karachi_pakistan,0.3585084080696106,terrorism,1961-1980,SkipGram,446
gangsterism,0.3585076332092285,terrorism,1961-1980,SkipGram,447
copter,0.35845085978507996,terrorism,1961-1980,SkipGram,448
mass_killing,0.35841989517211914,terrorism,1961-1980,SkipGram,449
thoughtfully,0.3583357036113739,terrorism,1961-1980,SkipGram,450
clot_overthrow,0.3583168685436249,terrorism,1961-1980,SkipGram,451
sen,0.35827767848968506,terrorism,1961-1980,SkipGram,452
malcolm_browne,0.3581685721874237,terrorism,1961-1980,SkipGram,453
assail,0.35806554555892944,terrorism,1961-1980,SkipGram,454
howe,0.3580651879310608,terrorism,1961-1980,SkipGram,455
dio,0.35803043842315674,terrorism,1961-1980,SkipGram,456
dear_reprisal,0.3579483926296234,terrorism,1961-1980,SkipGram,457
vote_referendum,0.35788995027542114,terrorism,1961-1980,SkipGram,458
applauding,0.35784846544265747,terrorism,1961-1980,SkipGram,459
feet,0.3577999174594879,terrorism,1961-1980,SkipGram,460
jerusalem_web,0.35769718885421753,terrorism,1961-1980,SkipGram,461
keep,0.3576168417930603,terrorism,1961-1980,SkipGram,462
algiers_algier,0.35756781697273254,terrorism,1961-1980,SkipGram,463
communal_violence,0.3575512766838074,terrorism,1961-1980,SkipGram,464
jealousy,0.35754847526550293,terrorism,1961-1980,SkipGram,465
editor_ironic,0.3575421869754791,terrorism,1961-1980,SkipGram,466
body_bury,0.35752445459365845,terrorism,1961-1980,SkipGram,467
conspire_commit,0.3574298918247223,terrorism,1961-1980,SkipGram,468
urgent_session,0.3573395907878876,terrorism,1961-1980,SkipGram,469
terror_intimidation,0.35725367069244385,terrorism,1961-1980,SkipGram,470
protest_execution,0.3572290241718292,terrorism,1961-1980,SkipGram,471
jay_special,0.35720208287239075,terrorism,1961-1980,SkipGram,472
wallace_turner_special_times,0.35703516006469727,terrorism,1961-1980,SkipGram,473
theorist,0.3567509949207306,terrorism,1961-1980,SkipGram,474
attack,0.3567350208759308,terrorism,1961-1980,SkipGram,475
personal_popularity,0.3567194938659668,terrorism,1961-1980,SkipGram,476
lisbon_portugal,0.35670921206474304,terrorism,1961-1980,SkipGram,477
hamper_effort,0.35650789737701416,terrorism,1961-1980,SkipGram,478
groups,0.35641175508499146,terrorism,1961-1980,SkipGram,479
terrorist_activity,0.6807792782783508,terrorist,1961-1980,CBOW,1
urban_guerrillas,0.6553084254264832,terrorist,1961-1980,CBOW,2
terrorist_organization,0.6298527717590332,terrorist,1961-1980,CBOW,3
urban_guerrilla,0.6134307384490967,terrorist,1961-1980,CBOW,4
terror,0.6092025637626648,terrorist,1961-1980,CBOW,5
extremist,0.5975894927978516,terrorist,1961-1980,CBOW,6
terrorist_attack,0.5929096341133118,terrorist,1961-1980,CBOW,7
extremist_group,0.5367470979690552,terrorist,1961-1980,CBOW,8
accomplice,0.5272565484046936,terrorist,1961-1980,CBOW,9
hijacking,0.519326388835907,terrorist,1961-1980,CBOW,10
red_army,0.5160982608795166,terrorist,1961-1980,CBOW,11
gang,0.5094736218452454,terrorist,1961-1980,CBOW,12
red_brigade_italy,0.5091333985328674,terrorist,1961-1980,CBOW,13
ringleader,0.5029732584953308,terrorist,1961-1980,CBOW,14
hold_responsible,0.49963679909706116,terrorist,1961-1980,CBOW,15
kidnap_murder,0.49862003326416016,terrorist,1961-1980,CBOW,16
hacking,0.4930272102355957,terrorist,1961-1980,CBOW,17
underground_organization,0.49229055643081665,terrorist,1961-1980,CBOW,18
militant_group,0.4915105700492859,terrorist,1961-1980,CBOW,19
euer_villa,0.48999494314193726,terrorist,1961-1980,CBOW,20
criminal_act,0.4874681234359741,terrorist,1961-1980,CBOW,21
lunatic,0.4862990081310272,terrorist,1961-1980,CBOW,22
wave_violence,0.4858378469944,terrorist,1961-1980,CBOW,23
airline_hijacking,0.4806217849254608,terrorist,1961-1980,CBOW,24
guerrilla,0.4791695773601532,terrorist,1961-1980,CBOW,25
terrorist_network,0.47079259157180786,terrorist,1961-1980,CBOW,26
oppressive_measure,0.4678647518157959,terrorist,1961-1980,CBOW,27
sabotage,0.46536555886268616,terrorist,1961-1980,CBOW,28
coming_shoot,0.461507111787796,terrorist,1961-1980,CBOW,29
criminal_gang,0.46099308133125305,terrorist,1961-1980,CBOW,30
guerrilla_activity,0.4589748978614807,terrorist,1961-1980,CBOW,31
hostage_aboard,0.45739254355430603,terrorist,1961-1980,CBOW,32
kidnapping,0.45620623230934143,terrorist,1961-1980,CBOW,33
west_german_embassy_stockholm,0.4559391140937805,terrorist,1961-1980,CBOW,34
hijacking_sabotage,0.45566850900650024,terrorist,1961-1980,CBOW,35
european_extremist,0.4556182324886322,terrorist,1961-1980,CBOW,36
murder_innocent,0.45552462339401245,terrorist,1961-1980,CBOW,37
japanese_red_army,0.45341625809669495,terrorist,1961-1980,CBOW,38
killing,0.453157514333725,terrorist,1961-1980,CBOW,39
kid_tap,0.45068246126174927,terrorist,1961-1980,CBOW,40
clandestine_organization,0.45065343379974365,terrorist,1961-1980,CBOW,41
suspects,0.44992586970329285,terrorist,1961-1980,CBOW,42
perpetrator,0.44991543889045715,terrorist,1961-1980,CBOW,43
depredation,0.44960781931877136,terrorist,1961-1980,CBOW,44
assassination_coming,0.44944846630096436,terrorist,1961-1980,CBOW,45
atrocity,0.4450371265411377,terrorist,1961-1980,CBOW,46
oil_installation,0.44432610273361206,terrorist,1961-1980,CBOW,47
arab_guerrillas,0.44257852435112,terrorist,1961-1980,CBOW,48
foment,0.44246065616607666,terrorist,1961-1980,CBOW,49
scorch_earth,0.4422103464603424,terrorist,1961-1980,CBOW,50
publicize,0.44211748242378235,terrorist,1961-1980,CBOW,51
munich_olympics,0.4409031271934509,terrorist,1961-1980,CBOW,52
hack,0.43709155917167664,terrorist,1961-1980,CBOW,53
attacker,0.4351358115673065,terrorist,1961-1980,CBOW,54
counterterror,0.43479180335998535,terrorist,1961-1980,CBOW,55
act_violence,0.4314492344856262,terrorist,1961-1980,CBOW,56
maids,0.43092626333236694,terrorist,1961-1980,CBOW,57
seize_hostage,0.4307226836681366,terrorist,1961-1980,CBOW,58
politically_motivate,0.4305422902107239,terrorist,1961-1980,CBOW,59
andrew_malcolm,0.4264112114906311,terrorist,1961-1980,CBOW,60
violent_act,0.42415282130241394,terrorist,1961-1980,CBOW,61
murderer,0.4232029914855957,terrorist,1961-1980,CBOW,62
ruthless,0.4222473204135895,terrorist,1961-1980,CBOW,63
violent_tactic,0.42183730006217957,terrorist,1961-1980,CBOW,64
ramirez_ranch,0.42080357670783997,terrorist,1961-1980,CBOW,65
guerrilla_movement,0.419149249792099,terrorist,1961-1980,CBOW,66
lead_industrialism,0.4187125861644745,terrorist,1961-1980,CBOW,67
palestinian_guerrilla,0.4185815453529358,terrorist,1961-1980,CBOW,68
punish_responsible,0.41852882504463196,terrorist,1961-1980,CBOW,69
violence,0.4182363748550415,terrorist,1961-1980,CBOW,70
terrorism,0.4176913797855377,terrorist,1961-1980,CBOW,71
bomb_plot,0.4173724949359894,terrorist,1961-1980,CBOW,72
tiller,0.41680043935775757,terrorist,1961-1980,CBOW,73
dragnet,0.41667935252189636,terrorist,1961-1980,CBOW,74
kill_innocent,0.41661012172698975,terrorist,1961-1980,CBOW,75
front_liberation_quebec,0.4162062704563141,terrorist,1961-1980,CBOW,76
outbreak_violence,0.4160374701023102,terrorist,1961-1980,CBOW,77
extreme_dentist,0.41561341285705566,terrorist,1961-1980,CBOW,78
dissuade,0.4154078960418701,terrorist,1961-1980,CBOW,79
face_death_penalty,0.41538041830062866,terrorist,1961-1980,CBOW,80
team_olympics,0.41468071937561035,terrorist,1961-1980,CBOW,81
abduction,0.41402772068977356,terrorist,1961-1980,CBOW,82
kidnapping_slay,0.4139440655708313,terrorist,1961-1980,CBOW,83
kidnap,0.4139149487018585,terrorist,1961-1980,CBOW,84
widely_believe,0.41381701827049255,terrorist,1961-1980,CBOW,85
underground_network,0.41376155614852905,terrorist,1961-1980,CBOW,86
unknown_number,0.41296645998954773,terrorist,1961-1980,CBOW,87
rural_guerrilla,0.41245192289352417,terrorist,1961-1980,CBOW,88
punitive_expedition,0.4121938943862915,terrorist,1961-1980,CBOW,89
wave_coming,0.41191160678863525,terrorist,1961-1980,CBOW,90
hijacker,0.41171351075172424,terrorist,1961-1980,CBOW,91
front_line,0.41159629821777344,terrorist,1961-1980,CBOW,92
nationwide_search,0.4115739166736603,terrorist,1961-1980,CBOW,93
guerrillas,0.41151466965675354,terrorist,1961-1980,CBOW,94
reprisal,0.41141626238822937,terrorist,1961-1980,CBOW,95
prominent_politician,0.41108590364456177,terrorist,1961-1980,CBOW,96
dentist_extremist,0.4110283851623535,terrorist,1961-1980,CBOW,97
terror_suspect,0.4106411039829254,terrorist,1961-1980,CBOW,98
political_agitation,0.41007480025291443,terrorist,1961-1980,CBOW,99
act_sabotage,0.4098406732082367,terrorist,1961-1980,CBOW,100
death_innocent,0.409214049577713,terrorist,1961-1980,CBOW,101
counterterrorism,0.4084174633026123,terrorist,1961-1980,CBOW,102
sentence_life_imprisonment,0.40829193592071533,terrorist,1961-1980,CBOW,103
retaliatory,0.40798240900039673,terrorist,1961-1980,CBOW,104
television_tonight,0.4073231518268585,terrorist,1961-1980,CBOW,105
hack_airline,0.40720227360725403,terrorist,1961-1980,CBOW,106
irish_republican_army,0.40708127617836,terrorist,1961-1980,CBOW,107
fringe_group,0.406597375869751,terrorist,1961-1980,CBOW,108
member_red_brigade,0.40472060441970825,terrorist,1961-1980,CBOW,109
opposition_figure,0.40280553698539734,terrorist,1961-1980,CBOW,110
extortion,0.4023061692714691,terrorist,1961-1980,CBOW,111
bank_robbery,0.4021465480327606,terrorist,1961-1980,CBOW,112
israel_athletes,0.4009445607662201,terrorist,1961-1980,CBOW,113
extortion_kidnapping,0.39916735887527466,terrorist,1961-1980,CBOW,114
radio_commentator,0.39881590008735657,terrorist,1961-1980,CBOW,115
mount_wave,0.3977850675582886,terrorist,1961-1980,CBOW,116
lebanon_syria,0.3973395824432373,terrorist,1961-1980,CBOW,117
euer_villas,0.3973013758659363,terrorist,1961-1980,CBOW,118
mastermind,0.3970467448234558,terrorist,1961-1980,CBOW,119
torture_murder,0.3966892659664154,terrorist,1961-1980,CBOW,120
kidnapping_coming,0.3956880271434784,terrorist,1961-1980,CBOW,121
commit_offense,0.39552801847457886,terrorist,1961-1980,CBOW,122
croatian_separatist,0.3953491747379303,terrorist,1961-1980,CBOW,123
tough_antiterrorist,0.39495569467544556,terrorist,1961-1980,CBOW,124
venezuelan_authority,0.3948109745979309,terrorist,1961-1980,CBOW,125
responsibility_abduction,0.39429694414138794,terrorist,1961-1980,CBOW,126
increase_penalty,0.3942955732345581,terrorist,1961-1980,CBOW,127
foreign_diplomat,0.39354628324508667,terrorist,1961-1980,CBOW,128
leftists,0.3933931589126587,terrorist,1961-1980,CBOW,129
terror_tactic,0.392912894487381,terrorist,1961-1980,CBOW,130
insurrection,0.3922217786312103,terrorist,1961-1980,CBOW,131
undress_leader,0.3919767439365387,terrorist,1961-1980,CBOW,132
spanish_initial,0.39060041308403015,terrorist,1961-1980,CBOW,133
illegal_arm,0.39055323600769043,terrorist,1961-1980,CBOW,134
murder_israel_athletes,0.39051106572151184,terrorist,1961-1980,CBOW,135
plane_hijacking,0.3902570903301239,terrorist,1961-1980,CBOW,136
subversive,0.3893803060054779,terrorist,1961-1980,CBOW,137
deadline_pass,0.38927239179611206,terrorist,1961-1980,CBOW,138
red_army_faction,0.3889436423778534,terrorist,1961-1980,CBOW,139
kidnapping_patricia_hearst,0.38870614767074585,terrorist,1961-1980,CBOW,140
boris,0.3886445164680481,terrorist,1961-1980,CBOW,141
national_liberating,0.3883955478668213,terrorist,1961-1980,CBOW,142
dentist_guerrilla,0.38814496994018555,terrorist,1961-1980,CBOW,143
impunity,0.3880172669887543,terrorist,1961-1980,CBOW,144
assassination_attempt,0.38779377937316895,terrorist,1961-1980,CBOW,145
perpetrate,0.3872416317462921,terrorist,1961-1980,CBOW,146
commit_act,0.38711896538734436,terrorist,1961-1980,CBOW,147
responsibility_coming,0.38693752884864807,terrorist,1961-1980,CBOW,148
allege_plot,0.386913001537323,terrorist,1961-1980,CBOW,149
refuse_bargain,0.3863542079925537,terrorist,1961-1980,CBOW,150
subversion,0.3863098919391632,terrorist,1961-1980,CBOW,151
collaboration,0.3862423300743103,terrorist,1961-1980,CBOW,152
kidnapping_murder,0.38624128699302673,terrorist,1961-1980,CBOW,153
airport_massacre,0.38561996817588806,terrorist,1961-1980,CBOW,154
coming_kidnap,0.3846416473388672,terrorist,1961-1980,CBOW,155
undress_leader_case,0.38461869955062866,terrorist,1961-1980,CBOW,156
tacit_support,0.3841339349746704,terrorist,1961-1980,CBOW,157
revolutionary_front,0.3838094174861908,terrorist,1961-1980,CBOW,158
extreme_rightist,0.3837660253047943,terrorist,1961-1980,CBOW,159
rash,0.38259151577949524,terrorist,1961-1980,CBOW,160
murder_arson,0.3825345039367676,terrorist,1961-1980,CBOW,161
innocent,0.38235339522361755,terrorist,1961-1980,CBOW,162
explode_bomb,0.3823389708995819,terrorist,1961-1980,CBOW,163
armed_insurrection,0.38177433609962463,terrorist,1961-1980,CBOW,164
west_germans,0.3811742663383484,terrorist,1961-1980,CBOW,165
kill_maim,0.38085421919822693,terrorist,1961-1980,CBOW,166
pretext,0.3804112672805786,terrorist,1961-1980,CBOW,167
angela_angela,0.3803824186325073,terrorist,1961-1980,CBOW,168
croatian_extremist,0.38032621145248413,terrorist,1961-1980,CBOW,169
aim_primarily,0.37967365980148315,terrorist,1961-1980,CBOW,170
obtain_release,0.3795003294944763,terrorist,1961-1980,CBOW,171
reward_information_lead,0.379397988319397,terrorist,1961-1980,CBOW,172
gangster,0.3790604770183563,terrorist,1961-1980,CBOW,173
violent_activity,0.3788372278213501,terrorist,1961-1980,CBOW,174
leftist_rightist,0.37855157256126404,terrorist,1961-1980,CBOW,175
cologne,0.3774849772453308,terrorist,1961-1980,CBOW,176
fedayeen,0.3773183226585388,terrorist,1961-1980,CBOW,177
counterterrorist,0.37716925144195557,terrorist,1961-1980,CBOW,178
croatian_nationalists,0.37677115201950073,terrorist,1961-1980,CBOW,179
sentence_life_prison,0.37634068727493286,terrorist,1961-1980,CBOW,180
popular_front,0.376022607088089,terrorist,1961-1980,CBOW,181
responsible_death,0.3758487105369568,terrorist,1961-1980,CBOW,182
violent_crime,0.3754139840602875,terrorist,1961-1980,CBOW,183
splinter_group,0.3748638927936554,terrorist,1961-1980,CBOW,184
treachery,0.3747457265853882,terrorist,1961-1980,CBOW,185
sympathizers,0.3741839528083801,terrorist,1961-1980,CBOW,186
interior_ministry_announce,0.37412428855895996,terrorist,1961-1980,CBOW,187
policeman_soldier,0.3735978901386261,terrorist,1961-1980,CBOW,188
algier_run,0.3731308579444885,terrorist,1961-1980,CBOW,189
retaliatory_strike,0.37282678484916687,terrorist,1961-1980,CBOW,190
clamp,0.37270069122314453,terrorist,1961-1980,CBOW,191
gang_undress,0.3721300959587097,terrorist,1961-1980,CBOW,192
innocent_civilian,0.37174302339553833,terrorist,1961-1980,CBOW,193
armed_force_national_liberation,0.3713820278644562,terrorist,1961-1980,CBOW,194
hour_siege,0.37116485834121704,terrorist,1961-1980,CBOW,195
massacre,0.3708978295326233,terrorist,1961-1980,CBOW,196
grenade_attack,0.37071651220321655,terrorist,1961-1980,CBOW,197
protestant_extremist,0.3706797659397125,terrorist,1961-1980,CBOW,198
clandestine_network,0.3706779181957245,terrorist,1961-1980,CBOW,199
band,0.3705235719680786,terrorist,1961-1980,CBOW,200
guerrilla_basis,0.37049710750579834,terrorist,1961-1980,CBOW,201
sympathizer,0.3702028691768646,terrorist,1961-1980,CBOW,202
behold,0.36997777223587036,terrorist,1961-1980,CBOW,203
senseless,0.3698675334453583,terrorist,1961-1980,CBOW,204
professor_peri,0.3697167932987213,terrorist,1961-1980,CBOW,205
hard_core,0.3693440556526184,terrorist,1961-1980,CBOW,206
infiltration_sabotage,0.36932894587516785,terrorist,1961-1980,CBOW,207
air_pray,0.36917179822921753,terrorist,1961-1980,CBOW,208
unconfirme_report,0.36914965510368347,terrorist,1961-1980,CBOW,209
captor,0.36755645275115967,terrorist,1961-1980,CBOW,210
civilized_world,0.36747440695762634,terrorist,1961-1980,CBOW,211
conspired,0.3674725592136383,terrorist,1961-1980,CBOW,212
guerrilla_hideous,0.36745184659957886,terrorist,1961-1980,CBOW,213
gun_grenade,0.3674089014530182,terrorist,1961-1980,CBOW,214
refuse_submit,0.366916298866272,terrorist,1961-1980,CBOW,215
provocation,0.3657624125480652,terrorist,1961-1980,CBOW,216
arrest_suspect,0.36571335792541504,terrorist,1961-1980,CBOW,217
religious_extremist,0.36564549803733826,terrorist,1961-1980,CBOW,218
security_measure,0.36515894532203674,terrorist,1961-1980,CBOW,219
radical_element,0.3650566339492798,terrorist,1961-1980,CBOW,220
subversive_activity,0.36471158266067505,terrorist,1961-1980,CBOW,221
prison_convict,0.3646210730075836,terrorist,1961-1980,CBOW,222
rider,0.3642385005950928,terrorist,1961-1980,CBOW,223
bazooka,0.3641630709171295,terrorist,1961-1980,CBOW,224
separatists,0.3641064167022705,terrorist,1961-1980,CBOW,225
conspirator,0.36395686864852905,terrorist,1961-1980,CBOW,226
airline_athens,0.36378833651542664,terrorist,1961-1980,CBOW,227
prime_suspect,0.36367690563201904,terrorist,1961-1980,CBOW,228
telephone_caller,0.363640159368515,terrorist,1961-1980,CBOW,229
arrest_suspicion,0.36341312527656555,terrorist,1961-1980,CBOW,230
irish_republican,0.3627185523509979,terrorist,1961-1980,CBOW,231
secret_army_organization,0.3624628484249115,terrorist,1961-1980,CBOW,232
gang_anarchist,0.3623999059200287,terrorist,1961-1980,CBOW,233
incursion,0.3623794615268707,terrorist,1961-1980,CBOW,234
olympic_team_munich,0.36224180459976196,terrorist,1961-1980,CBOW,235
assassination,0.3620342016220093,terrorist,1961-1980,CBOW,236
punish,0.3617672622203827,terrorist,1961-1980,CBOW,237
assassin,0.3615992069244385,terrorist,1961-1980,CBOW,238
smuggle_arm,0.3613268733024597,terrorist,1961-1980,CBOW,239
wave_kidnapping,0.3613077998161316,terrorist,1961-1980,CBOW,240
crime,0.3611617684364319,terrorist,1961-1980,CBOW,241
stuttgart_prison,0.3611036241054535,terrorist,1961-1980,CBOW,242
diplomatic_mission,0.3610001802444458,terrorist,1961-1980,CBOW,243
outrage,0.36099082231521606,terrorist,1961-1980,CBOW,244
crime_perpetrate,0.36087772250175476,terrorist,1961-1980,CBOW,245
terror_attack,0.3602442741394043,terrorist,1961-1980,CBOW,246
saboteur,0.36024409532546997,terrorist,1961-1980,CBOW,247
separate_incident,0.36020880937576294,terrorist,1961-1980,CBOW,248
criminal,0.3600841462612152,terrorist,1961-1980,CBOW,249
terror_squad,0.35949379205703735,terrorist,1961-1980,CBOW,250
apparently_intend,0.3589591085910797,terrorist,1961-1980,CBOW,251
guerrilla_warfare,0.35875001549720764,terrorist,1961-1980,CBOW,252
atrocity_commit,0.35850846767425537,terrorist,1961-1980,CBOW,253
death_destruction,0.35827362537384033,terrorist,1961-1980,CBOW,254
jet_hack,0.35813015699386597,terrorist,1961-1980,CBOW,255
wherever_find,0.35810941457748413,terrorist,1961-1980,CBOW,256
revolt_binary,0.35804417729377747,terrorist,1961-1980,CBOW,257
murderous_assault,0.3579826056957245,terrorist,1961-1980,CBOW,258
thousand_leaflet,0.3577014207839966,terrorist,1961-1980,CBOW,259
rightist,0.35745957493782043,terrorist,1961-1980,CBOW,260
eastern_turkey,0.3573208749294281,terrorist,1961-1980,CBOW,261
predawn,0.35719019174575806,terrorist,1961-1980,CBOW,262
commandeer_plane,0.35697677731513977,terrorist,1961-1980,CBOW,263
provocateur,0.3569062352180481,terrorist,1961-1980,CBOW,264
coincide_anniversary,0.3555160462856293,terrorist,1961-1980,CBOW,265
electoral_campaign,0.35549309849739075,terrorist,1961-1980,CBOW,266
death_squad,0.354933500289917,terrorist,1961-1980,CBOW,267
oil_cart,0.35478365421295166,terrorist,1961-1980,CBOW,268
olympic_james_munich,0.35457196831703186,terrorist,1961-1980,CBOW,269
west_germany,0.35441088676452637,terrorist,1961-1980,CBOW,270
assault,0.35422489047050476,terrorist,1961-1980,CBOW,271
slaying,0.3542165458202362,terrorist,1961-1980,CBOW,272
antiterrorist_campaign,0.35414567589759827,terrorist,1961-1980,CBOW,273
vigilance,0.3540109395980835,terrorist,1961-1980,CBOW,274
bloodbath,0.35400837659835815,terrorist,1961-1980,CBOW,275
armada_liberation_national,0.35386893153190613,terrorist,1961-1980,CBOW,276
unauthorized,0.35360005497932434,terrorist,1961-1980,CBOW,277
escape_jail,0.35340753197669983,terrorist,1961-1980,CBOW,278
diplomat_belgian,0.3532380163669586,terrorist,1961-1980,CBOW,279
senselessness,0.3530143201351166,terrorist,1961-1980,CBOW,280
coordination,0.3527745306491852,terrorist,1961-1980,CBOW,281
guerrilla_maids,0.3525068163871765,terrorist,1961-1980,CBOW,282
military_takeover,0.35250523686408997,terrorist,1961-1980,CBOW,283
colosseum,0.35246628522872925,terrorist,1961-1980,CBOW,284
serviceman_kill,0.3519628047943115,terrorist,1961-1980,CBOW,285
minuscule,0.3513046205043793,terrorist,1961-1980,CBOW,286
provisional_irish_republican_army,0.3512327969074249,terrorist,1961-1980,CBOW,287
south_florida,0.35096290707588196,terrorist,1961-1980,CBOW,288
plant_bomb,0.3507442772388458,terrorist,1961-1980,CBOW,289
businessman_kidnap,0.35039493441581726,terrorist,1961-1980,CBOW,290
neofascist,0.3503624498844147,terrorist,1961-1980,CBOW,291
harassment,0.3502008020877838,terrorist,1961-1980,CBOW,292
military_action,0.3501880466938019,terrorist,1961-1980,CBOW,293
indignation,0.3499489724636078,terrorist,1961-1980,CBOW,294
athens_airport_lounge,0.3494049906730652,terrorist,1961-1980,CBOW,295
despicable_act,0.34919750690460205,terrorist,1961-1980,CBOW,296
julie_dear,0.34911441802978516,terrorist,1961-1980,CBOW,297
arm_explosive,0.348720908164978,terrorist,1961-1980,CBOW,298
violent_reprisal,0.3484090268611908,terrorist,1961-1980,CBOW,299
stasis,0.3483596742153168,terrorist,1961-1980,CBOW,300
rightist_leftist,0.34820786118507385,terrorist,1961-1980,CBOW,301
antifascist_resistance_group,0.34803012013435364,terrorist,1961-1980,CBOW,302
purportedly,0.34787213802337646,terrorist,1961-1980,CBOW,303
countermeasure,0.34785354137420654,terrorist,1961-1980,CBOW,304
mask_luman,0.34779462218284607,terrorist,1961-1980,CBOW,305
incite,0.34757545590400696,terrorist,1961-1980,CBOW,306
intelligence_service,0.34741759300231934,terrorist,1961-1980,CBOW,307
croatian_community,0.347005158662796,terrorist,1961-1980,CBOW,308
late_series,0.3468949496746063,terrorist,1961-1980,CBOW,309
west_german_anarchist,0.34681805968284607,terrorist,1961-1980,CBOW,310
hold_hostage,0.3467666506767273,terrorist,1961-1980,CBOW,311
prima_line,0.3466373682022095,terrorist,1961-1980,CBOW,312
leftist,0.34660226106643677,terrorist,1961-1980,CBOW,313
extortionist,0.3465454876422882,terrorist,1961-1980,CBOW,314
anarchist,0.34647586941719055,terrorist,1961-1980,CBOW,315
dentist_student,0.3464147746562958,terrorist,1961-1980,CBOW,316
airplane_hijacking,0.346330463886261,terrorist,1961-1980,CBOW,317
bomb_explosion,0.34621280431747437,terrorist,1961-1980,CBOW,318
vigorous_action,0.3456806540489197,terrorist,1961-1980,CBOW,319
bandit,0.3455800712108612,terrorist,1961-1980,CBOW,320
positive_result,0.34549859166145325,terrorist,1961-1980,CBOW,321
relentless,0.34538596868515015,terrorist,1961-1980,CBOW,322
murder,0.34494319558143616,terrorist,1961-1980,CBOW,323
underground_movement,0.34483081102371216,terrorist,1961-1980,CBOW,324
cold_blood,0.3447962701320648,terrorist,1961-1980,CBOW,325
physical_violence,0.3444892168045044,terrorist,1961-1980,CBOW,326
vicious,0.3440912663936615,terrorist,1961-1980,CBOW,327
barbaric,0.3437551259994507,terrorist,1961-1980,CBOW,328
olympics_munich,0.34311148524284363,terrorist,1961-1980,CBOW,329
croatian_nationalist,0.34303537011146545,terrorist,1961-1980,CBOW,330
allege_accomplice,0.34299662709236145,terrorist,1961-1980,CBOW,331
beirut_airport,0.34258517622947693,terrorist,1961-1980,CBOW,332
military_barrack,0.3425676226615906,terrorist,1961-1980,CBOW,333
airline_jet,0.3423905372619629,terrorist,1961-1980,CBOW,334
path_conquest,0.3423498570919037,terrorist,1961-1980,CBOW,335
aggression_venezuela,0.3423127830028534,terrorist,1961-1980,CBOW,336
dentist_guerrillas,0.34230801463127136,terrorist,1961-1980,CBOW,337
french_embassy,0.34221357107162476,terrorist,1961-1980,CBOW,338
bloodshed,0.3420865833759308,terrorist,1961-1980,CBOW,339
small_band,0.3420528173446655,terrorist,1961-1980,CBOW,340
armed_robbery,0.3420478403568268,terrorist,1961-1980,CBOW,341
brutal,0.3418043255805969,terrorist,1961-1980,CBOW,342
plane_return_safely,0.3417285680770874,terrorist,1961-1980,CBOW,343
arabs,0.34157052636146545,terrorist,1961-1980,CBOW,344
sharpshooter,0.3414100408554077,terrorist,1961-1980,CBOW,345
plastic_bomb,0.34131279587745667,terrorist,1961-1980,CBOW,346
counterrevolutionary,0.34090113639831543,terrorist,1961-1980,CBOW,347
violent_incident,0.3408188819885254,terrorist,1961-1980,CBOW,348
ideological_motivate,0.34080615639686584,terrorist,1961-1980,CBOW,349
guerrilla_encampment,0.3407963216304779,terrorist,1961-1980,CBOW,350
hoax,0.34046393632888794,terrorist,1961-1980,CBOW,351
follow_pattern,0.3403418958187103,terrorist,1961-1980,CBOW,352
labor_agitator,0.3401511311531067,terrorist,1961-1980,CBOW,353
tight_security,0.34003880620002747,terrorist,1961-1980,CBOW,354
penetration,0.34003639221191406,terrorist,1961-1980,CBOW,355
cuban_exile,0.34001943469047546,terrorist,1961-1980,CBOW,356
terrorising,0.33956778049468994,terrorist,1961-1980,CBOW,357
rejection_front,0.33941057324409485,terrorist,1961-1980,CBOW,358
bloodless,0.33917495608329773,terrorist,1961-1980,CBOW,359
series_coming,0.33906906843185425,terrorist,1961-1980,CBOW,360
claim_responsibility,0.3390064537525177,terrorist,1961-1980,CBOW,361
hussein,0.33900630474090576,terrorist,1961-1980,CBOW,362
guerrilla_band,0.3386300802230835,terrorist,1961-1980,CBOW,363
senseless_act,0.3382958471775055,terrorist,1961-1980,CBOW,364
siege,0.33825433254241943,terrorist,1961-1980,CBOW,365
rival_nationalist,0.33818984031677246,terrorist,1961-1980,CBOW,366
primary_purpose,0.3381306231021881,terrorist,1961-1980,CBOW,367
concentrated,0.3378516733646393,terrorist,1961-1980,CBOW,368
tillers,0.3377152383327484,terrorist,1961-1980,CBOW,369
outlaw,0.3377046585083008,terrorist,1961-1980,CBOW,370
exchange_prisoner,0.33747217059135437,terrorist,1961-1980,CBOW,371
asylum,0.3374256193637848,terrorist,1961-1980,CBOW,372
rocket_attack,0.33736732602119446,terrorist,1961-1980,CBOW,373
revolutionary_army,0.3372586965560913,terrorist,1961-1980,CBOW,374
rougher_measure,0.3372523784637451,terrorist,1961-1980,CBOW,375
assailant,0.33701053261756897,terrorist,1961-1980,CBOW,376
anonymous_telephone_call,0.33688706159591675,terrorist,1961-1980,CBOW,377
per_son,0.3368569314479828,terrorist,1961-1980,CBOW,378
intermittently,0.33684951066970825,terrorist,1961-1980,CBOW,379
retaliation,0.33673495054244995,terrorist,1961-1980,CBOW,380
jewish_defense_league,0.33664125204086304,terrorist,1961-1980,CBOW,381
intelligence_analyst,0.3362492024898529,terrorist,1961-1980,CBOW,382
suspect_involvement,0.33602413535118103,terrorist,1961-1980,CBOW,383
attach_embassy,0.336005836725235,terrorist,1961-1980,CBOW,384
intensify,0.3359198272228241,terrorist,1961-1980,CBOW,385
barbarity,0.33585309982299805,terrorist,1961-1980,CBOW,386
ac_ton,0.33578741550445557,terrorist,1961-1980,CBOW,387
unsuccessful_attempt,0.33568522334098816,terrorist,1961-1980,CBOW,388
aerial_hacking,0.33495253324508667,terrorist,1961-1980,CBOW,389
airplane_hijacker,0.33492568135261536,terrorist,1961-1980,CBOW,390
vigilante,0.3346194624900818,terrorist,1961-1980,CBOW,391
heathrow,0.33440399169921875,terrorist,1961-1980,CBOW,392
batiste,0.3343656361103058,terrorist,1961-1980,CBOW,393
embassies,0.3342990577220917,terrorist,1961-1980,CBOW,394
presumptive_strike_guerrilla,0.3342064917087555,terrorist,1961-1980,CBOW,395
radical_islamic,0.334201842546463,terrorist,1961-1980,CBOW,396
guerrilla_las,0.33408087491989136,terrorist,1961-1980,CBOW,397
move_decisively,0.33404770493507385,terrorist,1961-1980,CBOW,398
indonesian_consult,0.3340294361114502,terrorist,1961-1980,CBOW,399
exchange_hostage,0.33372175693511963,terrorist,1961-1980,CBOW,400
nationalists,0.33362337946891785,terrorist,1961-1980,CBOW,401
artist_revolutionary,0.3335001766681671,terrorist,1961-1980,CBOW,402
random_coming,0.3331717550754547,terrorist,1961-1980,CBOW,403
intimidate,0.33293595910072327,terrorist,1961-1980,CBOW,404
charge_simplicity,0.33293575048446655,terrorist,1961-1980,CBOW,405
illegal_activity,0.33289051055908203,terrorist,1961-1980,CBOW,406
secure_release,0.3328501582145691,terrorist,1961-1980,CBOW,407
responsible_coming,0.33252742886543274,terrorist,1961-1980,CBOW,408
immediate_indication,0.33243098855018616,terrorist,1961-1980,CBOW,409
armed_proletarian,0.33239835500717163,terrorist,1961-1980,CBOW,410
murder_kidnapping,0.33237361907958984,terrorist,1961-1980,CBOW,411
fig_invasion,0.3323715627193451,terrorist,1961-1980,CBOW,412
cowardly,0.33230504393577576,terrorist,1961-1980,CBOW,413
temp,0.3321886658668518,terrorist,1961-1980,CBOW,414
air_lines,0.3319290578365326,terrorist,1961-1980,CBOW,415
murderous,0.33184853196144104,terrorist,1961-1980,CBOW,416
toll_dead,0.3313662111759186,terrorist,1961-1980,CBOW,417
tour_bus,0.33132386207580566,terrorist,1961-1980,CBOW,418
rome_italian,0.3311713933944702,terrorist,1961-1980,CBOW,419
apparent_attempt,0.33113715052604675,terrorist,1961-1980,CBOW,420
deny_involvement,0.3311009705066681,terrorist,1961-1980,CBOW,421
jetliner,0.33106178045272827,terrorist,1961-1980,CBOW,422
militant,0.33070892095565796,terrorist,1961-1980,CBOW,423
employer_industry_federation,0.330528199672699,terrorist,1961-1980,CBOW,424
popular_front_liberation_palestine,0.33045709133148193,terrorist,1961-1980,CBOW,425
counterproductive,0.33040758967399597,terrorist,1961-1980,CBOW,426
abduct,0.3302013874053955,terrorist,1961-1980,CBOW,427
firing_squad,0.3301466107368469,terrorist,1961-1980,CBOW,428
groups,0.3297141194343567,terrorist,1961-1980,CBOW,429
special_antiterrorist,0.3294326066970825,terrorist,1961-1980,CBOW,430
embassy_tula_tumour,0.32930245995521545,terrorist,1961-1980,CBOW,431
meet_organization_petroleum,0.32926154136657715,terrorist,1961-1980,CBOW,432
accuse_involvement,0.3290668725967407,terrorist,1961-1980,CBOW,433
yugoslavia,0.3288920521736145,terrorist,1961-1980,CBOW,434
sub_version,0.32827797532081604,terrorist,1961-1980,CBOW,435
torture_repression,0.3281152844429016,terrorist,1961-1980,CBOW,436
armed_resistance,0.3280895948410034,terrorist,1961-1980,CBOW,437
fascists,0.3280353248119354,terrorist,1961-1980,CBOW,438
violent,0.32792457938194275,terrorist,1961-1980,CBOW,439
fear_reprisal,0.3278277814388275,terrorist,1961-1980,CBOW,440
armed,0.32772353291511536,terrorist,1961-1980,CBOW,441
vienna_headquarters,0.32751280069351196,terrorist,1961-1980,CBOW,442
kidnap_subsequent,0.32746559381484985,terrorist,1961-1980,CBOW,443
aerial_pray,0.32735076546669006,terrorist,1961-1980,CBOW,444
warfare,0.3270987868309021,terrorist,1961-1980,CBOW,445
wanton_destruction,0.32704249024391174,terrorist,1961-1980,CBOW,446
amsterdam,0.32695597410202026,terrorist,1961-1980,CBOW,447
hold_ransom,0.3267964720726013,terrorist,1961-1980,CBOW,448
transit_center,0.3266758322715759,terrorist,1961-1980,CBOW,449
lebanese_coast,0.32664233446121216,terrorist,1961-1980,CBOW,450
suspicion,0.3265409767627716,terrorist,1961-1980,CBOW,451
employers_association,0.32639288902282715,terrorist,1961-1980,CBOW,452
report_circulate,0.32628333568573,terrorist,1961-1980,CBOW,453
bring_death_toll,0.3258863091468811,terrorist,1961-1980,CBOW,454
red_brigade,0.3256891965866089,terrorist,1961-1980,CBOW,455
ceasefire_effect,0.3256128132343292,terrorist,1961-1980,CBOW,456
firebomb,0.3255693316459656,terrorist,1961-1980,CBOW,457
separatist_movement,0.3253573477268219,terrorist,1961-1980,CBOW,458
outlaw_irish_republican_army,0.32533934712409973,terrorist,1961-1980,CBOW,459
avowed,0.32488954067230225,terrorist,1961-1980,CBOW,460
comb_explosion,0.32441040873527527,terrorist,1961-1980,CBOW,461
attempt_murder,0.3243829011917114,terrorist,1961-1980,CBOW,462
lebanese_civilian,0.3240568935871124,terrorist,1961-1980,CBOW,463
bloody,0.32399868965148926,terrorist,1961-1980,CBOW,464
arab_saboteur,0.32375848293304443,terrorist,1961-1980,CBOW,465
cf,0.3229374289512634,terrorist,1961-1980,CBOW,466
express_deep_regret,0.3229029178619385,terrorist,1961-1980,CBOW,467
smuggling,0.3228681981563568,terrorist,1961-1980,CBOW,468
conspiracy,0.32269251346588135,terrorist,1961-1980,CBOW,469
principal_objective,0.3222102224826813,terrorist,1961-1980,CBOW,470
air_traveler,0.32165902853012085,terrorist,1961-1980,CBOW,471
coming_attribute,0.32164785265922546,terrorist,1961-1980,CBOW,472
air_richard_eyes,0.32153812050819397,terrorist,1961-1980,CBOW,473
precaution,0.32151299715042114,terrorist,1961-1980,CBOW,474
show_solidarity,0.32150325179100037,terrorist,1961-1980,CBOW,475
separatist,0.3211729824542999,terrorist,1961-1980,CBOW,476
emphatically_deny,0.32113969326019287,terrorist,1961-1980,CBOW,477
militant_provisional,0.3208978474140167,terrorist,1961-1980,CBOW,478
machine_gunner,0.3208276629447937,terrorist,1961-1980,CBOW,479
occasional,0.32081106305122375,terrorist,1961-1980,CBOW,480
instigation,0.3201196789741516,terrorist,1961-1980,CBOW,481
inspect_damage,0.3200335204601288,terrorist,1961-1980,CBOW,482
terror_henry_tanner,0.31997084617614746,terrorist,1961-1980,CBOW,483
iraqi_regime,0.3197433054447174,terrorist,1961-1980,CBOW,484
indoctrination,0.31931278109550476,terrorist,1961-1980,CBOW,485
caraca,0.31931260228157043,terrorist,1961-1980,CBOW,486
abductor,0.3193076252937317,terrorist,1961-1980,CBOW,487
export_vienna,0.3191923499107361,terrorist,1961-1980,CBOW,488
subversive_movement,0.3189752995967865,terrorist,1961-1980,CBOW,489
northern_portugal,0.31893306970596313,terrorist,1961-1980,CBOW,490
tightknit,0.3189252018928528,terrorist,1961-1980,CBOW,491
random,0.3188371956348419,terrorist,1961-1980,CBOW,492
plainclothe_policeman,0.3187595307826996,terrorist,1961-1980,CBOW,493
west_german_embassy_stockholm,0.727042555809021,terrorist,1961-1980,SkipGram,1
terrorist_organization,0.6867352724075317,terrorist,1961-1980,SkipGram,2
refuse_bargain,0.6767176985740662,terrorist,1961-1980,SkipGram,3
stuttgart_prison,0.670861005783081,terrorist,1961-1980,SkipGram,4
plane_hijacking,0.6688680648803711,terrorist,1961-1980,SkipGram,5
responsibility_abduction,0.6648575067520142,terrorist,1961-1980,SkipGram,6
red_brigade_italy,0.6648033857345581,terrorist,1961-1980,SkipGram,7
mount_wave,0.6642707586288452,terrorist,1961-1980,SkipGram,8
kidnapping_slay,0.6621036529541016,terrorist,1961-1980,SkipGram,9
gang_anarchist,0.660453736782074,terrorist,1961-1980,SkipGram,10
employers_association,0.6551768779754639,terrorist,1961-1980,SkipGram,11
criminal_gang,0.6541929244995117,terrorist,1961-1980,SkipGram,12
amsterdam_netherlands,0.652290940284729,terrorist,1961-1980,SkipGram,13
employer_industry_federation,0.6516073942184448,terrorist,1961-1980,SkipGram,14
telephone_caller,0.6505820751190186,terrorist,1961-1980,SkipGram,15
random_coming,0.6466468572616577,terrorist,1961-1980,SkipGram,16
punish_severely,0.6461557149887085,terrorist,1961-1980,SkipGram,17
remain_unknown,0.6439611315727234,terrorist,1961-1980,SkipGram,18
hijacking_sabotage,0.6434928178787231,terrorist,1961-1980,SkipGram,19
concerned_possibility,0.6415046453475952,terrorist,1961-1980,SkipGram,20
terror,0.6400182843208313,terrorist,1961-1980,SkipGram,21
murderous_assault,0.6371536254882812,terrorist,1961-1980,SkipGram,22
indonesian_consulate_amsterdam,0.6354281902313232,terrorist,1961-1980,SkipGram,23
extremist,0.6353816986083984,terrorist,1961-1980,SkipGram,24
commandeer_airline,0.634418249130249,terrorist,1961-1980,SkipGram,25
jail_comrade,0.6333776116371155,terrorist,1961-1980,SkipGram,26
grenade_machinegun,0.6331216096878052,terrorist,1961-1980,SkipGram,27
munich_olympic_games,0.6330177783966064,terrorist,1961-1980,SkipGram,28
allege_accomplice,0.6322021484375,terrorist,1961-1980,SkipGram,29
extremists,0.6319188475608826,terrorist,1961-1980,SkipGram,30
violent_reprisal,0.6311048269271851,terrorist,1961-1980,SkipGram,31
terrorist_activity,0.6305415034294128,terrorist,1961-1980,SkipGram,32
discover_hideous,0.6282076835632324,terrorist,1961-1980,SkipGram,33
pistol_hand_grenade,0.6274230480194092,terrorist,1961-1980,SkipGram,34
terrorist_attack,0.627113938331604,terrorist,1961-1980,SkipGram,35
team_olympics,0.626192033290863,terrorist,1961-1980,SkipGram,36
guerrilla,0.626162588596344,terrorist,1961-1980,SkipGram,37
strict_security_measure,0.6260043978691101,terrorist,1961-1980,SkipGram,38
issue_arrest_warrant,0.6243970990180969,terrorist,1961-1980,SkipGram,39
diplomat_belgian,0.6243288516998291,terrorist,1961-1980,SkipGram,40
face_death_penalty,0.6241993308067322,terrorist,1961-1980,SkipGram,41
airplane_hack,0.623977780342102,terrorist,1961-1980,SkipGram,42
aggression_venezuela,0.6220266819000244,terrorist,1961-1980,SkipGram,43
gang_undress,0.6214077472686768,terrorist,1961-1980,SkipGram,44
violent_act,0.6213535070419312,terrorist,1961-1980,SkipGram,45
air_richard_eyes,0.6212149262428284,terrorist,1961-1980,SkipGram,46
increasingly_violent,0.620561420917511,terrorist,1961-1980,SkipGram,47
senseless_murder,0.6205266118049622,terrorist,1961-1980,SkipGram,48
west_german_anarchist,0.6204609870910645,terrorist,1961-1980,SkipGram,49
undress_leader_case,0.6199477314949036,terrorist,1961-1980,SkipGram,50
hostage_aboard,0.6191941499710083,terrorist,1961-1980,SkipGram,51
urban_guerrillas,0.6180399060249329,terrorist,1961-1980,SkipGram,52
yugoslavia,0.6180210709571838,terrorist,1961-1980,SkipGram,53
score_wound,0.6179545521736145,terrorist,1961-1980,SkipGram,54
murder_arson,0.6175413131713867,terrorist,1961-1980,SkipGram,55
red_brigade_henry_tanner,0.6174366474151611,terrorist,1961-1980,SkipGram,56
airplane_hijacking,0.6171261668205261,terrorist,1961-1980,SkipGram,57
suspension_constitutional_guarantee,0.6162127256393433,terrorist,1961-1980,SkipGram,58
lead_industrialism,0.615654706954956,terrorist,1961-1980,SkipGram,59
national_liberating,0.6144921779632568,terrorist,1961-1980,SkipGram,60
television_tonight,0.6142971515655518,terrorist,1961-1980,SkipGram,61
french_counterintelligence,0.6142573356628418,terrorist,1961-1980,SkipGram,62
sub_version,0.612055242061615,terrorist,1961-1980,SkipGram,63
guerrillas_guerrillas,0.6112924218177795,terrorist,1961-1980,SkipGram,64
jail_await,0.6107438206672668,terrorist,1961-1980,SkipGram,65
outrage_commit,0.6096700429916382,terrorist,1961-1980,SkipGram,66
moro,0.6089067459106445,terrorist,1961-1980,SkipGram,67
wave_coming,0.6087236404418945,terrorist,1961-1980,SkipGram,68
algiers_algerian,0.6080607771873474,terrorist,1961-1980,SkipGram,69
sentence_life_prison,0.6076964735984802,terrorist,1961-1980,SkipGram,70
urban_guerrilla,0.6074606776237488,terrorist,1961-1980,SkipGram,71
interior_ministry_announce,0.6069636344909668,terrorist,1961-1980,SkipGram,72
trial_stuttgart,0.6064930558204651,terrorist,1961-1980,SkipGram,73
commandeer_plane,0.6063128113746643,terrorist,1961-1980,SkipGram,74
hacking_air,0.6062406897544861,terrorist,1961-1980,SkipGram,75
airline_hijacking,0.6047278046607971,terrorist,1961-1980,SkipGram,76
search_tiller,0.6046310067176819,terrorist,1961-1980,SkipGram,77
pay_million_ransom,0.604086697101593,terrorist,1961-1980,SkipGram,78
criminal_act,0.6040825843811035,terrorist,1961-1980,SkipGram,79
firing_squad_execute,0.6036454439163208,terrorist,1961-1980,SkipGram,80
embassy_tula_tumour,0.603460431098938,terrorist,1961-1980,SkipGram,81
hack_japanese_airline,0.603449821472168,terrorist,1961-1980,SkipGram,82
doubt_authenticity,0.603247880935669,terrorist,1961-1980,SkipGram,83
driver_bodyguard,0.6028264760971069,terrorist,1961-1980,SkipGram,84
venue,0.6027088165283203,terrorist,1961-1980,SkipGram,85
terrorists,0.6026055216789246,terrorist,1961-1980,SkipGram,86
bad_adler,0.6016259789466858,terrorist,1961-1980,SkipGram,87
seek_political_asylum,0.6014580130577087,terrorist,1961-1980,SkipGram,88
japanese_consul,0.6006441116333008,terrorist,1961-1980,SkipGram,89
sympathizers,0.6005885004997253,terrorist,1961-1980,SkipGram,90
remain_unsolved,0.6005833148956299,terrorist,1961-1980,SkipGram,91
ringleader,0.599958598613739,terrorist,1961-1980,SkipGram,92
commit_offense,0.5999557375907898,terrorist,1961-1980,SkipGram,93
kidnap_industrialism,0.5996686220169067,terrorist,1961-1980,SkipGram,94
federal_prosecutor,0.5994788408279419,terrorist,1961-1980,SkipGram,95
severe_penalty,0.5993557572364807,terrorist,1961-1980,SkipGram,96
twelve_wound,0.5980868935585022,terrorist,1961-1980,SkipGram,97
dutch_marine,0.597969651222229,terrorist,1961-1980,SkipGram,98
show_solidarity,0.5976570844650269,terrorist,1961-1980,SkipGram,99
deny_connection,0.5973727107048035,terrorist,1961-1980,SkipGram,100
coincide_anniversary,0.5966790914535522,terrorist,1961-1980,SkipGram,101
runaway_somalia,0.5957822203636169,terrorist,1961-1980,SkipGram,102
bomb_plot,0.5957762002944946,terrorist,1961-1980,SkipGram,103
massacre_lydia,0.5953341126441956,terrorist,1961-1980,SkipGram,104
kidnap_subsequent,0.5952823162078857,terrorist,1961-1980,SkipGram,105
hour_ordeal,0.5950514078140259,terrorist,1961-1980,SkipGram,106
attach_embassy,0.5949496626853943,terrorist,1961-1980,SkipGram,107
comb_explosion,0.5948410630226135,terrorist,1961-1980,SkipGram,108
cash_bail,0.5945541858673096,terrorist,1961-1980,SkipGram,109
legal_argument,0.5940408110618591,terrorist,1961-1980,SkipGram,110
kidnap_murder,0.5936916470527649,terrorist,1961-1980,SkipGram,111
airport_massacre,0.5934227108955383,terrorist,1961-1980,SkipGram,112
extortion_kidnapping,0.5932971835136414,terrorist,1961-1980,SkipGram,113
heavy_penalty,0.5931004285812378,terrorist,1961-1980,SkipGram,114
martial_law_court,0.5928961038589478,terrorist,1961-1980,SkipGram,115
cold_blood,0.5926856994628906,terrorist,1961-1980,SkipGram,116
terror_henry_tanner,0.5926830768585205,terrorist,1961-1980,SkipGram,117
reward_information_lead,0.5926604270935059,terrorist,1961-1980,SkipGram,118
croatian_emigre,0.5926229953765869,terrorist,1961-1980,SkipGram,119
genoa_italy,0.5924153923988342,terrorist,1961-1980,SkipGram,120
ideological_motivate,0.5923668742179871,terrorist,1961-1980,SkipGram,121
smuggle_weapon,0.5921919941902161,terrorist,1961-1980,SkipGram,122
violent_activity,0.5920463800430298,terrorist,1961-1980,SkipGram,123
coming_shoot,0.5920134782791138,terrorist,1961-1980,SkipGram,124
deadline_pass,0.5919382572174072,terrorist,1961-1980,SkipGram,125
croatian_extremist,0.5916787981987,terrorist,1961-1980,SkipGram,126
punish_responsible,0.5900177359580994,terrorist,1961-1980,SkipGram,127
ambassador_sweden,0.5898421406745911,terrorist,1961-1980,SkipGram,128
croatian_hijacker,0.5898357629776001,terrorist,1961-1980,SkipGram,129
belong_red_brigade,0.589616060256958,terrorist,1961-1980,SkipGram,130
antiterrorist_campaign,0.5895496606826782,terrorist,1961-1980,SkipGram,131
fervently,0.5893505215644836,terrorist,1961-1980,SkipGram,132
radio_commentator,0.5892525911331177,terrorist,1961-1980,SkipGram,133
siege_end,0.5885857343673706,terrorist,1961-1980,SkipGram,134
kidnapping_torture,0.5884978771209717,terrorist,1961-1980,SkipGram,135
maim_kill,0.5873830914497375,terrorist,1961-1980,SkipGram,136
gunbattle,0.5873203873634338,terrorist,1961-1980,SkipGram,137
kidnapping_coming,0.5870993137359619,terrorist,1961-1980,SkipGram,138
tough_antiterrorist,0.5868574976921082,terrorist,1961-1980,SkipGram,139
pierre_quebec_minister,0.5867085456848145,terrorist,1961-1980,SkipGram,140
sicca_bangladesh,0.5865619778633118,terrorist,1961-1980,SkipGram,141
despicable_act,0.5863713622093201,terrorist,1961-1980,SkipGram,142
fiat_executive,0.5863701701164246,terrorist,1961-1980,SkipGram,143
netherlands_dutch,0.5863531231880188,terrorist,1961-1980,SkipGram,144
athens_airport_lounge,0.5858449935913086,terrorist,1961-1980,SkipGram,145
refuse_diverge,0.585722029209137,terrorist,1961-1980,SkipGram,146
robert_hershey,0.5854155421257019,terrorist,1961-1980,SkipGram,147
prosecute_punish,0.5849560499191284,terrorist,1961-1980,SkipGram,148
liberation_tiger,0.5847561359405518,terrorist,1961-1980,SkipGram,149
amsterdam_netherlands_dec,0.5846896767616272,terrorist,1961-1980,SkipGram,150
assassination_coming,0.5841840505599976,terrorist,1961-1980,SkipGram,151
death_innocent,0.5840786695480347,terrorist,1961-1980,SkipGram,152
special_times_santo_domingo,0.584057629108429,terrorist,1961-1980,SkipGram,153
perpetrator_crime,0.5838974714279175,terrorist,1961-1980,SkipGram,154
gun_grenade,0.5835461616516113,terrorist,1961-1980,SkipGram,155
instigation,0.5831655263900757,terrorist,1961-1980,SkipGram,156
ambassador_von,0.5828725695610046,terrorist,1961-1980,SkipGram,157
hurl_hand_grenade,0.5828194618225098,terrorist,1961-1980,SkipGram,158
hijacker_seize,0.5820459127426147,terrorist,1961-1980,SkipGram,159
depredation,0.5815364122390747,terrorist,1961-1980,SkipGram,160
thousand_leaflet,0.5813270807266235,terrorist,1961-1980,SkipGram,161
andrew_malcolm,0.5811778903007507,terrorist,1961-1980,SkipGram,162
hijack_plane,0.5811565518379211,terrorist,1961-1980,SkipGram,163
airline_athens,0.5806481242179871,terrorist,1961-1980,SkipGram,164
greek_catholic_archbishop,0.5798205733299255,terrorist,1961-1980,SkipGram,165
sweeps,0.5796641111373901,terrorist,1961-1980,SkipGram,166
passenger_freeman,0.5792916417121887,terrorist,1961-1980,SkipGram,167
relatively_calm,0.5791903138160706,terrorist,1961-1980,SkipGram,168
bind_el_iv,0.579113245010376,terrorist,1961-1980,SkipGram,169
detain_indefinitely,0.5790345668792725,terrorist,1961-1980,SkipGram,170
raise_toll,0.5789219737052917,terrorist,1961-1980,SkipGram,171
kill,0.5787408947944641,terrorist,1961-1980,SkipGram,172
interior_minister_michel,0.5787315964698792,terrorist,1961-1980,SkipGram,173
kidnap,0.5782148241996765,terrorist,1961-1980,SkipGram,174
extremist_group,0.5778603553771973,terrorist,1961-1980,SkipGram,175
antifascist_resistance_group,0.5778234004974365,terrorist,1961-1980,SkipGram,176
prima_line_front_line,0.5771528482437134,terrorist,1961-1980,SkipGram,177
violence,0.5771472454071045,terrorist,1961-1980,SkipGram,178
coming_kidnap,0.5767375230789185,terrorist,1961-1980,SkipGram,179
kidnapping_patricia_hearst,0.5766808390617371,terrorist,1961-1980,SkipGram,180
nationwide_search,0.5766046047210693,terrorist,1961-1980,SkipGram,181
kidnapping,0.5762889385223389,terrorist,1961-1980,SkipGram,182
american_serviceman,0.5761618614196777,terrorist,1961-1980,SkipGram,183
seize_quantity,0.576152503490448,terrorist,1961-1980,SkipGram,184
desperado,0.5760352611541748,terrorist,1961-1980,SkipGram,185
riot_disorder,0.5757613778114319,terrorist,1961-1980,SkipGram,186
hacking,0.5755565762519836,terrorist,1961-1980,SkipGram,187
attempt_suppress,0.5754894018173218,terrorist,1961-1980,SkipGram,188
casement,0.5753481388092041,terrorist,1961-1980,SkipGram,189
immediately_afterward,0.5751554369926453,terrorist,1961-1980,SkipGram,190
kidnapping_murder,0.5750982165336609,terrorist,1961-1980,SkipGram,191
hearted_attempt,0.5742455124855042,terrorist,1961-1980,SkipGram,192
iv_highway,0.5740492939949036,terrorist,1961-1980,SkipGram,193
murder,0.5740302801132202,terrorist,1961-1980,SkipGram,194
ovary,0.574026346206665,terrorist,1961-1980,SkipGram,195
murder_innocent,0.5739436745643616,terrorist,1961-1980,SkipGram,196
hack_jetliner,0.5738743543624878,terrorist,1961-1980,SkipGram,197
chief_prosecution_siegfrie,0.573753833770752,terrorist,1961-1980,SkipGram,198
airline_jetliner,0.5736424922943115,terrorist,1961-1980,SkipGram,199
ambassador_sudan,0.573531985282898,terrorist,1961-1980,SkipGram,200
embassy_stockholm,0.5733720660209656,terrorist,1961-1980,SkipGram,201
turin_italy,0.5733273029327393,terrorist,1961-1980,SkipGram,202
guerrilla_las,0.57230544090271,terrorist,1961-1980,SkipGram,203
ransom_million,0.5722723603248596,terrorist,1961-1980,SkipGram,204
hour_siege,0.5720431208610535,terrorist,1961-1980,SkipGram,205
inspect_damage,0.5719257593154907,terrorist,1961-1980,SkipGram,206
integument_trial_suspect,0.5716838240623474,terrorist,1961-1980,SkipGram,207
move_decisively,0.5716692209243774,terrorist,1961-1980,SkipGram,208
infiltration_sabotage,0.5715106725692749,terrorist,1961-1980,SkipGram,209
murder_kidnapping,0.5714883804321289,terrorist,1961-1980,SkipGram,210
operator_developer,0.5712342858314514,terrorist,1961-1980,SkipGram,211
hijacker,0.5710266828536987,terrorist,1961-1980,SkipGram,212
croatian_separatist,0.570988118648529,terrorist,1961-1980,SkipGram,213
chilean_exile,0.5709736347198486,terrorist,1961-1980,SkipGram,214
aerial_hacking,0.5704998970031738,terrorist,1961-1980,SkipGram,215
disciplinary_measure,0.5701681971549988,terrorist,1961-1980,SkipGram,216
allege_potter,0.5701578259468079,terrorist,1961-1980,SkipGram,217
illegal_arm,0.570075273513794,terrorist,1961-1980,SkipGram,218
fringe_group,0.5698621273040771,terrorist,1961-1980,SkipGram,219
veil_appeal,0.5695449709892273,terrorist,1961-1980,SkipGram,220
wave_kidnapping,0.5689709782600403,terrorist,1961-1980,SkipGram,221
abductor_demand,0.5689648985862732,terrorist,1961-1980,SkipGram,222
jet_hack,0.568694531917572,terrorist,1961-1980,SkipGram,223
air_lines,0.5686765313148499,terrorist,1961-1980,SkipGram,224
escape_jail,0.5683569312095642,terrorist,1961-1980,SkipGram,225
hijackers,0.5682066082954407,terrorist,1961-1980,SkipGram,226
airplane_hijacker,0.5678375363349915,terrorist,1961-1980,SkipGram,227
ignoble,0.567535936832428,terrorist,1961-1980,SkipGram,228
scatter_incident,0.5675323605537415,terrorist,1961-1980,SkipGram,229
discovery_ache,0.5671775937080383,terrorist,1961-1980,SkipGram,230
industrialism_kidnap,0.566909670829773,terrorist,1961-1980,SkipGram,231
find_refuge,0.5668712854385376,terrorist,1961-1980,SkipGram,232
main_avenue,0.566400408744812,terrorist,1961-1980,SkipGram,233
kid_tap,0.5663871169090271,terrorist,1961-1980,SkipGram,234
ambassador_burke_brick,0.5661004185676575,terrorist,1961-1980,SkipGram,235
guilty_crime,0.5658469200134277,terrorist,1961-1980,SkipGram,236
ramirez_ranch,0.5657548308372498,terrorist,1961-1980,SkipGram,237
hurl_bomb,0.5655268430709839,terrorist,1961-1980,SkipGram,238
count_karl_von,0.5654951930046082,terrorist,1961-1980,SkipGram,239
horrible_crime,0.5651940107345581,terrorist,1961-1980,SkipGram,240
radio_station_broadcast,0.564337432384491,terrorist,1961-1980,SkipGram,241
charge_simplicity,0.5635842680931091,terrorist,1961-1980,SkipGram,242
express_profound,0.5635585188865662,terrorist,1961-1980,SkipGram,243
revolt_binary,0.5635433793067932,terrorist,1961-1980,SkipGram,244
demand_million_ransom,0.5635285377502441,terrorist,1961-1980,SkipGram,245
torture_murder,0.5633519887924194,terrorist,1961-1980,SkipGram,246
croatian_nationalist,0.5631619095802307,terrorist,1961-1980,SkipGram,247
senseless_act,0.5630472898483276,terrorist,1961-1980,SkipGram,248
tour_bus,0.5630380511283875,terrorist,1961-1980,SkipGram,249
least_wound,0.562532365322113,terrorist,1961-1980,SkipGram,250
person_property,0.562443196773529,terrorist,1961-1980,SkipGram,251
twa,0.56202632188797,terrorist,1961-1980,SkipGram,252
sacre,0.5619372129440308,terrorist,1961-1980,SkipGram,253
arrest_suspicion,0.5618508458137512,terrorist,1961-1980,SkipGram,254
assault_intent,0.561729371547699,terrorist,1961-1980,SkipGram,255
extensive_search,0.5616284012794495,terrorist,1961-1980,SkipGram,256
responsible_death,0.5611198544502258,terrorist,1961-1980,SkipGram,257
algiers_rightist,0.5608274936676025,terrorist,1961-1980,SkipGram,258
swiss_ambassador,0.5607741475105286,terrorist,1961-1980,SkipGram,259
immediate_indication,0.5606276392936707,terrorist,1961-1980,SkipGram,260
wild_shooting,0.5606071352958679,terrorist,1961-1980,SkipGram,261
prison_convict,0.5605947375297546,terrorist,1961-1980,SkipGram,262
austrian_customs,0.5605822205543518,terrorist,1961-1980,SkipGram,263
hunger_striker,0.5601565837860107,terrorist,1961-1980,SkipGram,264
distribute_literature,0.560018002986908,terrorist,1961-1980,SkipGram,265
spanish_initial,0.5598037838935852,terrorist,1961-1980,SkipGram,266
french_foreign_ministry,0.5595930218696594,terrorist,1961-1980,SkipGram,267
explosion_rock,0.559585452079773,terrorist,1961-1980,SkipGram,268
spray_bonfire,0.5592425465583801,terrorist,1961-1980,SkipGram,269
hacking_plane,0.5592296719551086,terrorist,1961-1980,SkipGram,270
appeal_calm,0.5591074824333191,terrorist,1961-1980,SkipGram,271
outhouse_france,0.5590707659721375,terrorist,1961-1980,SkipGram,272
aim_primarily,0.5585474371910095,terrorist,1961-1980,SkipGram,273
adviser_uruguayan,0.5584779977798462,terrorist,1961-1980,SkipGram,274
unknown_assailant,0.5583191514015198,terrorist,1961-1980,SkipGram,275
crank_call,0.5582576990127563,terrorist,1961-1980,SkipGram,276
terrorising,0.5582258105278015,terrorist,1961-1980,SkipGram,277
aerial_pray,0.5578784942626953,terrorist,1961-1980,SkipGram,278
stasis,0.5578004717826843,terrorist,1961-1980,SkipGram,279
formally_charge,0.5577604174613953,terrorist,1961-1980,SkipGram,280
jetliner_el_iv,0.5575901865959167,terrorist,1961-1980,SkipGram,281
politically_motivate,0.5575798749923706,terrorist,1961-1980,SkipGram,282
spectacular_kidnapping,0.5574952363967896,terrorist,1961-1980,SkipGram,283
clue_whereabouts,0.5573681592941284,terrorist,1961-1980,SkipGram,284
austria_chancellor,0.5571852922439575,terrorist,1961-1980,SkipGram,285
ambassador_jacques,0.5569802522659302,terrorist,1961-1980,SkipGram,286
foreign_minister_orlando,0.5569425821304321,terrorist,1961-1980,SkipGram,287
hack_airline,0.5567653179168701,terrorist,1961-1980,SkipGram,288
uruguay_uruguay,0.5566684007644653,terrorist,1961-1980,SkipGram,289
law_croissant,0.5566291809082031,terrorist,1961-1980,SkipGram,290
millionaire_publisher,0.5563479661941528,terrorist,1961-1980,SkipGram,291
ordinary_criminal,0.5562834739685059,terrorist,1961-1980,SkipGram,292
punitive_expedition,0.5561215877532959,terrorist,1961-1980,SkipGram,293
spokesman_palestine_liberation,0.5560744404792786,terrorist,1961-1980,SkipGram,294
richard_burt,0.55587238073349,terrorist,1961-1980,SkipGram,295
algier_rightist,0.55583655834198,terrorist,1961-1980,SkipGram,296
charge_treason,0.5558050274848938,terrorist,1961-1980,SkipGram,297
hold_ransom,0.5557109713554382,terrorist,1961-1980,SkipGram,298
florist,0.5556004643440247,terrorist,1961-1980,SkipGram,299
intensive_investigation,0.5555893182754517,terrorist,1961-1980,SkipGram,300
guerrillas,0.5554785132408142,terrorist,1961-1980,SkipGram,301
hang_cell,0.5553529262542725,terrorist,1961-1980,SkipGram,302
amsterdam_airport,0.5553240180015564,terrorist,1961-1980,SkipGram,303
crime_perpetrate,0.5552857518196106,terrorist,1961-1980,SkipGram,304
thirteen_wound,0.5551623702049255,terrorist,1961-1980,SkipGram,305
wanton_act,0.5551310181617737,terrorist,1961-1980,SkipGram,306
slaughter_innocent,0.5551297068595886,terrorist,1961-1980,SkipGram,307
raise_speculation,0.5549772381782532,terrorist,1961-1980,SkipGram,308
dastardly,0.5547771453857422,terrorist,1961-1980,SkipGram,309
indonesian_consult,0.5547634363174438,terrorist,1961-1980,SkipGram,310
labor_agitator,0.5545459985733032,terrorist,1961-1980,SkipGram,311
interpol_international_police,0.5544664859771729,terrorist,1961-1980,SkipGram,312
explode_bomb,0.554466187953949,terrorist,1961-1980,SkipGram,313
rear_technician,0.5542789101600647,terrorist,1961-1980,SkipGram,314
antifascist_rally,0.5539582967758179,terrorist,1961-1980,SkipGram,315
contemporary_society,0.5535654425621033,terrorist,1961-1980,SkipGram,316
japanese_red,0.5534291863441467,terrorist,1961-1980,SkipGram,317
express_anger,0.5531433820724487,terrorist,1961-1980,SkipGram,318
coming_assassination,0.5531041622161865,terrorist,1961-1980,SkipGram,319
swiss_ambassador_giovanni_rico,0.5529181361198425,terrorist,1961-1980,SkipGram,320
airport_lounge,0.5528480410575867,terrorist,1961-1980,SkipGram,321
attack,0.5526074171066284,terrorist,1961-1980,SkipGram,322
american_diplomats,0.5524992346763611,terrorist,1961-1980,SkipGram,323
francis_wizard,0.5524672269821167,terrorist,1961-1980,SkipGram,324
hack_aircraft,0.5524582862854004,terrorist,1961-1980,SkipGram,325
aboard_jet,0.5523969531059265,terrorist,1961-1980,SkipGram,326
provocateur,0.5522338151931763,terrorist,1961-1980,SkipGram,327
cruel_inhuman,0.5522064566612244,terrorist,1961-1980,SkipGram,328
venezuelan_authority,0.5519357919692993,terrorist,1961-1980,SkipGram,329
diplomatic_passport,0.5518798232078552,terrorist,1961-1980,SkipGram,330
violate_sovereignty,0.5509515404701233,terrorist,1961-1980,SkipGram,331
hack_japan,0.5507771968841553,terrorist,1961-1980,SkipGram,332
command_storm_hack,0.5505809783935547,terrorist,1961-1980,SkipGram,333
become_battleground,0.5504629611968994,terrorist,1961-1980,SkipGram,334
croup,0.5504103302955627,terrorist,1961-1980,SkipGram,335
mohammed_loud,0.5503774881362915,terrorist,1961-1980,SkipGram,336
dutch_psychiatrist,0.5501938462257385,terrorist,1961-1980,SkipGram,337
hi_pack,0.5495648980140686,terrorist,1961-1980,SkipGram,338
ciudad_oliver,0.5494623184204102,terrorist,1961-1980,SkipGram,339
hack_airplane,0.549406886100769,terrorist,1961-1980,SkipGram,340
contemptible,0.549369752407074,terrorist,1961-1980,SkipGram,341
mask_luman,0.5492286086082458,terrorist,1961-1980,SkipGram,342
extreme_extreme,0.5491423606872559,terrorist,1961-1980,SkipGram,343
evidence_link,0.5488971471786499,terrorist,1961-1980,SkipGram,344
wanton_murder,0.5487596392631531,terrorist,1961-1980,SkipGram,345
pierre_quebec_labor,0.5486118793487549,terrorist,1961-1980,SkipGram,346
hack_jet,0.5486080646514893,terrorist,1961-1980,SkipGram,347
perpetrator,0.5485478043556213,terrorist,1961-1980,SkipGram,348
franco_decree,0.5485407114028931,terrorist,1961-1980,SkipGram,349
vienna_headquarters,0.548236608505249,terrorist,1961-1980,SkipGram,350
rougher_measure,0.5481892824172974,terrorist,1961-1980,SkipGram,351
assassination_kidnapping,0.5481244921684265,terrorist,1961-1980,SkipGram,352
coldblooded_murder,0.5478906035423279,terrorist,1961-1980,SkipGram,353
tibia_tibia,0.5478227734565735,terrorist,1961-1980,SkipGram,354
europeans_algier,0.547522246837616,terrorist,1961-1980,SkipGram,355
airliner,0.5473279356956482,terrorist,1961-1980,SkipGram,356
whatever_motive,0.5472224354743958,terrorist,1961-1980,SkipGram,357
outbreak_violence,0.54710853099823,terrorist,1961-1980,SkipGram,358
rev_clarion,0.5470297932624817,terrorist,1961-1980,SkipGram,359
refusal_extradite,0.5469902753829956,terrorist,1961-1980,SkipGram,360
interrogative_prisoner,0.5469624996185303,terrorist,1961-1980,SkipGram,361
impose_strict,0.5468695759773254,terrorist,1961-1980,SkipGram,362
ambassador_count_karl,0.5468308329582214,terrorist,1961-1980,SkipGram,363
military_barrack,0.5466727018356323,terrorist,1961-1980,SkipGram,364
express_deep_regret,0.5466645359992981,terrorist,1961-1980,SkipGram,365
commuted,0.5466562509536743,terrorist,1961-1980,SkipGram,366
suspects,0.5465390086174011,terrorist,1961-1980,SkipGram,367
threat_seriously,0.5464112162590027,terrorist,1961-1980,SkipGram,368
message_red_brigade,0.546355664730072,terrorist,1961-1980,SkipGram,369
auto_theft,0.5463190674781799,terrorist,1961-1980,SkipGram,370
subversion_sabotage,0.5459810495376587,terrorist,1961-1980,SkipGram,371
systematic_torture,0.5457393527030945,terrorist,1961-1980,SkipGram,372
court_martial,0.5454909205436707,terrorist,1961-1980,SkipGram,373
fatal_shoot,0.5454765558242798,terrorist,1961-1980,SkipGram,374
scorch_earth,0.5452046990394592,terrorist,1961-1980,SkipGram,375
safe_conduct,0.5450659990310669,terrorist,1961-1980,SkipGram,376
bordeaux_france,0.544960081577301,terrorist,1961-1980,SkipGram,377
bloody_riot,0.5448675751686096,terrorist,1961-1980,SkipGram,378
inspired,0.5447663068771362,terrorist,1961-1980,SkipGram,379
suspect_involvement,0.5445570945739746,terrorist,1961-1980,SkipGram,380
apparent_reprisal,0.5444048643112183,terrorist,1961-1980,SkipGram,381
dutch_brain,0.5443267822265625,terrorist,1961-1980,SkipGram,382
hussein,0.5442825555801392,terrorist,1961-1980,SkipGram,383
violent_tactic,0.5437092781066895,terrorist,1961-1980,SkipGram,384
unknown_number,0.5436506271362305,terrorist,1961-1980,SkipGram,385
japanese_red_army,0.5436168909072876,terrorist,1961-1980,SkipGram,386
italian_magistrate,0.5435864329338074,terrorist,1961-1980,SkipGram,387
airline_jet,0.5434383749961853,terrorist,1961-1980,SkipGram,388
conspire_commit,0.5434116125106812,terrorist,1961-1980,SkipGram,389
per_son,0.543372392654419,terrorist,1961-1980,SkipGram,390
imprison_comrade,0.5432834625244141,terrorist,1961-1980,SkipGram,391
prosecution_siegfrie,0.5432338118553162,terrorist,1961-1980,SkipGram,392
turkey_howe,0.543041467666626,terrorist,1961-1980,SkipGram,393
deny_rumor,0.5430334210395813,terrorist,1961-1980,SkipGram,394
eagle_palestine_revolution,0.5429892539978027,terrorist,1961-1980,SkipGram,395
storm_hack,0.5429686903953552,terrorist,1961-1980,SkipGram,396
convict_sentence,0.5429217219352722,terrorist,1961-1980,SkipGram,397
comply_demand,0.5425662994384766,terrorist,1961-1980,SkipGram,398
maids,0.542427659034729,terrorist,1961-1980,SkipGram,399
dead_athen,0.5422948598861694,terrorist,1961-1980,SkipGram,400
prominent_industrialism,0.5422655940055847,terrorist,1961-1980,SkipGram,401
prime_suspect,0.5421464443206787,terrorist,1961-1980,SkipGram,402
unconfirme_report,0.5421057939529419,terrorist,1961-1980,SkipGram,403
diplomatic_personnel,0.5418423414230347,terrorist,1961-1980,SkipGram,404
steal_taxi,0.5417560935020447,terrorist,1961-1980,SkipGram,405
vienna_sov,0.5415684580802917,terrorist,1961-1980,SkipGram,406
casque_copeland,0.5415421724319458,terrorist,1961-1980,SkipGram,407
refuse_submit,0.5414876937866211,terrorist,1961-1980,SkipGram,408
prove_hoax,0.5414496660232544,terrorist,1961-1980,SkipGram,409
lebanese_coast,0.5413554310798645,terrorist,1961-1980,SkipGram,410
businessman_kidnap,0.5412442684173584,terrorist,1961-1980,SkipGram,411
seek_revenge,0.5410435795783997,terrorist,1961-1980,SkipGram,412
physical_violence,0.5409719347953796,terrorist,1961-1980,SkipGram,413
ire,0.5404746532440186,terrorist,1961-1980,SkipGram,414
tibia_arm_smuggle,0.5403213500976562,terrorist,1961-1980,SkipGram,415
constant_visitor,0.5402151942253113,terrorist,1961-1980,SkipGram,416
flea,0.5400891900062561,terrorist,1961-1980,SkipGram,417
demonstration_riot,0.5399571657180786,terrorist,1961-1980,SkipGram,418
convention_prevention_punishment,0.5398281812667847,terrorist,1961-1980,SkipGram,419
irish_republicans,0.5397740602493286,terrorist,1961-1980,SkipGram,420
terror_suspect,0.5393980145454407,terrorist,1961-1980,SkipGram,421
mastermind,0.5390454530715942,terrorist,1961-1980,SkipGram,422
carry_firearm,0.5387902855873108,terrorist,1961-1980,SkipGram,423
crime,0.5387619733810425,terrorist,1961-1980,SkipGram,424
commit_aggression,0.5387462377548218,terrorist,1961-1980,SkipGram,425
grant_political_asylum,0.5387287735939026,terrorist,1961-1980,SkipGram,426
senselessness,0.5386195182800293,terrorist,1961-1980,SkipGram,427
violent_protest,0.5385755896568298,terrorist,1961-1980,SkipGram,428
worldwide_attention,0.5380836725234985,terrorist,1961-1980,SkipGram,429
night_watchman,0.5378615260124207,terrorist,1961-1980,SkipGram,430
virtual_siege,0.5378562808036804,terrorist,1961-1980,SkipGram,431
hack_trans,0.5377569198608398,terrorist,1961-1980,SkipGram,432
propaganda_sabotage,0.5377095937728882,terrorist,1961-1980,SkipGram,433
antifascist_revolutionary,0.5375834107398987,terrorist,1961-1980,SkipGram,434
olympic_village_munich,0.5374204516410828,terrorist,1961-1980,SkipGram,435
export_vienna,0.5374183654785156,terrorist,1961-1980,SkipGram,436
massacre_munich,0.5372689366340637,terrorist,1961-1980,SkipGram,437
conference_nonaligne,0.5370529294013977,terrorist,1961-1980,SkipGram,438
kidnap_red_brigade,0.5369065999984741,terrorist,1961-1980,SkipGram,439
gunmen,0.536858081817627,terrorist,1961-1980,SkipGram,440
athlete_munich,0.5366410613059998,terrorist,1961-1980,SkipGram,441
abduction_murder,0.5366328358650208,terrorist,1961-1980,SkipGram,442
accomplice,0.5363995432853699,terrorist,1961-1980,SkipGram,443
effort_discredit,0.5362645387649536,terrorist,1961-1980,SkipGram,444
premeditate,0.53607577085495,terrorist,1961-1980,SkipGram,445
apparent_attempt,0.5358938574790955,terrorist,1961-1980,SkipGram,446
special_antiterrorist,0.5357838869094849,terrorist,1961-1980,SkipGram,447
internal_subversion,0.5356126427650452,terrorist,1961-1980,SkipGram,448
venezuelan_consulate,0.5355975031852722,terrorist,1961-1980,SkipGram,449
suicide_attempt,0.5354877710342407,terrorist,1961-1980,SkipGram,450
algiers_tripoli,0.5353413820266724,terrorist,1961-1980,SkipGram,451
coming_arson,0.5352807641029358,terrorist,1961-1980,SkipGram,452
catholic_clergy,0.5352469086647034,terrorist,1961-1980,SkipGram,453
amateurish,0.5350911617279053,terrorist,1961-1980,SkipGram,454
murder_israel_athletes,0.5350009202957153,terrorist,1961-1980,SkipGram,455
create_chaos,0.5349964499473572,terrorist,1961-1980,SkipGram,456
ex_premise,0.5349686145782471,terrorist,1961-1980,SkipGram,457
narrowly_miss,0.5345680117607117,terrorist,1961-1980,SkipGram,458
headquarters_vienna,0.5345677137374878,terrorist,1961-1980,SkipGram,459
attempt_blackmail,0.5343815684318542,terrorist,1961-1980,SkipGram,460
gunfight,0.5343796014785767,terrorist,1961-1980,SkipGram,461
emotionalism,0.5342275500297546,terrorist,1961-1980,SkipGram,462
path_conquest,0.5336331129074097,terrorist,1961-1980,SkipGram,463
beyond_reasonable_doubt,0.5334592461585999,terrorist,1961-1980,SkipGram,464
sheraton_hotel,0.5332422256469727,terrorist,1961-1980,SkipGram,465
extortion,0.5332368016242981,terrorist,1961-1980,SkipGram,466
repeat_offender,0.5331984758377075,terrorist,1961-1980,SkipGram,467
olympic_james_munich,0.5331571698188782,terrorist,1961-1980,SkipGram,468
fight_erupt,0.533052921295166,terrorist,1961-1980,SkipGram,469
wherever_find,0.5330196619033813,terrorist,1961-1980,SkipGram,470
tightknit,0.5329148769378662,terrorist,1961-1980,SkipGram,471
struggle_liberation,0.5328570008277893,terrorist,1961-1980,SkipGram,472
apparently_retaliation,0.5328214168548584,terrorist,1961-1980,SkipGram,473
rome_web,0.5328189134597778,terrorist,1961-1980,SkipGram,474
despite_intensive,0.5328071713447571,terrorist,1961-1980,SkipGram,475
conspired,0.5326682329177856,terrorist,1961-1980,SkipGram,476
penis_mayor,0.5325989723205566,terrorist,1961-1980,SkipGram,477
rise_incidence,0.5321786999702454,terrorist,1961-1980,SkipGram,478
hack,0.5318637490272522,terrorist,1961-1980,SkipGram,479
oppressive_measure,0.5317395925521851,terrorist,1961-1980,SkipGram,480
coup_overthrow,0.5316919684410095,terrorist,1961-1980,SkipGram,481
aboard_hack,0.5314883589744568,terrorist,1961-1980,SkipGram,482
free_bond,0.5314546823501587,terrorist,1961-1980,SkipGram,483
retaliatory_strike,0.5313258767127991,terrorist,1961-1980,SkipGram,484
throughout_europe,0.531284749507904,terrorist,1961-1980,SkipGram,485
french_embassy,0.5312719941139221,terrorist,1961-1980,SkipGram,486
red_army_faction,0.531265914440155,terrorist,1961-1980,SkipGram,487
unknown_person,0.5310570001602173,terrorist,1961-1980,SkipGram,488
carry_death_penalty,0.5309969186782837,terrorist,1961-1980,SkipGram,489
ambassador_geoffrey,0.5309465527534485,terrorist,1961-1980,SkipGram,490
toll_dead,0.530870795249939,terrorist,1961-1980,SkipGram,491
aim_disrupt,0.5308573842048645,terrorist,1961-1980,SkipGram,492
south_florida,0.5308331847190857,terrorist,1961-1980,SkipGram,493
exile_netherlands,0.5306797027587891,terrorist,1961-1980,SkipGram,494
international_terrorism,0.7006035447120667,terrorism,1981-20010910,CBOW,1
terror,0.6221907138824463,terrorism,1981-20010910,CBOW,2
terrorist_activity,0.5704770684242249,terrorism,1981-20010910,CBOW,3
sponsor_terrorism,0.5539494156837463,terrorism,1981-20010910,CBOW,4
act_terrorism,0.5068453550338745,terrorism,1981-20010910,CBOW,5
combat_terrorism,0.4637683928012848,terrorism,1981-20010910,CBOW,6
terrorist_attack,0.4463670551776886,terrorism,1981-20010910,CBOW,7
fight_terrorism,0.44517582654953003,terrorism,1981-20010910,CBOW,8
subversion,0.4293457865715027,terrorism,1981-20010910,CBOW,9
terrorist,0.42840149998664856,terrorism,1981-20010910,CBOW,10
terrorist_organization,0.41667884588241577,terrorism,1981-20010910,CBOW,11
act_violence,0.41290947794914246,terrorism,1981-20010910,CBOW,12
specifically,0.3980180621147156,terrorism,1981-20010910,CBOW,13
aggression,0.38331130146980286,terrorism,1981-20010910,CBOW,14
violent_act,0.3799687922000885,terrorism,1981-20010910,CBOW,15
mass_murder,0.37881648540496826,terrorism,1981-20010910,CBOW,16
violence,0.3712867796421051,terrorism,1981-20010910,CBOW,17
terror_attack,0.3602456748485565,terrorism,1981-20010910,CBOW,18
drug_traffic,0.3594699800014496,terrorism,1981-20010910,CBOW,19
create_atmosphere,0.3594282269477844,terrorism,1981-20010910,CBOW,20
global_terrorism,0.3582666516304016,terrorism,1981-20010910,CBOW,21
indiscriminate_violence,0.3563949763774872,terrorism,1981-20010910,CBOW,22
blackmail,0.3529755771160126,terrorism,1981-20010910,CBOW,23
violent_activity,0.351260781288147,terrorism,1981-20010910,CBOW,24
international_cooperation,0.34874334931373596,terrorism,1981-20010910,CBOW,25
abhorrent,0.3445044457912445,terrorism,1981-20010910,CBOW,26
narcotic_traffic,0.3437269926071167,terrorism,1981-20010910,CBOW,27
terrorism_subversion,0.34260156750679016,terrorism,1981-20010910,CBOW,28
scourge_terrorism,0.334979385137558,terrorism,1981-20010910,CBOW,29
repugnant,0.3335164785385132,terrorism,1981-20010910,CBOW,30
intimidation,0.33327001333236694,terrorism,1981-20010910,CBOW,31
sponsorship_terrorism,0.3329063355922699,terrorism,1981-20010910,CBOW,32
unwarranted,0.3324774205684662,terrorism,1981-20010910,CBOW,33
retaliatory_action,0.33186835050582886,terrorism,1981-20010910,CBOW,34
menace,0.3302140235900879,terrorism,1981-20010910,CBOW,35
tough_measure,0.3284814655780792,terrorism,1981-20010910,CBOW,36
criminal_act,0.3281753361225128,terrorism,1981-20010910,CBOW,37
intransigence,0.32427531480789185,terrorism,1981-20010910,CBOW,38
intensification,0.3241044580936432,terrorism,1981-20010910,CBOW,39
islamic_militant,0.3240944743156433,terrorism,1981-20010910,CBOW,40
disassociate,0.3209499716758728,terrorism,1981-20010910,CBOW,41
dirty_war,0.3170894682407379,terrorism,1981-20010910,CBOW,42
lawlessness,0.3145209550857544,terrorism,1981-20010910,CBOW,43
urban_terrorism,0.31439468264579773,terrorism,1981-20010910,CBOW,44
criminal_activity,0.31365635991096497,terrorism,1981-20010910,CBOW,45
definitively,0.3135914206504822,terrorism,1981-20010910,CBOW,46
harbor_terrorist,0.3130232095718384,terrorism,1981-20010910,CBOW,47
drug_trafficking,0.3129475712776184,terrorism,1981-20010910,CBOW,48
islamic_extremist,0.31205061078071594,terrorism,1981-20010910,CBOW,49
kidnapping,0.31030547618865967,terrorism,1981-20010910,CBOW,50
fanaticism,0.31023719906806946,terrorism,1981-20010910,CBOW,51
particular_concern,0.30886343121528625,terrorism,1981-20010910,CBOW,52
perpetrator,0.3077183961868286,terrorism,1981-20010910,CBOW,53
extremism,0.30757734179496765,terrorism,1981-20010910,CBOW,54
anti_terrorism,0.30704808235168457,terrorism,1981-20010910,CBOW,55
serious_crime,0.3056705594062805,terrorism,1981-20010910,CBOW,56
crime,0.3052341341972351,terrorism,1981-20010910,CBOW,57
categorically_deny,0.3035181164741516,terrorism,1981-20010910,CBOW,58
concrete_action,0.30308741331100464,terrorism,1981-20010910,CBOW,59
escalation,0.3025999963283539,terrorism,1981-20010910,CBOW,60
condone,0.30188313126564026,terrorism,1981-20010910,CBOW,61
subversive_activity,0.30186155438423157,terrorism,1981-20010910,CBOW,62
drug_trade,0.3013462722301483,terrorism,1981-20010910,CBOW,63
turn_blind_eye,0.3012806177139282,terrorism,1981-20010910,CBOW,64
instigate,0.3003213703632355,terrorism,1981-20010910,CBOW,65
atrocity,0.29984939098358154,terrorism,1981-20010910,CBOW,66
disinformation_campaign,0.29958102107048035,terrorism,1981-20010910,CBOW,67
incitement,0.29916325211524963,terrorism,1981-20010910,CBOW,68
armed_conflict,0.29889988899230957,terrorism,1981-20010910,CBOW,69
act_aggression,0.2984411120414734,terrorism,1981-20010910,CBOW,70
renew_violence,0.2983769178390503,terrorism,1981-20010910,CBOW,71
death_squad,0.29833126068115234,terrorism,1981-20010910,CBOW,72
extremist,0.29804685711860657,terrorism,1981-20010910,CBOW,73
exchange_information,0.2976703643798828,terrorism,1981-20010910,CBOW,74
worrisome,0.2975359559059143,terrorism,1981-20010910,CBOW,75
radical_islamic,0.2970483899116516,terrorism,1981-20010910,CBOW,76
evil,0.2964426279067993,terrorism,1981-20010910,CBOW,77
libya_sudan,0.2953796982765198,terrorism,1981-20010910,CBOW,78
sensitive_issue,0.29480087757110596,terrorism,1981-20010910,CBOW,79
hijacking,0.2944466471672058,terrorism,1981-20010910,CBOW,80
outbreak,0.2938382923603058,terrorism,1981-20010910,CBOW,81
crime_humanity,0.2930046319961548,terrorism,1981-20010910,CBOW,82
preventive,0.2924865484237671,terrorism,1981-20010910,CBOW,83
intolerable,0.29247069358825684,terrorism,1981-20010910,CBOW,84
human_right_violation,0.2923465967178345,terrorism,1981-20010910,CBOW,85
treachery,0.2916519045829773,terrorism,1981-20010910,CBOW,86
imperialism,0.29135823249816895,terrorism,1981-20010910,CBOW,87
home_abroad,0.2907693088054657,terrorism,1981-20010910,CBOW,88
retaliatory,0.29041191935539246,terrorism,1981-20010910,CBOW,89
double_standard,0.28897637128829956,terrorism,1981-20010910,CBOW,90
barbaric,0.2888280153274536,terrorism,1981-20010910,CBOW,91
violation_human_right,0.2872364819049835,terrorism,1981-20010910,CBOW,92
credible_threat,0.28674420714378357,terrorism,1981-20010910,CBOW,93
rhetoric,0.28656676411628723,terrorism,1981-20010910,CBOW,94
directly_indirectly,0.28643590211868286,terrorism,1981-20010910,CBOW,95
unlawful,0.2862511873245239,terrorism,1981-20010910,CBOW,96
context,0.2845883369445801,terrorism,1981-20010910,CBOW,97
iranian_regime,0.28385981917381287,terrorism,1981-20010910,CBOW,98
arm_buildup,0.28363141417503357,terrorism,1981-20010910,CBOW,99
syria_iran,0.2821407616138458,terrorism,1981-20010910,CBOW,100
murderous,0.2820451259613037,terrorism,1981-20010910,CBOW,101
inevitably,0.28199830651283264,terrorism,1981-20010910,CBOW,102
pose_serious,0.2817261815071106,terrorism,1981-20010910,CBOW,103
quandary,0.28125807642936707,terrorism,1981-20010910,CBOW,104
political_climate,0.28111472725868225,terrorism,1981-20010910,CBOW,105
psychological_warfare,0.28003978729248047,terrorism,1981-20010910,CBOW,106
direct_indirect,0.2789474129676819,terrorism,1981-20010910,CBOW,107
radicalism,0.27827414870262146,terrorism,1981-20010910,CBOW,108
rome_vienna,0.27780601382255554,terrorism,1981-20010910,CBOW,109
bring_justice,0.27752286195755005,terrorism,1981-20010910,CBOW,110
intolerance,0.277271568775177,terrorism,1981-20010910,CBOW,111
counterterrorism,0.2764744162559509,terrorism,1981-20010910,CBOW,112
justification,0.2757187485694885,terrorism,1981-20010910,CBOW,113
reign_terror,0.2755134403705597,terrorism,1981-20010910,CBOW,114
civilized_society,0.27546483278274536,terrorism,1981-20010910,CBOW,115
muslim_militant,0.2749631404876709,terrorism,1981-20010910,CBOW,116
scourge,0.274882435798645,terrorism,1981-20010910,CBOW,117
persecution,0.2743757367134094,terrorism,1981-20010910,CBOW,118
publicly_condemn,0.2731090486049652,terrorism,1981-20010910,CBOW,119
human_right_advocate,0.2728044390678406,terrorism,1981-20010910,CBOW,120
appropriate_measure,0.2727075219154358,terrorism,1981-20010910,CBOW,121
innocent_civilian,0.27151644229888916,terrorism,1981-20010910,CBOW,122
trend_toward,0.2714124619960785,terrorism,1981-20010910,CBOW,123
betrayal,0.2713718116283417,terrorism,1981-20010910,CBOW,124
pretext,0.27087974548339844,terrorism,1981-20010910,CBOW,125
unequivocally,0.27072250843048096,terrorism,1981-20010910,CBOW,126
generalize,0.27064093947410583,terrorism,1981-20010910,CBOW,127
violent_crime,0.2701582610607147,terrorism,1981-20010910,CBOW,128
unjustified,0.2700721025466919,terrorism,1981-20010910,CBOW,129
warfare,0.2700295150279999,terrorism,1981-20010910,CBOW,130
refrain,0.26989251375198364,terrorism,1981-20010910,CBOW,131
hostile_act,0.2694581151008606,terrorism,1981-20010910,CBOW,132
definition_terrorism,0.26884564757347107,terrorism,1981-20010910,CBOW,133
hesitation,0.26844537258148193,terrorism,1981-20010910,CBOW,134
renounce_terrorism,0.26840105652809143,terrorism,1981-20010910,CBOW,135
col_el_libya,0.2683766782283783,terrorism,1981-20010910,CBOW,136
unacceptable,0.26725053787231445,terrorism,1981-20010910,CBOW,137
disregard,0.26714393496513367,terrorism,1981-20010910,CBOW,138
immoral,0.2670125961303711,terrorism,1981-20010910,CBOW,139
collective_punishment,0.26644375920295715,terrorism,1981-20010910,CBOW,140
genocide,0.26632264256477356,terrorism,1981-20010910,CBOW,141
linkage,0.26565733551979065,terrorism,1981-20010910,CBOW,142
overly,0.26544252038002014,terrorism,1981-20010910,CBOW,143
abuse_power,0.2650313675403595,terrorism,1981-20010910,CBOW,144
internal_affair,0.2649077773094177,terrorism,1981-20010910,CBOW,145
curb_terrorism,0.26438766717910767,terrorism,1981-20010910,CBOW,146
repressive,0.26362934708595276,terrorism,1981-20010910,CBOW,147
reject_suggestion,0.26329243183135986,terrorism,1981-20010910,CBOW,148
legitimate_right,0.2630896270275116,terrorism,1981-20010910,CBOW,149
illegal_activity,0.26261788606643677,terrorism,1981-20010910,CBOW,150
terrorist_cell,0.26240891218185425,terrorism,1981-20010910,CBOW,151
credible,0.2621510326862335,terrorism,1981-20010910,CBOW,152
anti_semitism,0.2613435983657837,terrorism,1981-20010910,CBOW,153
particular,0.2611723244190216,terrorism,1981-20010910,CBOW,154
vigilance,0.26112955808639526,terrorism,1981-20010910,CBOW,155
wage_campaign,0.2607063949108124,terrorism,1981-20010910,CBOW,156
terrorists,0.2603248953819275,terrorism,1981-20010910,CBOW,157
extremist_group,0.2602018415927887,terrorism,1981-20010910,CBOW,158
wide_range,0.2601298987865448,terrorism,1981-20010910,CBOW,159
reiterate,0.25993114709854126,terrorism,1981-20010910,CBOW,160
unequivocal,0.259883850812912,terrorism,1981-20010910,CBOW,161
retaliation,0.259872704744339,terrorism,1981-20010910,CBOW,162
hold_accountable,0.25940054655075073,terrorism,1981-20010910,CBOW,163
top_priority,0.2586126923561096,terrorism,1981-20010910,CBOW,164
phenomenon,0.25859323143959045,terrorism,1981-20010910,CBOW,165
repercussion,0.2584930658340454,terrorism,1981-20010910,CBOW,166
guerrilla_activity,0.2579295337200165,terrorism,1981-20010910,CBOW,167
systematic,0.2576473355293274,terrorism,1981-20010910,CBOW,168
deal_effectively,0.257563054561615,terrorism,1981-20010910,CBOW,169
punitive_action,0.25698134303092957,terrorism,1981-20010910,CBOW,170
overt,0.2567553222179413,terrorism,1981-20010910,CBOW,171
nuclear_proliferation,0.25674453377723694,terrorism,1981-20010910,CBOW,172
retaliatory_strike,0.2564975619316101,terrorism,1981-20010910,CBOW,173
intensify_effort,0.25647836923599243,terrorism,1981-20010910,CBOW,174
islamic_militancy,0.2564581036567688,terrorism,1981-20010910,CBOW,175
foment,0.2563907504081726,terrorism,1981-20010910,CBOW,176
tantamount,0.25629743933677673,terrorism,1981-20010910,CBOW,177
forcefully,0.25627321004867554,terrorism,1981-20010910,CBOW,178
ethnic_cleansing,0.25586655735969543,terrorism,1981-20010910,CBOW,179
intelligence_sharing,0.2558104395866394,terrorism,1981-20010910,CBOW,180
piracy,0.2556922137737274,terrorism,1981-20010910,CBOW,181
iron_fist,0.2555606961250305,terrorism,1981-20010910,CBOW,182
antiterrorist,0.25549572706222534,terrorism,1981-20010910,CBOW,183
retaliatory_attack,0.2553633451461792,terrorism,1981-20010910,CBOW,184
syrian_involvement,0.2553552985191345,terrorism,1981-20010910,CBOW,185
terrorist_network,0.25481116771698,terrorism,1981-20010910,CBOW,186
close_cooperation,0.25474995374679565,terrorism,1981-20010910,CBOW,187
widespread,0.2541593909263611,terrorism,1981-20010910,CBOW,188
criminal_conspiracy,0.2525902986526489,terrorism,1981-20010910,CBOW,189
lose_credibility,0.25254467129707336,terrorism,1981-20010910,CBOW,190
shameful,0.25251445174217224,terrorism,1981-20010910,CBOW,191
common_enemy,0.25231850147247314,terrorism,1981-20010910,CBOW,192
muslim_fundamentalists,0.2522174119949341,terrorism,1981-20010910,CBOW,193
repression,0.25172489881515503,terrorism,1981-20010910,CBOW,194
punitive_measure,0.251526415348053,terrorism,1981-20010910,CBOW,195
holy_war,0.2511634826660156,terrorism,1981-20010910,CBOW,196
hamas_militant,0.2508990168571472,terrorism,1981-20010910,CBOW,197
judicial_investigation,0.2507871091365814,terrorism,1981-20010910,CBOW,198
fundamentalism,0.2506254315376282,terrorism,1981-20010910,CBOW,199
weapon_mass_destruction,0.25055059790611267,terrorism,1981-20010910,CBOW,200
international_community,0.25046661496162415,terrorism,1981-20010910,CBOW,201
bad_faith,0.2503139078617096,terrorism,1981-20010910,CBOW,202
antipathy,0.2502388060092926,terrorism,1981-20010910,CBOW,203
human_right_abuse,0.2499188482761383,terrorism,1981-20010910,CBOW,204
efforts,0.2497456967830658,terrorism,1981-20010910,CBOW,205
saudi_exile,0.24971848726272583,terrorism,1981-20010910,CBOW,206
militant_group,0.24965648353099823,terrorism,1981-20010910,CBOW,207
within_framework,0.24961255490779877,terrorism,1981-20010910,CBOW,208
aggressive,0.24958829581737518,terrorism,1981-20010910,CBOW,209
complicity,0.24941788613796234,terrorism,1981-20010910,CBOW,210
serious_threat,0.24877247214317322,terrorism,1981-20010910,CBOW,211
terrorism_suspect,0.24874097108840942,terrorism,1981-20010910,CBOW,212
self_censorship,0.24850772321224213,terrorism,1981-20010910,CBOW,213
imperialist,0.2478528618812561,terrorism,1981-20010910,CBOW,214
decisive_action,0.24713893234729767,terrorism,1981-20010910,CBOW,215
exaggerate,0.24702800810337067,terrorism,1981-20010910,CBOW,216
expulsion_diplomat,0.2468438595533371,terrorism,1981-20010910,CBOW,217
sicilian_mafia,0.24681805074214935,terrorism,1981-20010910,CBOW,218
europe_middle_east,0.2468162626028061,terrorism,1981-20010910,CBOW,219
external,0.24671274423599243,terrorism,1981-20010910,CBOW,220
extraordinary_measure,0.2465769648551941,terrorism,1981-20010910,CBOW,221
injustice,0.24633626639842987,terrorism,1981-20010910,CBOW,222
condemnation,0.2462988942861557,terrorism,1981-20010910,CBOW,223
appeasement,0.24626392126083374,terrorism,1981-20010910,CBOW,224
discredit,0.24614426493644714,terrorism,1981-20010910,CBOW,225
east_africa,0.2460877001285553,terrorism,1981-20010910,CBOW,226
manifestation,0.24608291685581207,terrorism,1981-20010910,CBOW,227
continually,0.24555838108062744,terrorism,1981-20010910,CBOW,228
special_tribunal,0.2453940361738205,terrorism,1981-20010910,CBOW,229
extradition,0.24527674913406372,terrorism,1981-20010910,CBOW,230
biological_chemical_weapon,0.24492137134075165,terrorism,1981-20010910,CBOW,231
internment,0.24471156299114227,terrorism,1981-20010910,CBOW,232
stability_region,0.24434390664100647,terrorism,1981-20010910,CBOW,233
subvert,0.2442919909954071,terrorism,1981-20010910,CBOW,234
verbal,0.24413076043128967,terrorism,1981-20010910,CBOW,235
coward,0.24409188330173492,terrorism,1981-20010910,CBOW,236
western_alliance,0.24343718588352203,terrorism,1981-20010910,CBOW,237
create_condition,0.24341753125190735,terrorism,1981-20010910,CBOW,238
tolerate,0.2430010586977005,terrorism,1981-20010910,CBOW,239
rand_corporation,0.24297857284545898,terrorism,1981-20010910,CBOW,240
banditry,0.24279487133026123,terrorism,1981-20010910,CBOW,241
rise_tide,0.24242344498634338,terrorism,1981-20010910,CBOW,242
indiscriminate,0.2424062043428421,terrorism,1981-20010910,CBOW,243
largely_responsible,0.24204304814338684,terrorism,1981-20010910,CBOW,244
ongoing,0.24202066659927368,terrorism,1981-20010910,CBOW,245
counterterrorism_effort,0.24197246134281158,terrorism,1981-20010910,CBOW,246
hate_crime,0.24186259508132935,terrorism,1981-20010910,CBOW,247
airplane_hijacking,0.2418486773967743,terrorism,1981-20010910,CBOW,248
killing,0.2416560798883438,terrorism,1981-20010910,CBOW,249
tie_bin_laden,0.24162520468235016,terrorism,1981-20010910,CBOW,250
international_law,0.2412986159324646,terrorism,1981-20010910,CBOW,251
radical_element,0.24128545820713043,terrorism,1981-20010910,CBOW,252
reprisal,0.24103060364723206,terrorism,1981-20010910,CBOW,253
political_motivation,0.2410164475440979,terrorism,1981-20010910,CBOW,254
threat,0.2409100979566574,terrorism,1981-20010910,CBOW,255
stand_basque,0.2405569702386856,terrorism,1981-20010910,CBOW,256
provocative,0.24042409658432007,terrorism,1981-20010910,CBOW,257
small_minority,0.24041059613227844,terrorism,1981-20010910,CBOW,258
deportation,0.24029605090618134,terrorism,1981-20010910,CBOW,259
abhor,0.2402763068675995,terrorism,1981-20010910,CBOW,260
criticism,0.23998989164829254,terrorism,1981-20010910,CBOW,261
anywhere_world,0.23992787301540375,terrorism,1981-20010910,CBOW,262
outright,0.23981860280036926,terrorism,1981-20010910,CBOW,263
harassment,0.23940281569957733,terrorism,1981-20010910,CBOW,264
complexity,0.2392188161611557,terrorism,1981-20010910,CBOW,265
counter_terrorism,0.23911833763122559,terrorism,1981-20010910,CBOW,266
basque_independence,0.2386181503534317,terrorism,1981-20010910,CBOW,267
blatantly,0.23850880563259125,terrorism,1981-20010910,CBOW,268
anti_muslim,0.23830676078796387,terrorism,1981-20010910,CBOW,269
hatred,0.23828858137130737,terrorism,1981-20010910,CBOW,270
heighten,0.23798902332782745,terrorism,1981-20010910,CBOW,271
escalate,0.23770706355571747,terrorism,1981-20010910,CBOW,272
specific,0.23709405958652496,terrorism,1981-20010910,CBOW,273
provocation,0.2369266003370285,terrorism,1981-20010910,CBOW,274
effectiveness,0.23652023077011108,terrorism,1981-20010910,CBOW,275
pre_emptive_strike,0.23565144836902618,terrorism,1981-20010910,CBOW,276
urgency,0.23546594381332397,terrorism,1981-20010910,CBOW,277
civil_liberty,0.23503857851028442,terrorism,1981-20010910,CBOW,278
destabilization,0.23488849401474,terrorism,1981-20010910,CBOW,279
seriously,0.23487262427806854,terrorism,1981-20010910,CBOW,280
posture,0.23474624752998352,terrorism,1981-20010910,CBOW,281
blatant,0.23470908403396606,terrorism,1981-20010910,CBOW,282
foremost,0.2346472144126892,terrorism,1981-20010910,CBOW,283
effective_measure,0.2345902919769287,terrorism,1981-20010910,CBOW,284
american_installations,0.23438341915607452,terrorism,1981-20010910,CBOW,285
unfounded,0.2343512773513794,terrorism,1981-20010910,CBOW,286
disinformation,0.23419135808944702,terrorism,1981-20010910,CBOW,287
proliferation,0.23397813737392426,terrorism,1981-20010910,CBOW,288
sedition,0.2339656800031662,terrorism,1981-20010910,CBOW,289
military_action,0.23384523391723633,terrorism,1981-20010910,CBOW,290
parallel,0.23374518752098083,terrorism,1981-20010910,CBOW,291
unpunishe,0.23345625400543213,terrorism,1981-20010910,CBOW,292
vital_interest,0.2334427684545517,terrorism,1981-20010910,CBOW,293
determination,0.2333603948354721,terrorism,1981-20010910,CBOW,294
dimension,0.23332074284553528,terrorism,1981-20010910,CBOW,295
iran_syria,0.2331993579864502,terrorism,1981-20010910,CBOW,296
seriousness,0.2330181747674942,terrorism,1981-20010910,CBOW,297
criminal_enterprise,0.23295356333255768,terrorism,1981-20010910,CBOW,298
anarchy,0.23291610181331635,terrorism,1981-20010910,CBOW,299
trend,0.2326774001121521,terrorism,1981-20010910,CBOW,300
harsh_measure,0.23266197741031647,terrorism,1981-20010910,CBOW,301
carefully_avoid,0.23264279961585999,terrorism,1981-20010910,CBOW,302
deadly_attack,0.2324863076210022,terrorism,1981-20010910,CBOW,303
islamic_fundamentalist,0.23244702816009521,terrorism,1981-20010910,CBOW,304
crime_commit,0.23241624236106873,terrorism,1981-20010910,CBOW,305
assassination_plot,0.23237423598766327,terrorism,1981-20010910,CBOW,306
show_willingness,0.2323305308818817,terrorism,1981-20010910,CBOW,307
islamic_group,0.23231220245361328,terrorism,1981-20010910,CBOW,308
armed_struggle,0.2323034405708313,terrorism,1981-20010910,CBOW,309
islamic_fundamentalism,0.23210597038269043,terrorism,1981-20010910,CBOW,310
anti_jewish,0.2320164442062378,terrorism,1981-20010910,CBOW,311
american_interests,0.2319854497909546,terrorism,1981-20010910,CBOW,312
despite_widespread,0.2319793701171875,terrorism,1981-20010910,CBOW,313
human_right_group,0.23197346925735474,terrorism,1981-20010910,CBOW,314
chemical_biological_weapon,0.2319353073835373,terrorism,1981-20010910,CBOW,315
reserve_right,0.23185878992080688,terrorism,1981-20010910,CBOW,316
police_brutality,0.23178040981292725,terrorism,1981-20010910,CBOW,317
intensify,0.23133167624473572,terrorism,1981-20010910,CBOW,318
oklahoma_bombing,0.231321781873703,terrorism,1981-20010910,CBOW,319
elsewhere,0.23119370639324188,terrorism,1981-20010910,CBOW,320
islamist,0.23103980720043182,terrorism,1981-20010910,CBOW,321
direct_involvement,0.2310030311346054,terrorism,1981-20010910,CBOW,322
iraq_north_korea,0.2309408038854599,terrorism,1981-20010910,CBOW,323
mockery,0.2307678461074829,terrorism,1981-20010910,CBOW,324
inclined,0.23074279725551605,terrorism,1981-20010910,CBOW,325
illegal_drug,0.23045291006565094,terrorism,1981-20010910,CBOW,326
inhuman,0.2302246391773224,terrorism,1981-20010910,CBOW,327
cooperative_effort,0.22966153919696808,terrorism,1981-20010910,CBOW,328
organize_crime,0.229624941945076,terrorism,1981-20010910,CBOW,329
question_arise,0.22953400015830994,terrorism,1981-20010910,CBOW,330
drug_abuse,0.22951558232307434,terrorism,1981-20010910,CBOW,331
arrogance,0.22937220335006714,terrorism,1981-20010910,CBOW,332
europeans,0.22932036221027374,terrorism,1981-20010910,CBOW,333
attempt_undermine,0.22931259870529175,terrorism,1981-20010910,CBOW,334
commensurate,0.22925394773483276,terrorism,1981-20010910,CBOW,335
categorically,0.22893798351287842,terrorism,1981-20010910,CBOW,336
phrase,0.22881363332271576,terrorism,1981-20010910,CBOW,337
vague,0.22832363843917847,terrorism,1981-20010910,CBOW,338
peace_process,0.22802294790744781,terrorism,1981-20010910,CBOW,339
innocent_victim,0.22762548923492432,terrorism,1981-20010910,CBOW,340
insecurity,0.22740864753723145,terrorism,1981-20010910,CBOW,341
barbarism,0.2272329181432724,terrorism,1981-20010910,CBOW,342
murder_kidnapping,0.227182075381279,terrorism,1981-20010910,CBOW,343
propaganda_campaign,0.2271430343389511,terrorism,1981-20010910,CBOW,344
express_view,0.22687695920467377,terrorism,1981-20010910,CBOW,345
prime_minister_declare,0.22664771974086761,terrorism,1981-20010910,CBOW,346
abuse,0.22660423815250397,terrorism,1981-20010910,CBOW,347
anti_western,0.22641786932945251,terrorism,1981-20010910,CBOW,348
reflect_grow,0.2263621687889099,terrorism,1981-20010910,CBOW,349
urge_restraint,0.22632230818271637,terrorism,1981-20010910,CBOW,350
upsurge,0.22614973783493042,terrorism,1981-20010910,CBOW,351
inability,0.22599884867668152,terrorism,1981-20010910,CBOW,352
imbalance,0.2259402871131897,terrorism,1981-20010910,CBOW,353
edict,0.22587533295154572,terrorism,1981-20010910,CBOW,354
bombing_shooting,0.22584889829158783,terrorism,1981-20010910,CBOW,355
liberation_struggle,0.2255614697933197,terrorism,1981-20010910,CBOW,356
bomb_american_embassies,0.2251669466495514,terrorism,1981-20010910,CBOW,357
coercion,0.22492992877960205,terrorism,1981-20010910,CBOW,358
part_broad,0.2242715209722519,terrorism,1981-20010910,CBOW,359
domestic_affair,0.22423039376735687,terrorism,1981-20010910,CBOW,360
dissatisfaction,0.224120631814003,terrorism,1981-20010910,CBOW,361
irresponsible,0.22359506785869598,terrorism,1981-20010910,CBOW,362
break_cycle,0.2235596776008606,terrorism,1981-20010910,CBOW,363
assassination,0.22354820370674133,terrorism,1981-20010910,CBOW,364
criminal,0.2235153615474701,terrorism,1981-20010910,CBOW,365
basque_language,0.22336184978485107,terrorism,1981-20010910,CBOW,366
participate,0.2231031209230423,terrorism,1981-20010910,CBOW,367
inaction,0.22297018766403198,terrorism,1981-20010910,CBOW,368
pre_emptive,0.2226688414812088,terrorism,1981-20010910,CBOW,369
deterrence,0.22254374623298645,terrorism,1981-20010910,CBOW,370
stop_short,0.222476527094841,terrorism,1981-20010910,CBOW,371
spread_nuclear,0.22236064076423645,terrorism,1981-20010910,CBOW,372
aggressor,0.22203747928142548,terrorism,1981-20010910,CBOW,373
decisively,0.22167563438415527,terrorism,1981-20010910,CBOW,374
danger,0.22165903449058533,terrorism,1981-20010910,CBOW,375
instigator,0.22158659994602203,terrorism,1981-20010910,CBOW,376
bombing_embassies_kenya_tanzania,0.2214992344379425,terrorism,1981-20010910,CBOW,377
create_climate,0.22137615084648132,terrorism,1981-20010910,CBOW,378
exercise_caution,0.22097204625606537,terrorism,1981-20010910,CBOW,379
construe,0.22085098922252655,terrorism,1981-20010910,CBOW,380
violent,0.22069811820983887,terrorism,1981-20010910,CBOW,381
civilized_nation,0.2206285297870636,terrorism,1981-20010910,CBOW,382
denounced,0.2206050604581833,terrorism,1981-20010910,CBOW,383
aim,0.22008192539215088,terrorism,1981-20010910,CBOW,384
radical,0.2198600023984909,terrorism,1981-20010910,CBOW,385
inconsistent,0.21985483169555664,terrorism,1981-20010910,CBOW,386
middle_east,0.21961361169815063,terrorism,1981-20010910,CBOW,387
diplomatic_post,0.21957796812057495,terrorism,1981-20010910,CBOW,388
intelligence_capability,0.21953612565994263,terrorism,1981-20010910,CBOW,389
necessary_prevent,0.21947792172431946,terrorism,1981-20010910,CBOW,390
racial_discrimination,0.21938200294971466,terrorism,1981-20010910,CBOW,391
ugly,0.21902233362197876,terrorism,1981-20010910,CBOW,392
broaden,0.21895051002502441,terrorism,1981-20010910,CBOW,393
moderation,0.21890968084335327,terrorism,1981-20010910,CBOW,394
bombing_american_embassies,0.2188679724931717,terrorism,1981-20010910,CBOW,395
fifth_amendment,0.21866285800933838,terrorism,1981-20010910,CBOW,396
ruthlessness,0.21847711503505707,terrorism,1981-20010910,CBOW,397
madness,0.2184387594461441,terrorism,1981-20010910,CBOW,398
serious_consequence,0.21837857365608215,terrorism,1981-20010910,CBOW,399
genuine,0.2182745635509491,terrorism,1981-20010910,CBOW,400
consequence,0.2182130515575409,terrorism,1981-20010910,CBOW,401
destabilize,0.21773813664913177,terrorism,1981-20010910,CBOW,402
nuclear_disarmament,0.21772514283657074,terrorism,1981-20010910,CBOW,403
mankind,0.21768301725387573,terrorism,1981-20010910,CBOW,404
immediate_response,0.21767136454582214,terrorism,1981-20010910,CBOW,405
involvement,0.21762721240520477,terrorism,1981-20010910,CBOW,406
particularly_concerned,0.21760734915733337,terrorism,1981-20010910,CBOW,407
brutality,0.21757741272449493,terrorism,1981-20010910,CBOW,408
conspiracy_commit,0.21753934025764465,terrorism,1981-20010910,CBOW,409
vigorously,0.21748441457748413,terrorism,1981-20010910,CBOW,410
legitimate,0.21712937951087952,terrorism,1981-20010910,CBOW,411
throughout_middle_east,0.21698421239852905,terrorism,1981-20010910,CBOW,412
collectively,0.21689632534980774,terrorism,1981-20010910,CBOW,413
heighten_tension,0.21687157452106476,terrorism,1981-20010910,CBOW,414
eventuality,0.21677197515964508,terrorism,1981-20010910,CBOW,415
kurdish_minority,0.21660730242729187,terrorism,1981-20010910,CBOW,416
reprehensible,0.2164849191904068,terrorism,1981-20010910,CBOW,417
likelihood,0.2164657711982727,terrorism,1981-20010910,CBOW,418
nuclear_arm_race,0.21641898155212402,terrorism,1981-20010910,CBOW,419
combat,0.21630585193634033,terrorism,1981-20010910,CBOW,420
sponsorship,0.2162378877401352,terrorism,1981-20010910,CBOW,421
various,0.21598726511001587,terrorism,1981-20010910,CBOW,422
spread_nuclear_weapon,0.21594293415546417,terrorism,1981-20010910,CBOW,423
whatever,0.21580378711223602,terrorism,1981-20010910,CBOW,424
wanton,0.21552927792072296,terrorism,1981-20010910,CBOW,425
viewpoint,0.2154308408498764,terrorism,1981-20010910,CBOW,426
redouble,0.21522893011569977,terrorism,1981-20010910,CBOW,427
utilize,0.2151765078306198,terrorism,1981-20010910,CBOW,428
emphasize,0.21505676209926605,terrorism,1981-20010910,CBOW,429
foresee,0.21505039930343628,terrorism,1981-20010910,CBOW,430
security_measure,0.21485018730163574,terrorism,1981-20010910,CBOW,431
law_abide,0.2148047387599945,terrorism,1981-20010910,CBOW,432
counterproductive,0.214323490858078,terrorism,1981-20010910,CBOW,433
tolerance,0.21419471502304077,terrorism,1981-20010910,CBOW,434
human_right,0.214167058467865,terrorism,1981-20010910,CBOW,435
middle_east_policy,0.2139807939529419,terrorism,1981-20010910,CBOW,436
hypocrisy,0.2137080729007721,terrorism,1981-20010910,CBOW,437
unilateral_action,0.21369969844818115,terrorism,1981-20010910,CBOW,438
white_collar,0.2136005163192749,terrorism,1981-20010910,CBOW,439
endanger,0.2135120928287506,terrorism,1981-20010910,CBOW,440
punishment,0.21350139379501343,terrorism,1981-20010910,CBOW,441
wave_bombing,0.21344737708568573,terrorism,1981-20010910,CBOW,442
justice_system,0.2133045643568039,terrorism,1981-20010910,CBOW,443
hysteria,0.2132788896560669,terrorism,1981-20010910,CBOW,444
planning_attack,0.21315129101276398,terrorism,1981-20010910,CBOW,445
global,0.21311628818511963,terrorism,1981-20010910,CBOW,446
al_jihad,0.21291780471801758,terrorism,1981-20010910,CBOW,447
spare_effort,0.2128424346446991,terrorism,1981-20010910,CBOW,448
repeatedly_deny,0.2125903218984604,terrorism,1981-20010910,CBOW,449
continuation,0.21258285641670227,terrorism,1981-20010910,CBOW,450
passive,0.21252493560314178,terrorism,1981-20010910,CBOW,451
technology_transfer,0.21251080930233002,terrorism,1981-20010910,CBOW,452
guerrilla_warfare,0.21221555769443512,terrorism,1981-20010910,CBOW,453
murder_innocent,0.21194882690906525,terrorism,1981-20010910,CBOW,454
infidel,0.21154628694057465,terrorism,1981-20010910,CBOW,455
conclusive_evidence,0.21151119470596313,terrorism,1981-20010910,CBOW,456
motivate,0.21149857342243195,terrorism,1981-20010910,CBOW,457
islamic_movement,0.21149790287017822,terrorism,1981-20010910,CBOW,458
speculation,0.21125321090221405,terrorism,1981-20010910,CBOW,459
inherently,0.2110060155391693,terrorism,1981-20010910,CBOW,460
discotheque_bombing,0.21098259091377258,terrorism,1981-20010910,CBOW,461
necessarily,0.21088971197605133,terrorism,1981-20010910,CBOW,462
despicable,0.21088868379592896,terrorism,1981-20010910,CBOW,463
adversary,0.21056124567985535,terrorism,1981-20010910,CBOW,464
motivated,0.21050937473773956,terrorism,1981-20010910,CBOW,465
perpetrate,0.21030163764953613,terrorism,1981-20010910,CBOW,466
collusion,0.2101014405488968,terrorism,1981-20010910,CBOW,467
illegal_immigration,0.20998816192150116,terrorism,1981-20010910,CBOW,468
oakley,0.20969872176647186,terrorism,1981-20010910,CBOW,469
domination,0.20968645811080933,terrorism,1981-20010910,CBOW,470
express_frustration,0.20962774753570557,terrorism,1981-20010910,CBOW,471
sponsoring,0.2096063643693924,terrorism,1981-20010910,CBOW,472
sovereign,0.2095334678888321,terrorism,1981-20010910,CBOW,473
right_wing,0.2094551920890808,terrorism,1981-20010910,CBOW,474
remain_neutral,0.20931445062160492,terrorism,1981-20010910,CBOW,475
french_foreign_ministry,0.20925118029117584,terrorism,1981-20010910,CBOW,476
embroil,0.20917387306690216,terrorism,1981-20010910,CBOW,477
militancy,0.20915411412715912,terrorism,1981-20010910,CBOW,478
contention,0.20877912640571594,terrorism,1981-20010910,CBOW,479
enemy,0.20871199667453766,terrorism,1981-20010910,CBOW,480
sharply,0.20865118503570557,terrorism,1981-20010910,CBOW,481
antiterrorism,0.20861805975437164,terrorism,1981-20010910,CBOW,482
ransom_payment,0.2085121124982834,terrorism,1981-20010910,CBOW,483
longstanding,0.20832225680351257,terrorism,1981-20010910,CBOW,484
deterioration,0.20821513235569,terrorism,1981-20010910,CBOW,485
harshest,0.20814551413059235,terrorism,1981-20010910,CBOW,486
airport_rome_vienna,0.20813702046871185,terrorism,1981-20010910,CBOW,487
cooperate,0.20812338590621948,terrorism,1981-20010910,CBOW,488
unwillingness,0.2081131786108017,terrorism,1981-20010910,CBOW,489
specter,0.2080359309911728,terrorism,1981-20010910,CBOW,490
ambiguity,0.20792435109615326,terrorism,1981-20010910,CBOW,491
deter,0.20788449048995972,terrorism,1981-20010910,CBOW,492
per_se,0.2078395038843155,terrorism,1981-20010910,CBOW,493
strongly_condemn,0.20760521292686462,terrorism,1981-20010910,CBOW,494
arm_smuggling,0.20758920907974243,terrorism,1981-20010910,CBOW,495
grievance,0.20741312205791473,terrorism,1981-20010910,CBOW,496
organized,0.20740263164043427,terrorism,1981-20010910,CBOW,497
palestinian_leadership,0.20735853910446167,terrorism,1981-20010910,CBOW,498
justify,0.20734137296676636,terrorism,1981-20010910,CBOW,499
presidential_directive,0.2073296308517456,terrorism,1981-20010910,CBOW,500
international_terrorism,0.6678985357284546,terrorism,1981-20010910,SkipGram,1
terror,0.5622614622116089,terrorism,1981-20010910,SkipGram,2
terrorist,0.5334671139717102,terrorism,1981-20010910,SkipGram,3
sponsor_terrorism,0.5253740549087524,terrorism,1981-20010910,SkipGram,4
terrorist_activity,0.5228531956672668,terrorism,1981-20010910,SkipGram,5
scourge_terrorism,0.5162665843963623,terrorism,1981-20010910,SkipGram,6
act_terrorism,0.5149106383323669,terrorism,1981-20010910,SkipGram,7
combat_terrorism,0.5088728070259094,terrorism,1981-20010910,SkipGram,8
abhorrent,0.4916154742240906,terrorism,1981-20010910,SkipGram,9
fight_terrorism,0.4888743460178375,terrorism,1981-20010910,SkipGram,10
international_cooperation,0.4753497838973999,terrorism,1981-20010910,SkipGram,11
turn_blind_eye,0.47507035732269287,terrorism,1981-20010910,SkipGram,12
terrorist_attack,0.4585496485233307,terrorism,1981-20010910,SkipGram,13
indiscriminate_violence,0.4585120975971222,terrorism,1981-20010910,SkipGram,14
narcotic_traffic,0.4575803577899933,terrorism,1981-20010910,SkipGram,15
subversion,0.4573321044445038,terrorism,1981-20010910,SkipGram,16
publicly_condemn,0.45625603199005127,terrorism,1981-20010910,SkipGram,17
definitively,0.4561702311038971,terrorism,1981-20010910,SkipGram,18
retaliatory_action,0.45073604583740234,terrorism,1981-20010910,SkipGram,19
indicative,0.4503367245197296,terrorism,1981-20010910,SkipGram,20
undermine_effort,0.4476601481437683,terrorism,1981-20010910,SkipGram,21
global_terrorism,0.44702133536338806,terrorism,1981-20010910,SkipGram,22
harbor_terrorist,0.4446094334125519,terrorism,1981-20010910,SkipGram,23
attempt_undermine,0.44431746006011963,terrorism,1981-20010910,SkipGram,24
drug_traffic,0.44380152225494385,terrorism,1981-20010910,SkipGram,25
heinous,0.4436599314212799,terrorism,1981-20010910,SkipGram,26
violence,0.4406147301197052,terrorism,1981-20010910,SkipGram,27
nuclear_proliferation,0.44040974974632263,terrorism,1981-20010910,SkipGram,28
intensification,0.4402514398097992,terrorism,1981-20010910,SkipGram,29
rand_corporation,0.439635306596756,terrorism,1981-20010910,SkipGram,30
generalize,0.43409597873687744,terrorism,1981-20010910,SkipGram,31
menace,0.4307006299495697,terrorism,1981-20010910,SkipGram,32
sponsorship_terrorism,0.4293757379055023,terrorism,1981-20010910,SkipGram,33
particular_concern,0.42817872762680054,terrorism,1981-20010910,SkipGram,34
airplane_hijacking,0.424736887216568,terrorism,1981-20010910,SkipGram,35
islamic_militancy,0.42345374822616577,terrorism,1981-20010910,SkipGram,36
definition_terrorism,0.42192256450653076,terrorism,1981-20010910,SkipGram,37
renew_violence,0.42157015204429626,terrorism,1981-20010910,SkipGram,38
extraordinary_measure,0.42136064171791077,terrorism,1981-20010910,SkipGram,39
banditry,0.42124444246292114,terrorism,1981-20010910,SkipGram,40
per_se,0.419472873210907,terrorism,1981-20010910,SkipGram,41
imperialism,0.41946902871131897,terrorism,1981-20010910,SkipGram,42
fanaticism,0.4189416170120239,terrorism,1981-20010910,SkipGram,43
terrorism_subversion,0.41713473200798035,terrorism,1981-20010910,SkipGram,44
kurdish_minority,0.41659408807754517,terrorism,1981-20010910,SkipGram,45
appropriate_measure,0.41531243920326233,terrorism,1981-20010910,SkipGram,46
rise_tide,0.41447433829307556,terrorism,1981-20010910,SkipGram,47
create_atmosphere,0.4142420291900635,terrorism,1981-20010910,SkipGram,48
spread_nuclear,0.4142216742038727,terrorism,1981-20010910,SkipGram,49
concrete_action,0.41336923837661743,terrorism,1981-20010910,SkipGram,50
libya_north_korea,0.41298770904541016,terrorism,1981-20010910,SkipGram,51
punitive_action,0.4091809093952179,terrorism,1981-20010910,SkipGram,52
tough_measure,0.40902766585350037,terrorism,1981-20010910,SkipGram,53
american_installations,0.4085468649864197,terrorism,1981-20010910,SkipGram,54
murder_innocent,0.40838363766670227,terrorism,1981-20010910,SkipGram,55
harsh_measure,0.4070040285587311,terrorism,1981-20010910,SkipGram,56
deal_effectively,0.4067307710647583,terrorism,1981-20010910,SkipGram,57
specifically,0.4067098796367645,terrorism,1981-20010910,SkipGram,58
extremism,0.4054507315158844,terrorism,1981-20010910,SkipGram,59
arm_buildup,0.4035606384277344,terrorism,1981-20010910,SkipGram,60
prime_minister_declare,0.4028860330581665,terrorism,1981-20010910,SkipGram,61
counterterrorism,0.4024369418621063,terrorism,1981-20010910,SkipGram,62
civilized_nation,0.4024088680744171,terrorism,1981-20010910,SkipGram,63
spread_nuclear_weapon,0.40153515338897705,terrorism,1981-20010910,SkipGram,64
treachery,0.4004402458667755,terrorism,1981-20010910,SkipGram,65
upsurge,0.400137335062027,terrorism,1981-20010910,SkipGram,66
sponsoring,0.39998695254325867,terrorism,1981-20010910,SkipGram,67
airport_rome_vienna,0.39955854415893555,terrorism,1981-20010910,SkipGram,68
sensitive_issue,0.3994230628013611,terrorism,1981-20010910,SkipGram,69
spare_effort,0.39937710762023926,terrorism,1981-20010910,SkipGram,70
categorically_deny,0.3969976305961609,terrorism,1981-20010910,SkipGram,71
biological_chemical_weapon,0.39656439423561096,terrorism,1981-20010910,SkipGram,72
allay,0.39632466435432434,terrorism,1981-20010910,SkipGram,73
public_outcry,0.395910382270813,terrorism,1981-20010910,SkipGram,74
phenomenon,0.395520955324173,terrorism,1981-20010910,SkipGram,75
domestic_affair,0.394860178232193,terrorism,1981-20010910,SkipGram,76
iranian_regime,0.39408594369888306,terrorism,1981-20010910,SkipGram,77
lawlessness,0.3938487768173218,terrorism,1981-20010910,SkipGram,78
brian_jenkins,0.393632173538208,terrorism,1981-20010910,SkipGram,79
subvert,0.3932200074195862,terrorism,1981-20010910,SkipGram,80
credible_threat,0.39264366030693054,terrorism,1981-20010910,SkipGram,81
dirty_war,0.3924657106399536,terrorism,1981-20010910,SkipGram,82
figure_prominently,0.3922123312950134,terrorism,1981-20010910,SkipGram,83
particularly_concerned,0.39200359582901,terrorism,1981-20010910,SkipGram,84
tokyo_summit,0.3916696310043335,terrorism,1981-20010910,SkipGram,85
necessary_step,0.39024847745895386,terrorism,1981-20010910,SkipGram,86
abet,0.3898719549179077,terrorism,1981-20010910,SkipGram,87
intolerable,0.38982754945755005,terrorism,1981-20010910,SkipGram,88
blatantly,0.3894357979297638,terrorism,1981-20010910,SkipGram,89
develop_weapon_mass,0.3894118368625641,terrorism,1981-20010910,SkipGram,90
punitive_measure,0.388902485370636,terrorism,1981-20010910,SkipGram,91
create_condition,0.388498455286026,terrorism,1981-20010910,SkipGram,92
political_motivation,0.38841456174850464,terrorism,1981-20010910,SkipGram,93
reject_suggestion,0.38828861713409424,terrorism,1981-20010910,SkipGram,94
political_climate,0.3880826532840729,terrorism,1981-20010910,SkipGram,95
instigate,0.38781315088272095,terrorism,1981-20010910,SkipGram,96
wanton,0.3862420320510864,terrorism,1981-20010910,SkipGram,97
iron_fist,0.38608723878860474,terrorism,1981-20010910,SkipGram,98
cowardice,0.38584086298942566,terrorism,1981-20010910,SkipGram,99
grave_threat,0.38532641530036926,terrorism,1981-20010910,SkipGram,100
urge_restraint,0.3850697875022888,terrorism,1981-20010910,SkipGram,101
radical_element,0.38496384024620056,terrorism,1981-20010910,SkipGram,102
appeasement,0.3849175274372101,terrorism,1981-20010910,SkipGram,103
fragility,0.38469651341438293,terrorism,1981-20010910,SkipGram,104
initial_stand_basque_homeland,0.3841526210308075,terrorism,1981-20010910,SkipGram,105
rome_vienna_airport,0.38343459367752075,terrorism,1981-20010910,SkipGram,106
arisen,0.3826330900192261,terrorism,1981-20010910,SkipGram,107
instigator,0.38253507018089294,terrorism,1981-20010910,SkipGram,108
reign_terror,0.38208016753196716,terrorism,1981-20010910,SkipGram,109
annual_report,0.3818543553352356,terrorism,1981-20010910,SkipGram,110
rome_vienna,0.381051242351532,terrorism,1981-20010910,SkipGram,111
draconian,0.3809465169906616,terrorism,1981-20010910,SkipGram,112
act_aggression,0.3805006444454193,terrorism,1981-20010910,SkipGram,113
unpunishe,0.3801232576370239,terrorism,1981-20010910,SkipGram,114
basque_independence,0.3799506425857544,terrorism,1981-20010910,SkipGram,115
innocent_civilian,0.3794059455394745,terrorism,1981-20010910,SkipGram,116
howe_special_york,0.3793240189552307,terrorism,1981-20010910,SkipGram,117
curb_terrorism,0.37806984782218933,terrorism,1981-20010910,SkipGram,118
syria_iran,0.37799233198165894,terrorism,1981-20010910,SkipGram,119
unacceptable,0.3779398500919342,terrorism,1981-20010910,SkipGram,120
violation_human_right,0.3778233230113983,terrorism,1981-20010910,SkipGram,121
promote_democracy,0.3777554929256439,terrorism,1981-20010910,SkipGram,122
terrorist_organization,0.3777187168598175,terrorism,1981-20010910,SkipGram,123
endemic,0.37758156657218933,terrorism,1981-20010910,SkipGram,124
terror_attack,0.3773103654384613,terrorism,1981-20010910,SkipGram,125
repressive,0.3762012720108032,terrorism,1981-20010910,SkipGram,126
radical_islamic,0.3755044639110565,terrorism,1981-20010910,SkipGram,127
radicalism,0.37520816922187805,terrorism,1981-20010910,SkipGram,128
unilateral_action,0.37497520446777344,terrorism,1981-20010910,SkipGram,129
islamist,0.3748774528503418,terrorism,1981-20010910,SkipGram,130
western_democracy,0.37402814626693726,terrorism,1981-20010910,SkipGram,131
concerted_effort,0.37400200963020325,terrorism,1981-20010910,SkipGram,132
intransigence,0.37377575039863586,terrorism,1981-20010910,SkipGram,133
civilized_society,0.37367621064186096,terrorism,1981-20010910,SkipGram,134
elsewhere_europe,0.37319013476371765,terrorism,1981-20010910,SkipGram,135
redouble_effort,0.3730667531490326,terrorism,1981-20010910,SkipGram,136
eye_eye,0.37250831723213196,terrorism,1981-20010910,SkipGram,137
ethnic_conflict,0.37214189767837524,terrorism,1981-20010910,SkipGram,138
stability_region,0.3721098303794861,terrorism,1981-20010910,SkipGram,139
bombing_shooting,0.3716985583305359,terrorism,1981-20010910,SkipGram,140
liberation_struggle,0.3715962767601013,terrorism,1981-20010910,SkipGram,141
prevent_spread,0.37119409441947937,terrorism,1981-20010910,SkipGram,142
stand_basque,0.3711729645729065,terrorism,1981-20010910,SkipGram,143
avow,0.3710716664791107,terrorism,1981-20010910,SkipGram,144
antiterrorism,0.370796263217926,terrorism,1981-20010910,SkipGram,145
urban_terrorism,0.37066492438316345,terrorism,1981-20010910,SkipGram,146
prominent_figure,0.37058883905410767,terrorism,1981-20010910,SkipGram,147
lose_credibility,0.3704322874546051,terrorism,1981-20010910,SkipGram,148
syrian_involvement,0.3701871633529663,terrorism,1981-20010910,SkipGram,149
inclined,0.36977311968803406,terrorism,1981-20010910,SkipGram,150
denton,0.36968833208084106,terrorism,1981-20010910,SkipGram,151
blatant,0.3696609437465668,terrorism,1981-20010910,SkipGram,152
low_intensity,0.3695475459098816,terrorism,1981-20010910,SkipGram,153
scourge,0.36916136741638184,terrorism,1981-20010910,SkipGram,154
senator_denton,0.36856576800346375,terrorism,1981-20010910,SkipGram,155
commensurate,0.36841505765914917,terrorism,1981-20010910,SkipGram,156
decisive_action,0.36829301714897156,terrorism,1981-20010910,SkipGram,157
imbalance,0.3682459592819214,terrorism,1981-20010910,SkipGram,158
repression,0.3678394854068756,terrorism,1981-20010910,SkipGram,159
ruthlessness,0.3677641451358795,terrorism,1981-20010910,SkipGram,160
barbaric,0.3676581382751465,terrorism,1981-20010910,SkipGram,161
retaliatory_strike,0.36725953221321106,terrorism,1981-20010910,SkipGram,162
drug_trafficking,0.36696329712867737,terrorism,1981-20010910,SkipGram,163
final_communique,0.3662702441215515,terrorism,1981-20010910,SkipGram,164
public_perception,0.36547771096229553,terrorism,1981-20010910,SkipGram,165
immediate_reaction,0.36528900265693665,terrorism,1981-20010910,SkipGram,166
effective_measure,0.36484208703041077,terrorism,1981-20010910,SkipGram,167
bomb_american_embassies,0.36464717984199524,terrorism,1981-20010910,SkipGram,168
retaliatory_attack,0.3644704818725586,terrorism,1981-20010910,SkipGram,169
expulsion_diplomat,0.3637937009334564,terrorism,1981-20010910,SkipGram,170
illegal_activity,0.3635976016521454,terrorism,1981-20010910,SkipGram,171
violent_activity,0.36301589012145996,terrorism,1981-20010910,SkipGram,172
iraq_north_korea,0.36294329166412354,terrorism,1981-20010910,SkipGram,173
anti_defamation_league_nai,0.36269456148147583,terrorism,1981-20010910,SkipGram,174
abhor,0.36267703771591187,terrorism,1981-20010910,SkipGram,175
intolerance,0.36256906390190125,terrorism,1981-20010910,SkipGram,176
fit_pattern,0.3617385923862457,terrorism,1981-20010910,SkipGram,177
diffuse,0.36157041788101196,terrorism,1981-20010910,SkipGram,178
repudiation,0.3611609637737274,terrorism,1981-20010910,SkipGram,179
evil,0.36109068989753723,terrorism,1981-20010910,SkipGram,180
colonialism,0.36107128858566284,terrorism,1981-20010910,SkipGram,181
police_brutality,0.3608413636684418,terrorism,1981-20010910,SkipGram,182
collective_punishment,0.36083662509918213,terrorism,1981-20010910,SkipGram,183
generalized,0.3604982793331146,terrorism,1981-20010910,SkipGram,184
escalation_violence,0.36037904024124146,terrorism,1981-20010910,SkipGram,185
certain_amount,0.3600078225135803,terrorism,1981-20010910,SkipGram,186
show_willingness,0.3598269820213318,terrorism,1981-20010910,SkipGram,187
narcotic_trafficker,0.3595193028450012,terrorism,1981-20010910,SkipGram,188
violent_act,0.35903140902519226,terrorism,1981-20010910,SkipGram,189
hijacking_airliner,0.3588419556617737,terrorism,1981-20010910,SkipGram,190
inhuman,0.35856956243515015,terrorism,1981-20010910,SkipGram,191
drug_cartel,0.3583284020423889,terrorism,1981-20010910,SkipGram,192
reproach,0.3582816421985626,terrorism,1981-20010910,SkipGram,193
repugnant,0.3582516312599182,terrorism,1981-20010910,SkipGram,194
achieve_peace,0.3581997752189636,terrorism,1981-20010910,SkipGram,195
piracy,0.3581724762916565,terrorism,1981-20010910,SkipGram,196
unequivocal,0.35797813534736633,terrorism,1981-20010910,SkipGram,197
international_isolation,0.3576667904853821,terrorism,1981-20010910,SkipGram,198
violent_crime,0.3574845492839813,terrorism,1981-20010910,SkipGram,199
wealthy_saudi,0.3569515347480774,terrorism,1981-20010910,SkipGram,200
basic_principle,0.3565795421600342,terrorism,1981-20010910,SkipGram,201
carefully_avoid,0.3565330505371094,terrorism,1981-20010910,SkipGram,202
kidnapping,0.3564402461051941,terrorism,1981-20010910,SkipGram,203
degradation,0.35640332102775574,terrorism,1981-20010910,SkipGram,204
seek_minimize,0.3563322424888611,terrorism,1981-20010910,SkipGram,205
widely_view,0.3561733067035675,terrorism,1981-20010910,SkipGram,206
illegal_immigration,0.3561496138572693,terrorism,1981-20010910,SkipGram,207
libya_sudan,0.35601940751075745,terrorism,1981-20010910,SkipGram,208
director_national,0.35593703389167786,terrorism,1981-20010910,SkipGram,209
effort_curb,0.3558832108974457,terrorism,1981-20010910,SkipGram,210
disinformation_campaign,0.35570141673088074,terrorism,1981-20010910,SkipGram,211
right_abuse,0.3555981516838074,terrorism,1981-20010910,SkipGram,212
severe_economic,0.35534149408340454,terrorism,1981-20010910,SkipGram,213
common_enemy,0.3552195727825165,terrorism,1981-20010910,SkipGram,214
inexplicable,0.3551233410835266,terrorism,1981-20010910,SkipGram,215
act_violence,0.35506507754325867,terrorism,1981-20010910,SkipGram,216
perpetrator,0.35493436455726624,terrorism,1981-20010910,SkipGram,217
witch_hunt,0.3548601567745209,terrorism,1981-20010910,SkipGram,218
self_censorship,0.35481199622154236,terrorism,1981-20010910,SkipGram,219
islamic_fundamentalism,0.35415923595428467,terrorism,1981-20010910,SkipGram,220
algeria_tunisia,0.3540544807910919,terrorism,1981-20010910,SkipGram,221
democrat_california,0.3540247678756714,terrorism,1981-20010910,SkipGram,222
joint_conference,0.35402044653892517,terrorism,1981-20010910,SkipGram,223
blackmail,0.35401612520217896,terrorism,1981-20010910,SkipGram,224
exasperation,0.3539385497570038,terrorism,1981-20010910,SkipGram,225
appropriate_response,0.35387834906578064,terrorism,1981-20010910,SkipGram,226
destabilization,0.3536483347415924,terrorism,1981-20010910,SkipGram,227
proportionate,0.3533197045326233,terrorism,1981-20010910,SkipGram,228
close_cooperation,0.3533012866973877,terrorism,1981-20010910,SkipGram,229
islamic_extremist,0.3530653417110443,terrorism,1981-20010910,SkipGram,230
trend_toward,0.3529197871685028,terrorism,1981-20010910,SkipGram,231
maoist_guerrilla,0.35280704498291016,terrorism,1981-20010910,SkipGram,232
crime,0.35271573066711426,terrorism,1981-20010910,SkipGram,233
reiterate,0.3526216745376587,terrorism,1981-20010910,SkipGram,234
criminality,0.3523910641670227,terrorism,1981-20010910,SkipGram,235
mass_murder,0.3522307276725769,terrorism,1981-20010910,SkipGram,236
armed_conflict,0.35205990076065063,terrorism,1981-20010910,SkipGram,237
weekly_radio_address,0.3520243167877197,terrorism,1981-20010910,SkipGram,238
drug_trade,0.3515644073486328,terrorism,1981-20010910,SkipGram,239
aggression,0.35155534744262695,terrorism,1981-20010910,SkipGram,240
reject_notion,0.35126739740371704,terrorism,1981-20010910,SkipGram,241
sedition,0.3507898151874542,terrorism,1981-20010910,SkipGram,242
counterterrorism_effort,0.35047194361686707,terrorism,1981-20010910,SkipGram,243
convene_international,0.35044389963150024,terrorism,1981-20010910,SkipGram,244
retaliatory,0.3504216969013214,terrorism,1981-20010910,SkipGram,245
pacifist,0.35038602352142334,terrorism,1981-20010910,SkipGram,246
remain_neutral,0.35035455226898193,terrorism,1981-20010910,SkipGram,247
technology_transfer,0.35025644302368164,terrorism,1981-20010910,SkipGram,248
legitimate_right,0.3499833643436432,terrorism,1981-20010910,SkipGram,249
political_discourse,0.34990525245666504,terrorism,1981-20010910,SkipGram,250
middle_east,0.34961870312690735,terrorism,1981-20010910,SkipGram,251
white_collar,0.3495863378047943,terrorism,1981-20010910,SkipGram,252
complexity,0.3495200276374817,terrorism,1981-20010910,SkipGram,253
break_cycle,0.3494841158390045,terrorism,1981-20010910,SkipGram,254
express_belief,0.34926313161849976,terrorism,1981-20010910,SkipGram,255
countermeasure,0.34925487637519836,terrorism,1981-20010910,SkipGram,256
halt_spread,0.34921225905418396,terrorism,1981-20010910,SkipGram,257
attack,0.34905919432640076,terrorism,1981-20010910,SkipGram,258
slacken,0.34866881370544434,terrorism,1981-20010910,SkipGram,259
congressional_criticism,0.34849560260772705,terrorism,1981-20010910,SkipGram,260
political_spectrum,0.3484534025192261,terrorism,1981-20010910,SkipGram,261
perceive_threat,0.3482934832572937,terrorism,1981-20010910,SkipGram,262
convulse,0.34824395179748535,terrorism,1981-20010910,SkipGram,263
human_right_violation,0.34791237115859985,terrorism,1981-20010910,SkipGram,264
cooperative_effort,0.34769976139068604,terrorism,1981-20010910,SkipGram,265
oppressor,0.34762027859687805,terrorism,1981-20010910,SkipGram,266
peaceful_resolution,0.3476020395755768,terrorism,1981-20010910,SkipGram,267
preventive,0.3475453853607178,terrorism,1981-20010910,SkipGram,268
unusually_harsh,0.3474876582622528,terrorism,1981-20010910,SkipGram,269
chancellor_schmidt,0.3473034203052521,terrorism,1981-20010910,SkipGram,270
eventuality,0.3472420573234558,terrorism,1981-20010910,SkipGram,271
propagate,0.34720349311828613,terrorism,1981-20010910,SkipGram,272
drug_smuggling,0.34706729650497437,terrorism,1981-20010910,SkipGram,273
insecure,0.3469322621822357,terrorism,1981-20010910,SkipGram,274
draw_distinction,0.34689757227897644,terrorism,1981-20010910,SkipGram,275
death_destruction,0.3467980921268463,terrorism,1981-20010910,SkipGram,276
terrorist_cell,0.3467799127101898,terrorism,1981-20010910,SkipGram,277
kurdish_guerrillas,0.3467256724834442,terrorism,1981-20010910,SkipGram,278
injustice,0.3466353714466095,terrorism,1981-20010910,SkipGram,279
wave_bombing,0.34655335545539856,terrorism,1981-20010910,SkipGram,280
callous,0.3464657664299011,terrorism,1981-20010910,SkipGram,281
demand_extradition,0.34642183780670166,terrorism,1981-20010910,SkipGram,282
fundamentalism,0.3463972508907318,terrorism,1981-20010910,SkipGram,283
genocide,0.3463239073753357,terrorism,1981-20010910,SkipGram,284
integral,0.34617096185684204,terrorism,1981-20010910,SkipGram,285
reflect_grow,0.3461662232875824,terrorism,1981-20010910,SkipGram,286
accuse_incite,0.34612852334976196,terrorism,1981-20010910,SkipGram,287
threat_pose,0.34592264890670776,terrorism,1981-20010910,SkipGram,288
antimissile_system,0.3458639979362488,terrorism,1981-20010910,SkipGram,289
murderous,0.3457897901535034,terrorism,1981-20010910,SkipGram,290
death_squad,0.3457779884338379,terrorism,1981-20010910,SkipGram,291
majority_population,0.34573620557785034,terrorism,1981-20010910,SkipGram,292
uncontrolled,0.3454943299293518,terrorism,1981-20010910,SkipGram,293
propaganda_campaign,0.3454115092754364,terrorism,1981-20010910,SkipGram,294
decry,0.3452979028224945,terrorism,1981-20010910,SkipGram,295
insidious,0.34510812163352966,terrorism,1981-20010910,SkipGram,296
unjustified,0.3450099229812622,terrorism,1981-20010910,SkipGram,297
bombing_embassies_kenya_tanzania,0.34484776854515076,terrorism,1981-20010910,SkipGram,298
economic_difficulty,0.34461838006973267,terrorism,1981-20010910,SkipGram,299
needlessly,0.3445066213607788,terrorism,1981-20010910,SkipGram,300
exercise_caution,0.3444625735282898,terrorism,1981-20010910,SkipGram,301
real_danger,0.3443710207939148,terrorism,1981-20010910,SkipGram,302
criminal_conspiracy,0.3440331816673279,terrorism,1981-20010910,SkipGram,303
threat,0.344020277261734,terrorism,1981-20010910,SkipGram,304
laws,0.34390920400619507,terrorism,1981-20010910,SkipGram,305
civilized_world,0.34368932247161865,terrorism,1981-20010910,SkipGram,306
disassociate,0.3435739278793335,terrorism,1981-20010910,SkipGram,307
despite_widespread,0.34350302815437317,terrorism,1981-20010910,SkipGram,308
special_tribunal,0.34349843859672546,terrorism,1981-20010910,SkipGram,309
international_condemnation,0.34336790442466736,terrorism,1981-20010910,SkipGram,310
revulsion,0.3433489501476288,terrorism,1981-20010910,SkipGram,311
characterized,0.3433304727077484,terrorism,1981-20010910,SkipGram,312
organized,0.34331175684928894,terrorism,1981-20010910,SkipGram,313
proved,0.34311050176620483,terrorism,1981-20010910,SkipGram,314
vociferous,0.3430728614330292,terrorism,1981-20010910,SkipGram,315
americans_saudi_arabia,0.34306588768959045,terrorism,1981-20010910,SkipGram,316
remain_committed,0.3430624306201935,terrorism,1981-20010910,SkipGram,317
subversive_activity,0.3429240584373474,terrorism,1981-20010910,SkipGram,318
crime_humanity,0.3429179787635803,terrorism,1981-20010910,SkipGram,319
ruthlessly,0.34279993176460266,terrorism,1981-20010910,SkipGram,320
mideast_peace,0.342671275138855,terrorism,1981-20010910,SkipGram,321
renounce_terrorism,0.3422659635543823,terrorism,1981-20010910,SkipGram,322
synagogue_istanbul,0.3421008884906769,terrorism,1981-20010910,SkipGram,323
unrelenting,0.34195345640182495,terrorism,1981-20010910,SkipGram,324
political_instability,0.3419099450111389,terrorism,1981-20010910,SkipGram,325
shed_blood,0.34190890192985535,terrorism,1981-20010910,SkipGram,326
wage_campaign,0.34183281660079956,terrorism,1981-20010910,SkipGram,327
threaten_veto,0.34168803691864014,terrorism,1981-20010910,SkipGram,328
strenuously,0.34166741371154785,terrorism,1981-20010910,SkipGram,329
lever,0.34155189990997314,terrorism,1981-20010910,SkipGram,330
underline,0.3415127694606781,terrorism,1981-20010910,SkipGram,331
tragic_event,0.3412867784500122,terrorism,1981-20010910,SkipGram,332
aid_abet,0.3411746621131897,terrorism,1981-20010910,SkipGram,333
cooperate,0.3410649597644806,terrorism,1981-20010910,SkipGram,334
nuclear_capability,0.3409995138645172,terrorism,1981-20010910,SkipGram,335
pro_cuban,0.34089919924736023,terrorism,1981-20010910,SkipGram,336
direct_indirect,0.3404732346534729,terrorism,1981-20010910,SkipGram,337
criticism,0.3403993248939514,terrorism,1981-20010910,SkipGram,338
directly_affect,0.34027546644210815,terrorism,1981-20010910,SkipGram,339
address_general_assembly,0.3402608036994934,terrorism,1981-20010910,SkipGram,340
department_spokesman_charle,0.3400214910507202,terrorism,1981-20010910,SkipGram,341
worrisome,0.34000924229621887,terrorism,1981-20010910,SkipGram,342
concrete_step,0.3394770622253418,terrorism,1981-20010910,SkipGram,343
face_prospect,0.33939307928085327,terrorism,1981-20010910,SkipGram,344
el_salvador_nicaragua,0.3393610119819641,terrorism,1981-20010910,SkipGram,345
hostage_taking,0.3391968905925751,terrorism,1981-20010910,SkipGram,346
guerrilla_warfare,0.3390657305717468,terrorism,1981-20010910,SkipGram,347
quiet_diplomacy,0.3390105366706848,terrorism,1981-20010910,SkipGram,348
experts,0.3388007581233978,terrorism,1981-20010910,SkipGram,349
protectionism,0.33878055214881897,terrorism,1981-20010910,SkipGram,350
horrify,0.338733971118927,terrorism,1981-20010910,SkipGram,351
handling_case,0.3387329578399658,terrorism,1981-20010910,SkipGram,352
proliferation,0.3387305736541748,terrorism,1981-20010910,SkipGram,353
nuclear_arm_race,0.33866772055625916,terrorism,1981-20010910,SkipGram,354
politicization,0.338652640581131,terrorism,1981-20010910,SkipGram,355
renunciation,0.3386116027832031,terrorism,1981-20010910,SkipGram,356
underlying,0.3386046588420868,terrorism,1981-20010910,SkipGram,357
blood_bath,0.3385557532310486,terrorism,1981-20010910,SkipGram,358
terrorism_suspect,0.3385035991668701,terrorism,1981-20010910,SkipGram,359
show_flexibility,0.3384920656681061,terrorism,1981-20010910,SkipGram,360
constitute_threat,0.33813104033470154,terrorism,1981-20010910,SkipGram,361
politically_motivated,0.3381001949310303,terrorism,1981-20010910,SkipGram,362
unwarranted,0.3380853533744812,terrorism,1981-20010910,SkipGram,363
hijacking,0.3379257321357727,terrorism,1981-20010910,SkipGram,364
achieve_aim,0.3378666043281555,terrorism,1981-20010910,SkipGram,365
pre_emptive,0.3377789556980133,terrorism,1981-20010910,SkipGram,366
critic,0.3374478816986084,terrorism,1981-20010910,SkipGram,367
ideologically,0.33744579553604126,terrorism,1981-20010910,SkipGram,368
accuse_complicity,0.33726656436920166,terrorism,1981-20010910,SkipGram,369
cooperate_closely,0.3370584547519684,terrorism,1981-20010910,SkipGram,370
white_house_spokesman_marlin,0.336821585893631,terrorism,1981-20010910,SkipGram,371
totalitarian_regime,0.33658140897750854,terrorism,1981-20010910,SkipGram,372
separatist_movement,0.3365708589553833,terrorism,1981-20010910,SkipGram,373
communist_insurgency,0.33632829785346985,terrorism,1981-20010910,SkipGram,374
stem,0.33632028102874756,terrorism,1981-20010910,SkipGram,375
rash,0.33625560998916626,terrorism,1981-20010910,SkipGram,376
baird,0.3361778259277344,terrorism,1981-20010910,SkipGram,377
animosity_toward,0.33608123660087585,terrorism,1981-20010910,SkipGram,378
falsehood,0.3360166847705841,terrorism,1981-20010910,SkipGram,379
tough_line,0.33598053455352783,terrorism,1981-20010910,SkipGram,380
firmness,0.3359277546405792,terrorism,1981-20010910,SkipGram,381
madman,0.3357275724411011,terrorism,1981-20010910,SkipGram,382
unfounded,0.3354308605194092,terrorism,1981-20010910,SkipGram,383
tie_bin_laden,0.3353048264980316,terrorism,1981-20010910,SkipGram,384
inclusion,0.33508262038230896,terrorism,1981-20010910,SkipGram,385
blacklist,0.33486443758010864,terrorism,1981-20010910,SkipGram,386
savagery,0.33462607860565186,terrorism,1981-20010910,SkipGram,387
reactivate,0.3346126079559326,terrorism,1981-20010910,SkipGram,388
nuclear_disarmament,0.3344939053058624,terrorism,1981-20010910,SkipGram,389
degenerate,0.33438995480537415,terrorism,1981-20010910,SkipGram,390
unauthorized_disclosure,0.33431577682495117,terrorism,1981-20010910,SkipGram,391
saudi_bear,0.33411499857902527,terrorism,1981-20010910,SkipGram,392
struggle_independence,0.3340665400028229,terrorism,1981-20010910,SkipGram,393
chemical_biological_weapon,0.33402806520462036,terrorism,1981-20010910,SkipGram,394
divisive,0.3339442312717438,terrorism,1981-20010910,SkipGram,395
internally,0.33373308181762695,terrorism,1981-20010910,SkipGram,396
home_abroad,0.3336978554725647,terrorism,1981-20010910,SkipGram,397
commercial_interest,0.3336626887321472,terrorism,1981-20010910,SkipGram,398
double_standard,0.3336573541164398,terrorism,1981-20010910,SkipGram,399
sharp_criticism,0.3335959315299988,terrorism,1981-20010910,SkipGram,400
tug_war,0.33354493975639343,terrorism,1981-20010910,SkipGram,401
suicide_bomb,0.33343908190727234,terrorism,1981-20010910,SkipGram,402
gerald_boyd_special_york,0.3334198594093323,terrorism,1981-20010910,SkipGram,403
missile_technology,0.3330141603946686,terrorism,1981-20010910,SkipGram,404
senator_lugar,0.3330118656158447,terrorism,1981-20010910,SkipGram,405
redouble,0.3329867124557495,terrorism,1981-20010910,SkipGram,406
exchange_information,0.33293116092681885,terrorism,1981-20010910,SkipGram,407
cooperate_investigation,0.3328143358230591,terrorism,1981-20010910,SkipGram,408
largely_responsible,0.3327980041503906,terrorism,1981-20010910,SkipGram,409
insecurity,0.33268389105796814,terrorism,1981-20010910,SkipGram,410
sadden,0.3324570953845978,terrorism,1981-20010910,SkipGram,411
greece_turkey,0.332369863986969,terrorism,1981-20010910,SkipGram,412
quandary,0.33235660195350647,terrorism,1981-20010910,SkipGram,413
harsh_criticism,0.33234903216362,terrorism,1981-20010910,SkipGram,414
slap_face,0.33220648765563965,terrorism,1981-20010910,SkipGram,415
joint_declaration,0.3321484327316284,terrorism,1981-20010910,SkipGram,416
create_climate,0.33213403820991516,terrorism,1981-20010910,SkipGram,417
saudi_dissident,0.3320816159248352,terrorism,1981-20010910,SkipGram,418
extreme_leftist,0.33186832070350647,terrorism,1981-20010910,SkipGram,419
racial_discrimination,0.33177635073661804,terrorism,1981-20010910,SkipGram,420
misdeed,0.3317527174949646,terrorism,1981-20010910,SkipGram,421
raise_stake,0.33162206411361694,terrorism,1981-20010910,SkipGram,422
violence_erupt,0.33162009716033936,terrorism,1981-20010910,SkipGram,423
pre_emptive_strike,0.33152714371681213,terrorism,1981-20010910,SkipGram,424
full_confidence,0.3314369320869446,terrorism,1981-20010910,SkipGram,425
soviet_invasion,0.3311397135257721,terrorism,1981-20010910,SkipGram,426
pluralistic,0.3309347927570343,terrorism,1981-20010910,SkipGram,427
kurdish_worker,0.33085811138153076,terrorism,1981-20010910,SkipGram,428
robert_oakley,0.33075425028800964,terrorism,1981-20010910,SkipGram,429
threat_seriously,0.3307381868362427,terrorism,1981-20010910,SkipGram,430
senseless,0.33067333698272705,terrorism,1981-20010910,SkipGram,431
sicilian_mafia,0.33065998554229736,terrorism,1981-20010910,SkipGram,432
series_bombing,0.3306034207344055,terrorism,1981-20010910,SkipGram,433
throughout_europe,0.33050766587257385,terrorism,1981-20010910,SkipGram,434
remain_convinced,0.33035919070243835,terrorism,1981-20010910,SkipGram,435
serious_danger,0.33030834794044495,terrorism,1981-20010910,SkipGram,436
despicable,0.3302561640739441,terrorism,1981-20010910,SkipGram,437
regime,0.33012139797210693,terrorism,1981-20010910,SkipGram,438
discernible,0.330076664686203,terrorism,1981-20010910,SkipGram,439
bombing_embassies,0.3300339877605438,terrorism,1981-20010910,SkipGram,440
western_ally,0.3299698233604431,terrorism,1981-20010910,SkipGram,441
freedom_navigation,0.3299597203731537,terrorism,1981-20010910,SkipGram,442
basque_language,0.3298005163669586,terrorism,1981-20010910,SkipGram,443
peaceful_coexistence,0.32961976528167725,terrorism,1981-20010910,SkipGram,444
air_traveler,0.32949867844581604,terrorism,1981-20010910,SkipGram,445
drug_lord,0.3294864296913147,terrorism,1981-20010910,SkipGram,446
anti_terrorism,0.3293372690677643,terrorism,1981-20010910,SkipGram,447
political_motive,0.3292888104915619,terrorism,1981-20010910,SkipGram,448
ethnic_cleansing,0.3292676508426666,terrorism,1981-20010910,SkipGram,449
across_political_spectrum,0.32913631200790405,terrorism,1981-20010910,SkipGram,450
sponsor,0.32891973853111267,terrorism,1981-20010910,SkipGram,451
conspiracy_commit,0.3289177417755127,terrorism,1981-20010910,SkipGram,452
deal,0.32872068881988525,terrorism,1981-20010910,SkipGram,453
reprehensible,0.32860255241394043,terrorism,1981-20010910,SkipGram,454
ruthless,0.328452467918396,terrorism,1981-20010910,SkipGram,455
croatian_nationalists,0.32837802171707153,terrorism,1981-20010910,SkipGram,456
antiterrorist,0.328305721282959,terrorism,1981-20010910,SkipGram,457
diplomatic_personnel,0.32819733023643494,terrorism,1981-20010910,SkipGram,458
hijack_italian_cruise_ship,0.32805317640304565,terrorism,1981-20010910,SkipGram,459
counter_terrorism,0.3280341327190399,terrorism,1981-20010910,SkipGram,460
bilateral_relation,0.32793283462524414,terrorism,1981-20010910,SkipGram,461
william_webster,0.3279305696487427,terrorism,1981-20010910,SkipGram,462
hostile_act,0.3277958631515503,terrorism,1981-20010910,SkipGram,463
clumsy,0.3276609480381012,terrorism,1981-20010910,SkipGram,464
felipe_gonzalez,0.3276475965976715,terrorism,1981-20010910,SkipGram,465
militarism,0.32761529088020325,terrorism,1981-20010910,SkipGram,466
personal_safety,0.3275183439254761,terrorism,1981-20010910,SkipGram,467
insinuation,0.32744672894477844,terrorism,1981-20010910,SkipGram,468
criminal_act,0.3273668885231018,terrorism,1981-20010910,SkipGram,469
nuclear_armed,0.3270920515060425,terrorism,1981-20010910,SkipGram,470
small_minority,0.32697975635528564,terrorism,1981-20010910,SkipGram,471
top_priority,0.32695239782333374,terrorism,1981-20010910,SkipGram,472
pan_arab,0.32694026827812195,terrorism,1981-20010910,SkipGram,473
extreme_rightist,0.32679617404937744,terrorism,1981-20010910,SkipGram,474
conservative_opposition,0.32649144530296326,terrorism,1981-20010910,SkipGram,475
particularly,0.326293408870697,terrorism,1981-20010910,SkipGram,476
diplomatic_installation,0.3261864185333252,terrorism,1981-20010910,SkipGram,477
disorganize,0.3260277807712555,terrorism,1981-20010910,SkipGram,478
assertiveness,0.325930118560791,terrorism,1981-20010910,SkipGram,479
improve_ability,0.32590892910957336,terrorism,1981-20010910,SkipGram,480
sponsor_resolution,0.3258395493030548,terrorism,1981-20010910,SkipGram,481
hopeless,0.32566091418266296,terrorism,1981-20010910,SkipGram,482
drug_gang,0.32559075951576233,terrorism,1981-20010910,SkipGram,483
joint_operation,0.3254849314689636,terrorism,1981-20010910,SkipGram,484
equivocal,0.32546478509902954,terrorism,1981-20010910,SkipGram,485
irrational,0.32546430826187134,terrorism,1981-20010910,SkipGram,486
persevere,0.3252980709075928,terrorism,1981-20010910,SkipGram,487
abba,0.32529133558273315,terrorism,1981-20010910,SkipGram,488
countrie,0.32525011897087097,terrorism,1981-20010910,SkipGram,489
muslim_minority,0.32507941126823425,terrorism,1981-20010910,SkipGram,490
barbarism,0.324801504611969,terrorism,1981-20010910,SkipGram,491
tough_stance,0.3247886896133423,terrorism,1981-20010910,SkipGram,492
stand_firm,0.3247622847557068,terrorism,1981-20010910,SkipGram,493
genocidal,0.32466623187065125,terrorism,1981-20010910,SkipGram,494
marlin_white_house,0.32428407669067383,terrorism,1981-20010910,SkipGram,495
anti_imperialist,0.32419654726982117,terrorism,1981-20010910,SkipGram,496
soviet_spy,0.32400375604629517,terrorism,1981-20010910,SkipGram,497
decreed,0.32393309473991394,terrorism,1981-20010910,SkipGram,498
statement,0.32374656200408936,terrorism,1981-20010910,SkipGram,499
purposeful,0.3236636817455292,terrorism,1981-20010910,SkipGram,500
terrorist_organization,0.618675947189331,terrorist,1981-20010910,CBOW,1
terrorist_activity,0.5626229643821716,terrorist,1981-20010910,CBOW,2
terrorist_attack,0.52531898021698,terrorist,1981-20010910,CBOW,3
terror,0.5206407904624939,terrorist,1981-20010910,CBOW,4
extremist,0.5151621103286743,terrorist,1981-20010910,CBOW,5
extremist_group,0.4947212040424347,terrorist,1981-20010910,CBOW,6
terrorist_cell,0.49355563521385193,terrorist,1981-20010910,CBOW,7
act_terrorism,0.48476192355155945,terrorist,1981-20010910,CBOW,8
islamic_militant,0.45009031891822815,terrorist,1981-20010910,CBOW,9
islamic_extremist,0.4500548243522644,terrorist,1981-20010910,CBOW,10
international_terrorism,0.4493240714073181,terrorist,1981-20010910,CBOW,11
terrorists,0.4486732482910156,terrorist,1981-20010910,CBOW,12
mass_murder,0.4405267536640167,terrorist,1981-20010910,CBOW,13
terrorist_network,0.43845513463020325,terrorist,1981-20010910,CBOW,14
terrorism,0.42840152978897095,terrorist,1981-20010910,CBOW,15
deadly_attack,0.4254002273082733,terrorist,1981-20010910,CBOW,16
purportedly,0.4223577380180359,terrorist,1981-20010910,CBOW,17
saudi_exile,0.4219611585140228,terrorist,1981-20010910,CBOW,18
weapon_explosive,0.4129362106323242,terrorist,1981-20010910,CBOW,19
terrorism_suspect,0.4117075800895691,terrorist,1981-20010910,CBOW,20
blackmail,0.4086911976337433,terrorist,1981-20010910,CBOW,21
militant_group,0.4086759090423584,terrorist,1981-20010910,CBOW,22
urban_guerrilla,0.40735867619514465,terrorist,1981-20010910,CBOW,23
tie_bin_laden,0.4063253104686737,terrorist,1981-20010910,CBOW,24
west_berlin_discotheque,0.3992951810359955,terrorist,1981-20010910,CBOW,25
rome_vienna,0.39837175607681274,terrorist,1981-20010910,CBOW,26
muslim_extremist,0.39831116795539856,terrorist,1981-20010910,CBOW,27
militant,0.3979146480560303,terrorist,1981-20010910,CBOW,28
perpetrator,0.3932333290576935,terrorist,1981-20010910,CBOW,29
terror_attack,0.3893362879753113,terrorist,1981-20010910,CBOW,30
muslim_militant,0.3870784640312195,terrorist,1981-20010910,CBOW,31
act_violence,0.38517341017723083,terrorist,1981-20010910,CBOW,32
sponsor_terrorism,0.382922500371933,terrorist,1981-20010910,CBOW,33
car_bombing,0.3826168477535248,terrorist,1981-20010910,CBOW,34
planning_attack,0.38068366050720215,terrorist,1981-20010910,CBOW,35
muslim_fundamentalists,0.380669504404068,terrorist,1981-20010910,CBOW,36
threat_seriously,0.3803118169307709,terrorist,1981-20010910,CBOW,37
hit_squad,0.37874722480773926,terrorist,1981-20010910,CBOW,38
committee_solidarity,0.37801823019981384,terrorist,1981-20010910,CBOW,39
sikh_riot,0.3774492144584656,terrorist,1981-20010910,CBOW,40
suicide_bomber,0.376796156167984,terrorist,1981-20010910,CBOW,41
violent_act,0.3761143684387207,terrorist,1981-20010910,CBOW,42
bin_laden_network,0.37472325563430786,terrorist,1981-20010910,CBOW,43
assassin,0.37343981862068176,terrorist,1981-20010910,CBOW,44
series_bombing,0.37207868695259094,terrorist,1981-20010910,CBOW,45
ringleader,0.3717990815639496,terrorist,1981-20010910,CBOW,46
mohammed_abbas,0.3713989555835724,terrorist,1981-20010910,CBOW,47
serious_crime,0.3711911141872406,terrorist,1981-20010910,CBOW,48
suspect_involvement,0.37053778767585754,terrorist,1981-20010910,CBOW,49
popular_front,0.3692978322505951,terrorist,1981-20010910,CBOW,50
palestinian_guerrilla,0.3681185245513916,terrorist,1981-20010910,CBOW,51
lebanese_armed,0.36790379881858826,terrorist,1981-20010910,CBOW,52
kidnapping,0.3676949739456177,terrorist,1981-20010910,CBOW,53
conduct_surveillance,0.3670106530189514,terrorist,1981-20010910,CBOW,54
murderous,0.3654349744319916,terrorist,1981-20010910,CBOW,55
radical,0.3653999865055084,terrorist,1981-20010910,CBOW,56
radical_islamic,0.36504411697387695,terrorist,1981-20010910,CBOW,57
disassociate,0.36448681354522705,terrorist,1981-20010910,CBOW,58
discotheque_bombing,0.3629680871963501,terrorist,1981-20010910,CBOW,59
embassy_east_berlin,0.36089539527893066,terrorist,1981-20010910,CBOW,60
sympathizer,0.360830157995224,terrorist,1981-20010910,CBOW,61
commando,0.35905781388282776,terrorist,1981-20010910,CBOW,62
wave_bombing,0.3578983247280121,terrorist,1981-20010910,CBOW,63
american_authorities,0.3557318449020386,terrorist,1981-20010910,CBOW,64
plotter,0.35564371943473816,terrorist,1981-20010910,CBOW,65
instigate,0.3555861711502075,terrorist,1981-20010910,CBOW,66
guerrillas,0.3521679937839508,terrorist,1981-20010910,CBOW,67
kenya_tanzania,0.3518397808074951,terrorist,1981-20010910,CBOW,68
southern_france,0.35041892528533936,terrorist,1981-20010910,CBOW,69
suspect_mastermind,0.35039129853248596,terrorist,1981-20010910,CBOW,70
camp_afghanistan,0.35012027621269226,terrorist,1981-20010910,CBOW,71
assassination_squad,0.34968411922454834,terrorist,1981-20010910,CBOW,72
revolutionary_faction,0.3494277894496918,terrorist,1981-20010910,CBOW,73
innocent,0.3485662341117859,terrorist,1981-20010910,CBOW,74
splinter_group,0.34827861189842224,terrorist,1981-20010910,CBOW,75
red_army,0.3478974997997284,terrorist,1981-20010910,CBOW,76
guerrilla,0.34760573506355286,terrorist,1981-20010910,CBOW,77
prime_suspect,0.3472694754600525,terrorist,1981-20010910,CBOW,78
previously_unknown,0.34718194603919983,terrorist,1981-20010910,CBOW,79
bombing_embassies_kenya_tanzania,0.3471321761608124,terrorist,1981-20010910,CBOW,80
suicide_attack,0.34593847393989563,terrorist,1981-20010910,CBOW,81
flight_scotland,0.3457679748535156,terrorist,1981-20010910,CBOW,82
hijacking,0.34492912888526917,terrorist,1981-20010910,CBOW,83
airport_rome_vienna,0.34490418434143066,terrorist,1981-20010910,CBOW,84
islamic_radical,0.34421736001968384,terrorist,1981-20010910,CBOW,85
retaliation,0.3434753119945526,terrorist,1981-20010910,CBOW,86
renegade,0.3429796099662781,terrorist,1981-20010910,CBOW,87
saudi_bear,0.3423561751842499,terrorist,1981-20010910,CBOW,88
hijacking_airliner,0.34097251296043396,terrorist,1981-20010910,CBOW,89
behead,0.34082385897636414,terrorist,1981-20010910,CBOW,90
japanese_red_army,0.3401017189025879,terrorist,1981-20010910,CBOW,91
east_africa,0.3395935595035553,terrorist,1981-20010910,CBOW,92
red_brigade,0.3391966223716736,terrorist,1981-20010910,CBOW,93
fundamentalist_group,0.338972270488739,terrorist,1981-20010910,CBOW,94
liberation_organization,0.3383670449256897,terrorist,1981-20010910,CBOW,95
mastermind_behind,0.3378413915634155,terrorist,1981-20010910,CBOW,96
rome_vienna_airport,0.3354671001434326,terrorist,1981-20010910,CBOW,97
elsewhere,0.33477041125297546,terrorist,1981-20010910,CBOW,98
spanish_initial,0.3339514136314392,terrorist,1981-20010910,CBOW,99
specific_target,0.3335671126842499,terrorist,1981-20010910,CBOW,100
complicity,0.33307069540023804,terrorist,1981-20010910,CBOW,101
diplomatic_personnel,0.3328615427017212,terrorist,1981-20010910,CBOW,102
hamas_militant,0.3327275216579437,terrorist,1981-20010910,CBOW,103
killers,0.33258312940597534,terrorist,1981-20010910,CBOW,104
afghanistan_sudan,0.33230552077293396,terrorist,1981-20010910,CBOW,105
osama_bin_laden,0.33199483156204224,terrorist,1981-20010910,CBOW,106
gunmen,0.33135709166526794,terrorist,1981-20010910,CBOW,107
directly_link,0.3311392366886139,terrorist,1981-20010910,CBOW,108
attacks,0.3307298421859741,terrorist,1981-20010910,CBOW,109
reprisal,0.3299105167388916,terrorist,1981-20010910,CBOW,110
northern_italy,0.3298233151435852,terrorist,1981-20010910,CBOW,111
wealthy_saudi,0.32961609959602356,terrorist,1981-20010910,CBOW,112
clear_indication,0.3293215036392212,terrorist,1981-20010910,CBOW,113
saudi_exile_osama_bin,0.32899677753448486,terrorist,1981-20010910,CBOW,114
retaliatory,0.32862263917922974,terrorist,1981-20010910,CBOW,115
american_embassies,0.3285570442676544,terrorist,1981-20010910,CBOW,116
higgin,0.3283683955669403,terrorist,1981-20010910,CBOW,117
innocent_civilian,0.3279649615287781,terrorist,1981-20010910,CBOW,118
specifically,0.3278994560241699,terrorist,1981-20010910,CBOW,119
avenge,0.32777923345565796,terrorist,1981-20010910,CBOW,120
act_aggression,0.32714736461639404,terrorist,1981-20010910,CBOW,121
suicide_bomb,0.3265640139579773,terrorist,1981-20010910,CBOW,122
hoax,0.3264656960964203,terrorist,1981-20010910,CBOW,123
antiterrorist,0.3263481557369232,terrorist,1981-20010910,CBOW,124
planting_bomb,0.3260451853275299,terrorist,1981-20010910,CBOW,125
revolutionary_cell,0.32419297099113464,terrorist,1981-20010910,CBOW,126
judicial_investigation,0.32417380809783936,terrorist,1981-20010910,CBOW,127
terror_network,0.32272741198539734,terrorist,1981-20010910,CBOW,128
specific_information,0.3227086365222931,terrorist,1981-20010910,CBOW,129
coward,0.3220285475254059,terrorist,1981-20010910,CBOW,130
assassination_plot,0.32160747051239014,terrorist,1981-20010910,CBOW,131
death_squad,0.32155969738960266,terrorist,1981-20010910,CBOW,132
syria_iran,0.32100942730903625,terrorist,1981-20010910,CBOW,133
islamic_group,0.3208594024181366,terrorist,1981-20010910,CBOW,134
bombing_american_embassies,0.32015737891197205,terrorist,1981-20010910,CBOW,135
red_army_faction,0.31987452507019043,terrorist,1981-20010910,CBOW,136
mastermind,0.3196457028388977,terrorist,1981-20010910,CBOW,137
intelligence_operative,0.31898102164268494,terrorist,1981-20010910,CBOW,138
bin_laden_organization,0.3185748755931854,terrorist,1981-20010910,CBOW,139
bomber,0.3170545697212219,terrorist,1981-20010910,CBOW,140
intelligence_agent,0.31655463576316833,terrorist,1981-20010910,CBOW,141
punitive_action,0.3158925175666809,terrorist,1981-20010910,CBOW,142
unlawfully,0.3146956264972687,terrorist,1981-20010910,CBOW,143
subversive,0.3146912157535553,terrorist,1981-20010910,CBOW,144
militant_islamic,0.3146200180053711,terrorist,1981-20010910,CBOW,145
despicable,0.313647985458374,terrorist,1981-20010910,CBOW,146
security_service,0.3134091794490814,terrorist,1981-20010910,CBOW,147
armed_islamic,0.31313231587409973,terrorist,1981-20010910,CBOW,148
saudi_dissident,0.3128863275051117,terrorist,1981-20010910,CBOW,149
la_belle,0.31266269087791443,terrorist,1981-20010910,CBOW,150
throughout_middle_east,0.3122136890888214,terrorist,1981-20010910,CBOW,151
anyone,0.3116147816181183,terrorist,1981-20010910,CBOW,152
muslim_fundamentalist,0.31127581000328064,terrorist,1981-20010910,CBOW,153
bin_laden_group,0.31061822175979614,terrorist,1981-20010910,CBOW,154
iran_syria,0.3102262616157532,terrorist,1981-20010910,CBOW,155
islamic_fundamentalists,0.3090263605117798,terrorist,1981-20010910,CBOW,156
shadowy,0.30856096744537354,terrorist,1981-20010910,CBOW,157
american_installations,0.308343768119812,terrorist,1981-20010910,CBOW,158
sikh_extremist,0.308291494846344,terrorist,1981-20010910,CBOW,159
militants,0.3079908788204193,terrorist,1981-20010910,CBOW,160
global_terrorism,0.30733722448349,terrorist,1981-20010910,CBOW,161
israeli_warplane,0.3057406544685364,terrorist,1981-20010910,CBOW,162
logistical_support,0.3051486909389496,terrorist,1981-20010910,CBOW,163
hijack,0.3051237463951111,terrorist,1981-20010910,CBOW,164
hostile_act,0.30442333221435547,terrorist,1981-20010910,CBOW,165
west_germans,0.3036018908023834,terrorist,1981-20010910,CBOW,166
gunman,0.3035123646259308,terrorist,1981-20010910,CBOW,167
criminal_act,0.30348527431488037,terrorist,1981-20010910,CBOW,168
puerto_rican_terrorist,0.30339962244033813,terrorist,1981-20010910,CBOW,169
airliner,0.30331549048423767,terrorist,1981-20010910,CBOW,170
apprehend,0.3030133843421936,terrorist,1981-20010910,CBOW,171
deny_involvement,0.30280765891075134,terrorist,1981-20010910,CBOW,172
hamas_islamic,0.3025206923484802,terrorist,1981-20010910,CBOW,173
basque_separatist,0.30251526832580566,terrorist,1981-20010910,CBOW,174
responsible_death,0.30247828364372253,terrorist,1981-20010910,CBOW,175
plant_bomb,0.3021174967288971,terrorist,1981-20010910,CBOW,176
holy_war,0.30195727944374084,terrorist,1981-20010910,CBOW,177
retaliate,0.30191129446029663,terrorist,1981-20010910,CBOW,178
assassination,0.30188554525375366,terrorist,1981-20010910,CBOW,179
harbor_terrorist,0.30146893858909607,terrorist,1981-20010910,CBOW,180
pan_bombing,0.3013285994529724,terrorist,1981-20010910,CBOW,181
clandestinely,0.30121496319770813,terrorist,1981-20010910,CBOW,182
revenge,0.3005937933921814,terrorist,1981-20010910,CBOW,183
israeli_commando,0.30013683438301086,terrorist,1981-20010910,CBOW,184
saboteur,0.2996375262737274,terrorist,1981-20010910,CBOW,185
georges_ibrahim,0.2994537949562073,terrorist,1981-20010910,CBOW,186
evidence_suggest,0.29913759231567383,terrorist,1981-20010910,CBOW,187
americans_saudi_arabia,0.2987312078475952,terrorist,1981-20010910,CBOW,188
preventive,0.2985137403011322,terrorist,1981-20010910,CBOW,189
peruvian_congress,0.298350989818573,terrorist,1981-20010910,CBOW,190
jetliner,0.297969788312912,terrorist,1981-20010910,CBOW,191
arm_explosive,0.2978628873825073,terrorist,1981-20010910,CBOW,192
arrest_warrant,0.2977358102798462,terrorist,1981-20010910,CBOW,193
bank_robber,0.29768091440200806,terrorist,1981-20010910,CBOW,194
underground_organization,0.2974323630332947,terrorist,1981-20010910,CBOW,195
mastermind_bombing,0.29719609022140503,terrorist,1981-20010910,CBOW,196
killer,0.297061562538147,terrorist,1981-20010910,CBOW,197
islamic_fundamentalist,0.2966594099998474,terrorist,1981-20010910,CBOW,198
bombing_discotheque,0.2965906858444214,terrorist,1981-20010910,CBOW,199
expulsion_diplomat,0.2961183488368988,terrorist,1981-20010910,CBOW,200
murder_kidnapping,0.29606732726097107,terrorist,1981-20010910,CBOW,201
hijack_jet,0.295976847410202,terrorist,1981-20010910,CBOW,202
fugitive,0.29544681310653687,terrorist,1981-20010910,CBOW,203
violent_activity,0.2953706979751587,terrorist,1981-20010910,CBOW,204
palestine_liberation_front,0.2947860360145569,terrorist,1981-20010910,CBOW,205
denounced,0.2947346866130829,terrorist,1981-20010910,CBOW,206
dirty_war,0.2946018874645233,terrorist,1981-20010910,CBOW,207
criminal,0.2944721281528473,terrorist,1981-20010910,CBOW,208
operative,0.2943916320800781,terrorist,1981-20010910,CBOW,209
evidence_link,0.2935522794723511,terrorist,1981-20010910,CBOW,210
kidnapper,0.293243944644928,terrorist,1981-20010910,CBOW,211
elsewhere_europe,0.29306721687316895,terrorist,1981-20010910,CBOW,212
italian_investigator,0.2929783761501312,terrorist,1981-20010910,CBOW,213
ascribe,0.29282140731811523,terrorist,1981-20010910,CBOW,214
arrest_suspect,0.29258936643600464,terrorist,1981-20010910,CBOW,215
purport_plot,0.29254093766212463,terrorist,1981-20010910,CBOW,216
palestinian_militant,0.29212048649787903,terrorist,1981-20010910,CBOW,217
fanatic,0.2917866110801697,terrorist,1981-20010910,CBOW,218
mercenary,0.29166892170906067,terrorist,1981-20010910,CBOW,219
hold_responsible,0.29153892397880554,terrorist,1981-20010910,CBOW,220
responsible,0.29153192043304443,terrorist,1981-20010910,CBOW,221
initial_basque,0.2914373278617859,terrorist,1981-20010910,CBOW,222
associated,0.29128825664520264,terrorist,1981-20010910,CBOW,223
bomb_american_embassies,0.29118168354034424,terrorist,1981-20010910,CBOW,224
exclude_possibility,0.29075685143470764,terrorist,1981-20010910,CBOW,225
detail_emerge,0.2907520830631256,terrorist,1981-20010910,CBOW,226
attacker,0.2905106246471405,terrorist,1981-20010910,CBOW,227
irish_republican_army,0.2897186875343323,terrorist,1981-20010910,CBOW,228
categorically_deny,0.2888728976249695,terrorist,1981-20010910,CBOW,229
sniper_attack,0.2886480391025543,terrorist,1981-20010910,CBOW,230
offer_million_reward,0.28860196471214294,terrorist,1981-20010910,CBOW,231
security_force,0.28768056631088257,terrorist,1981-20010910,CBOW,232
fight_terrorism,0.28751417994499207,terrorist,1981-20010910,CBOW,233
escape_prison,0.2874476909637451,terrorist,1981-20010910,CBOW,234
scotland_yard,0.287324994802475,terrorist,1981-20010910,CBOW,235
leftist_guerrilla,0.2869633436203003,terrorist,1981-20010910,CBOW,236
collaborator,0.2867959141731262,terrorist,1981-20010910,CBOW,237
accuse_mastermind,0.2866932153701782,terrorist,1981-20010910,CBOW,238
pretext,0.2864271104335785,terrorist,1981-20010910,CBOW,239
hijacker,0.28639939427375793,terrorist,1981-20010910,CBOW,240
drug_gang,0.2857930660247803,terrorist,1981-20010910,CBOW,241
false_document,0.2857757806777954,terrorist,1981-20010910,CBOW,242
intelligence_law_enforcement,0.28555476665496826,terrorist,1981-20010910,CBOW,243
speculation,0.2855527698993683,terrorist,1981-20010910,CBOW,244
sabotage,0.2852618396282196,terrorist,1981-20010910,CBOW,245
conclusive_evidence,0.2851713299751282,terrorist,1981-20010910,CBOW,246
kurdish_guerrillas,0.28516116738319397,terrorist,1981-20010910,CBOW,247
presume,0.2846948206424713,terrorist,1981-20010910,CBOW,248
interior_ministry_spokesman,0.2843630313873291,terrorist,1981-20010910,CBOW,249
psychological_warfare,0.28414925932884216,terrorist,1981-20010910,CBOW,250
pan_flight,0.28396695852279663,terrorist,1981-20010910,CBOW,251
hideout,0.28391483426094055,terrorist,1981-20010910,CBOW,252
firearm_explosive,0.2836088240146637,terrorist,1981-20010910,CBOW,253
nearly_simultaneous,0.28357571363449097,terrorist,1981-20010910,CBOW,254
french_citizen,0.28322482109069824,terrorist,1981-20010910,CBOW,255
paramilitary,0.28306862711906433,terrorist,1981-20010910,CBOW,256
widely_believe,0.28222575783729553,terrorist,1981-20010910,CBOW,257
secretly,0.28214478492736816,terrorist,1981-20010910,CBOW,258
accomplice,0.2820764183998108,terrorist,1981-20010910,CBOW,259
arrest_suspicion,0.281893789768219,terrorist,1981-20010910,CBOW,260
unwittingly,0.2817761301994324,terrorist,1981-20010910,CBOW,261
turn_blind_eye,0.28149503469467163,terrorist,1981-20010910,CBOW,262
strongly_suggest,0.28144168853759766,terrorist,1981-20010910,CBOW,263
antiterrorism,0.2813705503940582,terrorist,1981-20010910,CBOW,264
sketchy,0.2810422480106354,terrorist,1981-20010910,CBOW,265
evidently,0.2808701694011688,terrorist,1981-20010910,CBOW,266
shadowy_group,0.2805520296096802,terrorist,1981-20010910,CBOW,267
seek_revenge,0.2804955542087555,terrorist,1981-20010910,CBOW,268
suspect_custody,0.2804080545902252,terrorist,1981-20010910,CBOW,269
drug_cartel,0.28025737404823303,terrorist,1981-20010910,CBOW,270
assailant,0.2802272140979767,terrorist,1981-20010910,CBOW,271
convict_absentia,0.280005544424057,terrorist,1981-20010910,CBOW,272
brig_gen_james,0.27979737520217896,terrorist,1981-20010910,CBOW,273
bomb_plot,0.2797333896160126,terrorist,1981-20010910,CBOW,274
conspirator,0.2795269787311554,terrorist,1981-20010910,CBOW,275
suicide_bombing,0.27923351526260376,terrorist,1981-20010910,CBOW,276
bombing_pan,0.2787216603755951,terrorist,1981-20010910,CBOW,277
bombing_pan_flight_scotland,0.2786979675292969,terrorist,1981-20010910,CBOW,278
indiscriminately,0.27863645553588867,terrorist,1981-20010910,CBOW,279
virtually_impossible,0.2784297466278076,terrorist,1981-20010910,CBOW,280
carefully_plan,0.2783735394477844,terrorist,1981-20010910,CBOW,281
popular_front_liberation_palestine,0.278316855430603,terrorist,1981-20010910,CBOW,282
collusion,0.27793338894844055,terrorist,1981-20010910,CBOW,283
deny_connection,0.27787941694259644,terrorist,1981-20010910,CBOW,284
bungle,0.2778679132461548,terrorist,1981-20010910,CBOW,285
pro_iranian,0.27761557698249817,terrorist,1981-20010910,CBOW,286
rico,0.27759015560150146,terrorist,1981-20010910,CBOW,287
bomb_factory,0.2775813639163971,terrorist,1981-20010910,CBOW,288
caller_represent,0.2769433856010437,terrorist,1981-20010910,CBOW,289
hijack_italian_cruise_ship,0.27690747380256653,terrorist,1981-20010910,CBOW,290
insurgent,0.2764224112033844,terrorist,1981-20010910,CBOW,291
gun_explosive,0.27637794613838196,terrorist,1981-20010910,CBOW,292
subversion,0.27599161863327026,terrorist,1981-20010910,CBOW,293
direct_involvement,0.27590158581733704,terrorist,1981-20010910,CBOW,294
abbas,0.2758387625217438,terrorist,1981-20010910,CBOW,295
speculate,0.2757532596588135,terrorist,1981-20010910,CBOW,296
perpetrate,0.2755322754383087,terrorist,1981-20010910,CBOW,297
criminal_activity,0.2754814028739929,terrorist,1981-20010910,CBOW,298
west_berlin,0.2753821015357971,terrorist,1981-20010910,CBOW,299
horrify,0.2750933766365051,terrorist,1981-20010910,CBOW,300
embassy_beirut,0.27506548166275024,terrorist,1981-20010910,CBOW,301
sicilian_mafia,0.27502790093421936,terrorist,1981-20010910,CBOW,302
unlawful,0.27498114109039307,terrorist,1981-20010910,CBOW,303
el_al_plane,0.2748193144798279,terrorist,1981-20010910,CBOW,304
american_citizens,0.2748158872127533,terrorist,1981-20010910,CBOW,305
truck_bomb,0.27463698387145996,terrorist,1981-20010910,CBOW,306
mohammed_ali,0.2745134234428406,terrorist,1981-20010910,CBOW,307
nairobi_kenya_dar_salaam,0.2744428515434265,terrorist,1981-20010910,CBOW,308
treachery,0.2743517756462097,terrorist,1981-20010910,CBOW,309
retaliatory_strike,0.27422386407852173,terrorist,1981-20010910,CBOW,310
paramilitary_group,0.27404049038887024,terrorist,1981-20010910,CBOW,311
circumstantial,0.2739887237548828,terrorist,1981-20010910,CBOW,312
act_behalf,0.2725517451763153,terrorist,1981-20010910,CBOW,313
attack,0.2723804712295532,terrorist,1981-20010910,CBOW,314
assassination_attempt,0.27233317494392395,terrorist,1981-20010910,CBOW,315
convict_crime,0.27232787013053894,terrorist,1981-20010910,CBOW,316
link_bin_laden,0.2721508741378784,terrorist,1981-20010910,CBOW,317
american_world_airways,0.2721322476863861,terrorist,1981-20010910,CBOW,318
american_servicemen,0.27200189232826233,terrorist,1981-20010910,CBOW,319
squad,0.27179592847824097,terrorist,1981-20010910,CBOW,320
frankfurt_airport,0.27157825231552124,terrorist,1981-20010910,CBOW,321
zealot,0.27146291732788086,terrorist,1981-20010910,CBOW,322
suspicion_involvement,0.27137473225593567,terrorist,1981-20010910,CBOW,323
pro_iranian_party_god,0.27047520875930786,terrorist,1981-20010910,CBOW,324
armored_car_robbery,0.27030637860298157,terrorist,1981-20010910,CBOW,325
claim_responsibility,0.2700903117656708,terrorist,1981-20010910,CBOW,326
basque_independence,0.26977184414863586,terrorist,1981-20010910,CBOW,327
extradite,0.2696448862552643,terrorist,1981-20010910,CBOW,328
whoever,0.2689111530780792,terrorist,1981-20010910,CBOW,329
intelligence_source,0.2688654065132141,terrorist,1981-20010910,CBOW,330
counterterrorist,0.2688280940055847,terrorist,1981-20010910,CBOW,331
deny_responsibility,0.2687588632106781,terrorist,1981-20010910,CBOW,332
air_sea,0.26868072152137756,terrorist,1981-20010910,CBOW,333
air_piracy,0.2685800790786743,terrorist,1981-20010910,CBOW,334
nationality,0.268417090177536,terrorist,1981-20010910,CBOW,335
notorious,0.26821377873420715,terrorist,1981-20010910,CBOW,336
receive_training,0.2679815888404846,terrorist,1981-20010910,CBOW,337
informant,0.26791176199913025,terrorist,1981-20010910,CBOW,338
disclose_detail,0.2677917778491974,terrorist,1981-20010910,CBOW,339
arm_cache,0.2673371434211731,terrorist,1981-20010910,CBOW,340
bring_justice,0.2670738995075226,terrorist,1981-20010910,CBOW,341
pre_emptive_strike,0.2670445144176483,terrorist,1981-20010910,CBOW,342
involved,0.26703161001205444,terrorist,1981-20010910,CBOW,343
israeli_airliner,0.2669092118740082,terrorist,1981-20010910,CBOW,344
arrest_connection,0.26677587628364563,terrorist,1981-20010910,CBOW,345
ruthlessly,0.2664940655231476,terrorist,1981-20010910,CBOW,346
repeatedly_deny,0.2660894989967346,terrorist,1981-20010910,CBOW,347
islamic_jihad,0.2660275995731354,terrorist,1981-20010910,CBOW,348
hard_evidence,0.2659754157066345,terrorist,1981-20010910,CBOW,349
liberation_army,0.265740305185318,terrorist,1981-20010910,CBOW,350
suspects,0.2656249701976776,terrorist,1981-20010910,CBOW,351
decline_speculate,0.2650359570980072,terrorist,1981-20010910,CBOW,352
terrorize,0.2649552822113037,terrorist,1981-20010910,CBOW,353
pound_explosive,0.26493483781814575,terrorist,1981-20010910,CBOW,354
politically_motivated,0.26482442021369934,terrorist,1981-20010910,CBOW,355
show_willingness,0.26461267471313477,terrorist,1981-20010910,CBOW,356
commando_raid,0.2644621431827545,terrorist,1981-20010910,CBOW,357
illegal_activity,0.2643350064754486,terrorist,1981-20010910,CBOW,358
extreme_right_wing,0.26423224806785583,terrorist,1981-20010910,CBOW,359
act_sabotage,0.263739675283432,terrorist,1981-20010910,CBOW,360
moro,0.2635330557823181,terrorist,1981-20010910,CBOW,361
foil_plot,0.26320281624794006,terrorist,1981-20010910,CBOW,362
extremely_difficult,0.26311156153678894,terrorist,1981-20010910,CBOW,363
intelligence_information,0.26309943199157715,terrorist,1981-20010910,CBOW,364
hostage_taker,0.2629409432411194,terrorist,1981-20010910,CBOW,365
party_god,0.26276856660842896,terrorist,1981-20010910,CBOW,366
jihad,0.26272323727607727,terrorist,1981-20010910,CBOW,367
anywhere_world,0.26270410418510437,terrorist,1981-20010910,CBOW,368
syrian_embassy,0.2626706063747406,terrorist,1981-20010910,CBOW,369
procure,0.26244524121284485,terrorist,1981-20010910,CBOW,370
armed_band,0.2624303996562958,terrorist,1981-20010910,CBOW,371
barbaric,0.26238933205604553,terrorist,1981-20010910,CBOW,372
deadly_bombing,0.2623317241668701,terrorist,1981-20010910,CBOW,373
evidence_connect,0.26225918531417847,terrorist,1981-20010910,CBOW,374
french_embassy,0.26217228174209595,terrorist,1981-20010910,CBOW,375
provide_information,0.2618265450000763,terrorist,1981-20010910,CBOW,376
dupe,0.26148930191993713,terrorist,1981-20010910,CBOW,377
embassy_kenya,0.2614295482635498,terrorist,1981-20010910,CBOW,378
expel_diplomat,0.26125019788742065,terrorist,1981-20010910,CBOW,379
possible_involvement,0.26080209016799927,terrorist,1981-20010910,CBOW,380
incitement,0.2607632875442505,terrorist,1981-20010910,CBOW,381
accuse_complicity,0.26070621609687805,terrorist,1981-20010910,CBOW,382
provocation,0.2604396939277649,terrorist,1981-20010910,CBOW,383
specific,0.2600139379501343,terrorist,1981-20010910,CBOW,384
libya_sudan,0.25981274247169495,terrorist,1981-20010910,CBOW,385
obtain_release,0.25970199704170227,terrorist,1981-20010910,CBOW,386
seriously,0.2594902217388153,terrorist,1981-20010910,CBOW,387
hudson_river_tunnel,0.259445458650589,terrorist,1981-20010910,CBOW,388
seek_independence_puerto,0.2594204843044281,terrorist,1981-20010910,CBOW,389
subversive_activity,0.259168803691864,terrorist,1981-20010910,CBOW,390
egyptian_cleric,0.25893813371658325,terrorist,1981-20010910,CBOW,391
deny_knowledge,0.25888070464134216,terrorist,1981-20010910,CBOW,392
uncover,0.25886258482933044,terrorist,1981-20010910,CBOW,393
american_serviceman,0.2588624954223633,terrorist,1981-20010910,CBOW,394
conspiracy_commit,0.2585238218307495,terrorist,1981-20010910,CBOW,395
tamil_tiger,0.2582698166370392,terrorist,1981-20010910,CBOW,396
slaying,0.25825485587120056,terrorist,1981-20010910,CBOW,397
chechen_militant,0.25812530517578125,terrorist,1981-20010910,CBOW,398
western_hostage,0.2580818235874176,terrorist,1981-20010910,CBOW,399
cole_bombing,0.2576732337474823,terrorist,1981-20010910,CBOW,400
informer,0.2574719190597534,terrorist,1981-20010910,CBOW,401
blow_pan,0.2573101818561554,terrorist,1981-20010910,CBOW,402
tripoli_benghazi,0.2572784423828125,terrorist,1981-20010910,CBOW,403
american_law_enforcement,0.25726282596588135,terrorist,1981-20010910,CBOW,404
trans_world_airlines_jet,0.2569804787635803,terrorist,1981-20010910,CBOW,405
gangster,0.256801575422287,terrorist,1981-20010910,CBOW,406
issue_communique,0.2567239999771118,terrorist,1981-20010910,CBOW,407
counterrevolutionary,0.2565572261810303,terrorist,1981-20010910,CBOW,408
chechen_rebel,0.2563383877277374,terrorist,1981-20010910,CBOW,409
fit_pattern,0.25633037090301514,terrorist,1981-20010910,CBOW,410
indiscriminate_violence,0.2559916377067566,terrorist,1981-20010910,CBOW,411
indiscriminate,0.2559807598590851,terrorist,1981-20010910,CBOW,412
american_soldiers,0.25580883026123047,terrorist,1981-20010910,CBOW,413
social_club,0.25568896532058716,terrorist,1981-20010910,CBOW,414
kill_injure,0.2549898624420166,terrorist,1981-20010910,CBOW,415
act_alone,0.25497591495513916,terrorist,1981-20010910,CBOW,416
sikh_militant,0.25495022535324097,terrorist,1981-20010910,CBOW,417
caller,0.25491854548454285,terrorist,1981-20010910,CBOW,418
northern_spain,0.25484204292297363,terrorist,1981-20010910,CBOW,419
al_qaeda,0.25431185960769653,terrorist,1981-20010910,CBOW,420
cowardly,0.254311740398407,terrorist,1981-20010910,CBOW,421
iranian_diplomat,0.25426483154296875,terrorist,1981-20010910,CBOW,422
armed,0.2542093098163605,terrorist,1981-20010910,CBOW,423
hijacker_italian_cruise,0.25401410460472107,terrorist,1981-20010910,CBOW,424
airplane_hijacking,0.2536010146141052,terrorist,1981-20010910,CBOW,425
directly_responsible,0.25350672006607056,terrorist,1981-20010910,CBOW,426
countermeasure,0.2533990442752838,terrorist,1981-20010910,CBOW,427
prevention_terrorism,0.25339043140411377,terrorist,1981-20010910,CBOW,428
threatening,0.25335678458213806,terrorist,1981-20010910,CBOW,429
liquidate,0.2532651424407959,terrorist,1981-20010910,CBOW,430
sentence_death,0.25309932231903076,terrorist,1981-20010910,CBOW,431
vigilant,0.25302940607070923,terrorist,1981-20010910,CBOW,432
combat_terrorism,0.25289908051490784,terrorist,1981-20010910,CBOW,433
investigate_possibility,0.2528430223464966,terrorist,1981-20010910,CBOW,434
instigator,0.25273266434669495,terrorist,1981-20010910,CBOW,435
enough_evidence,0.25272825360298157,terrorist,1981-20010910,CBOW,436
explosive_device,0.2526075839996338,terrorist,1981-20010910,CBOW,437
mysterious,0.252559095621109,terrorist,1981-20010910,CBOW,438
mohamme_abbas,0.25251197814941406,terrorist,1981-20010910,CBOW,439
subsequently,0.25237011909484863,terrorist,1981-20010910,CBOW,440
kurdish_worker,0.25224071741104126,terrorist,1981-20010910,CBOW,441
marine_headquarters,0.2521892189979553,terrorist,1981-20010910,CBOW,442
infiltrator,0.25215405225753784,terrorist,1981-20010910,CBOW,443
duress,0.2521243095397949,terrorist,1981-20010910,CBOW,444
common_enemy,0.25212398171424866,terrorist,1981-20010910,CBOW,445
interrogator,0.2520110607147217,terrorist,1981-20010910,CBOW,446
detailed_information,0.25171494483947754,terrorist,1981-20010910,CBOW,447
necessary_prevent,0.25147297978401184,terrorist,1981-20010910,CBOW,448
accuse_plot,0.25144922733306885,terrorist,1981-20010910,CBOW,449
plot_bomb,0.2509993314743042,terrorist,1981-20010910,CBOW,450
kurdish_separatist,0.25088801980018616,terrorist,1981-20010910,CBOW,451
mohame,0.25088512897491455,terrorist,1981-20010910,CBOW,452
proof,0.2508173882961273,terrorist,1981-20010910,CBOW,453
ransom_payment,0.25078442692756653,terrorist,1981-20010910,CBOW,454
armed_force_national_liberation,0.2502961754798889,terrorist,1981-20010910,CBOW,455
detonate,0.25024184584617615,terrorist,1981-20010910,CBOW,456
truck_bombing,0.2500476539134979,terrorist,1981-20010910,CBOW,457
abu_abbas,0.2499932199716568,terrorist,1981-20010910,CBOW,458
discredit,0.24999085068702698,terrorist,1981-20010910,CBOW,459
marine_barracks,0.2499762922525406,terrorist,1981-20010910,CBOW,460
east_berlin,0.2499007284641266,terrorist,1981-20010910,CBOW,461
links,0.24984169006347656,terrorist,1981-20010910,CBOW,462
innocent_victim,0.24951794743537903,terrorist,1981-20010910,CBOW,463
sedition,0.24906358122825623,terrorist,1981-20010910,CBOW,464
formally_charge,0.24893368780612946,terrorist,1981-20010910,CBOW,465
revolutionary_council,0.24881736934185028,terrorist,1981-20010910,CBOW,466
sentence_prison_term,0.24821479618549347,terrorist,1981-20010910,CBOW,467
foil,0.24812211096286774,terrorist,1981-20010910,CBOW,468
commit_crime,0.24811631441116333,terrorist,1981-20010910,CBOW,469
embassy_tanzania,0.24793775379657745,terrorist,1981-20010910,CBOW,470
elaborate,0.24788671731948853,terrorist,1981-20010910,CBOW,471
mossad_agent,0.24781331419944763,terrorist,1981-20010910,CBOW,472
particularly_concerned,0.2477359026670456,terrorist,1981-20010910,CBOW,473
special_antiterrorist,0.2477070689201355,terrorist,1981-20010910,CBOW,474
renew_violence,0.24766655266284943,terrorist,1981-20010910,CBOW,475
member_red_brigade,0.24760350584983826,terrorist,1981-20010910,CBOW,476
armed_robbery,0.24753548204898834,terrorist,1981-20010910,CBOW,477
dissident,0.24720802903175354,terrorist,1981-20010910,CBOW,478
provide_detail,0.24703983962535858,terrorist,1981-20010910,CBOW,479
possibly,0.24680832028388977,terrorist,1981-20010910,CBOW,480
sentence_life_imprisonment,0.24664491415023804,terrorist,1981-20010910,CBOW,481
directly_involve,0.24646899104118347,terrorist,1981-20010910,CBOW,482
offer_reward,0.24639348685741425,terrorist,1981-20010910,CBOW,483
infer,0.24625219404697418,terrorist,1981-20010910,CBOW,484
guerrilla_activity,0.24592624604701996,terrorist,1981-20010910,CBOW,485
gang,0.24572429060935974,terrorist,1981-20010910,CBOW,486
kurdish_guerrilla,0.24554194509983063,terrorist,1981-20010910,CBOW,487
exchange_information,0.24520713090896606,terrorist,1981-20010910,CBOW,488
reign_terror,0.2451956421136856,terrorist,1981-20010910,CBOW,489
anonymous_caller,0.24498610198497772,terrorist,1981-20010910,CBOW,490
pre_emptive,0.2449367195367813,terrorist,1981-20010910,CBOW,491
wage_campaign,0.2447187751531601,terrorist,1981-20010910,CBOW,492
cruise_missile_strike,0.2446650117635727,terrorist,1981-20010910,CBOW,493
undercover,0.24453024566173553,terrorist,1981-20010910,CBOW,494
tough_measure,0.24430425465106964,terrorist,1981-20010910,CBOW,495
explosive,0.24379029870033264,terrorist,1981-20010910,CBOW,496
evidence_gather,0.24326011538505554,terrorist,1981-20010910,CBOW,497
smuggle_explosive,0.24324239790439606,terrorist,1981-20010910,CBOW,498
unspecified,0.24323005974292755,terrorist,1981-20010910,CBOW,499
col_el_leader,0.24321384727954865,terrorist,1981-20010910,CBOW,500
terrorist_organization,0.584973931312561,terrorist,1981-20010910,SkipGram,1
terrorist_attack,0.5622044205665588,terrorist,1981-20010910,SkipGram,2
airport_rome_vienna,0.5363889336585999,terrorist,1981-20010910,SkipGram,3
terrorists,0.5352357625961304,terrorist,1981-20010910,SkipGram,4
terrorism,0.5334670543670654,terrorist,1981-20010910,SkipGram,5
extremist,0.5277469158172607,terrorist,1981-20010910,SkipGram,6
airplane_hijacking,0.5245222449302673,terrorist,1981-20010910,SkipGram,7
terrorist_cell,0.5231088995933533,terrorist,1981-20010910,SkipGram,8
terrorist_activity,0.5215739011764526,terrorist,1981-20010910,SkipGram,9
urban_guerrilla,0.515632688999176,terrorist,1981-20010910,SkipGram,10
terror,0.5109347105026245,terrorist,1981-20010910,SkipGram,11
extremist_group,0.5079763531684875,terrorist,1981-20010910,SkipGram,12
attack,0.500867486000061,terrorist,1981-20010910,SkipGram,13
deadly_attack,0.49806997179985046,terrorist,1981-20010910,SkipGram,14
armenian_secret,0.494197815656662,terrorist,1981-20010910,SkipGram,15
threat_seriously,0.4927603304386139,terrorist,1981-20010910,SkipGram,16
suicide_bomb,0.49211445450782776,terrorist,1981-20010910,SkipGram,17
act_terrorism,0.490455687046051,terrorist,1981-20010910,SkipGram,18
evidence_connect,0.4895463287830353,terrorist,1981-20010910,SkipGram,19
japanese_red_army,0.4882124066352844,terrorist,1981-20010910,SkipGram,20
american_authorities,0.48709219694137573,terrorist,1981-20010910,SkipGram,21
militant_group,0.4848238229751587,terrorist,1981-20010910,SkipGram,22
hijacking_airliner,0.4848043620586395,terrorist,1981-20010910,SkipGram,23
terrorism_suspect,0.4819680452346802,terrorist,1981-20010910,SkipGram,24
gun_explosive,0.4802478849887848,terrorist,1981-20010910,SkipGram,25
west_berlin_discotheque,0.47915980219841003,terrorist,1981-20010910,SkipGram,26
caller_represent,0.4790714383125305,terrorist,1981-20010910,SkipGram,27
mastermind_behind,0.47793617844581604,terrorist,1981-20010910,SkipGram,28
committee_solidarity,0.4775862693786621,terrorist,1981-20010910,SkipGram,29
gunmen,0.47724393010139465,terrorist,1981-20010910,SkipGram,30
militant,0.47542285919189453,terrorist,1981-20010910,SkipGram,31
georges_ibrahim,0.47402337193489075,terrorist,1981-20010910,SkipGram,32
bin_laden_network,0.47391849756240845,terrorist,1981-20010910,SkipGram,33
terrorist_network,0.4738444983959198,terrorist,1981-20010910,SkipGram,34
revolutionary_cell,0.47247016429901123,terrorist,1981-20010910,SkipGram,35
suspicion_involvement,0.4714656174182892,terrorist,1981-20010910,SkipGram,36
extreme_leftist,0.46979618072509766,terrorist,1981-20010910,SkipGram,37
tie_bin_laden,0.4693623483181,terrorist,1981-20010910,SkipGram,38
exclude_possibility,0.4691483676433563,terrorist,1981-20010910,SkipGram,39
american_installations,0.4672963619232178,terrorist,1981-20010910,SkipGram,40
smuggle_explosive,0.4666915535926819,terrorist,1981-20010910,SkipGram,41
suspect,0.46613621711730957,terrorist,1981-20010910,SkipGram,42
interior_ministry_spokesman,0.46603941917419434,terrorist,1981-20010910,SkipGram,43
militants,0.4653821289539337,terrorist,1981-20010910,SkipGram,44
terror_suspect,0.46477726101875305,terrorist,1981-20010910,SkipGram,45
elsewhere_europe,0.46424904465675354,terrorist,1981-20010910,SkipGram,46
ringleader,0.4642478823661804,terrorist,1981-20010910,SkipGram,47
retaliatory,0.46226581931114197,terrorist,1981-20010910,SkipGram,48
person_wound,0.46152862906455994,terrorist,1981-20010910,SkipGram,49
seek_revenge,0.4610803425312042,terrorist,1981-20010910,SkipGram,50
islamic_extremist,0.4601663649082184,terrorist,1981-20010910,SkipGram,51
perpetrator,0.4586474299430847,terrorist,1981-20010910,SkipGram,52
saudi_bear,0.45815205574035645,terrorist,1981-20010910,SkipGram,53
convict_absentia,0.45773226022720337,terrorist,1981-20010910,SkipGram,54
immediate_claim_responsibility,0.45757073163986206,terrorist,1981-20010910,SkipGram,55
bus_jerusalem,0.45745939016342163,terrorist,1981-20010910,SkipGram,56
muslim_fundamentalists,0.457254558801651,terrorist,1981-20010910,SkipGram,57
discotheque_bombing,0.4563525319099426,terrorist,1981-20010910,SkipGram,58
camp_afghanistan,0.4561682641506195,terrorist,1981-20010910,SkipGram,59
hit_squad,0.45505478978157043,terrorist,1981-20010910,SkipGram,60
chechen_militant,0.45304712653160095,terrorist,1981-20010910,SkipGram,61
accuse_mastermind,0.45237743854522705,terrorist,1981-20010910,SkipGram,62
guerrilla,0.4522436261177063,terrorist,1981-20010910,SkipGram,63
wealthy_saudi,0.45149561762809753,terrorist,1981-20010910,SkipGram,64
kurdish_guerrillas,0.45114436745643616,terrorist,1981-20010910,SkipGram,65
saudi_exile,0.4505429267883301,terrorist,1981-20010910,SkipGram,66
underground_organization,0.45029792189598083,terrorist,1981-20010910,SkipGram,67
israeli_warplane,0.45016908645629883,terrorist,1981-20010910,SkipGram,68
retaliatory_raid,0.4497925043106079,terrorist,1981-20010910,SkipGram,69
arrest_suspicion,0.44879844784736633,terrorist,1981-20010910,SkipGram,70
gunman,0.448366641998291,terrorist,1981-20010910,SkipGram,71
indiscriminate_violence,0.4478072226047516,terrorist,1981-20010910,SkipGram,72
antiterrorist_squad,0.44773977994918823,terrorist,1981-20010910,SkipGram,73
liberation_organization,0.4474491775035858,terrorist,1981-20010910,SkipGram,74
weapon_explosive,0.44665202498435974,terrorist,1981-20010910,SkipGram,75
muslim_extremist,0.4464123845100403,terrorist,1981-20010910,SkipGram,76
renegade,0.4458886384963989,terrorist,1981-20010910,SkipGram,77
bombing_discotheque,0.44558465480804443,terrorist,1981-20010910,SkipGram,78
special_antiterrorist,0.4450400173664093,terrorist,1981-20010910,SkipGram,79
harbor_terrorist,0.44490694999694824,terrorist,1981-20010910,SkipGram,80
suspect_mastermind,0.4443603456020355,terrorist,1981-20010910,SkipGram,81
el_al_airliner,0.44363105297088623,terrorist,1981-20010910,SkipGram,82
attacks,0.4427010118961334,terrorist,1981-20010910,SkipGram,83
drug_cartel,0.44227278232574463,terrorist,1981-20010910,SkipGram,84
americans_saudi_arabia,0.44210535287857056,terrorist,1981-20010910,SkipGram,85
firearm_explosive,0.4413021206855774,terrorist,1981-20010910,SkipGram,86
hijack_jet,0.4412114918231964,terrorist,1981-20010910,SkipGram,87
bombing_embassies_kenya_tanzania,0.44110822677612305,terrorist,1981-20010910,SkipGram,88
cold_blood,0.4406476318836212,terrorist,1981-20010910,SkipGram,89
vienna_airport,0.4406414031982422,terrorist,1981-20010910,SkipGram,90
seek_independence_puerto,0.4404773414134979,terrorist,1981-20010910,SkipGram,91
synagogue_istanbul,0.4404169023036957,terrorist,1981-20010910,SkipGram,92
kill,0.4400783181190491,terrorist,1981-20010910,SkipGram,93
suicide_truck,0.4396531581878662,terrorist,1981-20010910,SkipGram,94
particularly_concerned,0.43960607051849365,terrorist,1981-20010910,SkipGram,95
hijack_jetliner,0.4395832121372223,terrorist,1981-20010910,SkipGram,96
kurdish_worker,0.43944883346557617,terrorist,1981-20010910,SkipGram,97
expulsion_diplomat,0.4393121004104614,terrorist,1981-20010910,SkipGram,98
investigate_possibility,0.4383702874183655,terrorist,1981-20010910,SkipGram,99
responsible_death,0.4380352199077606,terrorist,1981-20010910,SkipGram,100
basque_independence,0.43783876299858093,terrorist,1981-20010910,SkipGram,101
training_camp_afghanistan,0.4377553164958954,terrorist,1981-20010910,SkipGram,102
hijacker_italian_cruise,0.4372294843196869,terrorist,1981-20010910,SkipGram,103
aboard_trans_world_airlines,0.4366445243358612,terrorist,1981-20010910,SkipGram,104
armed_band,0.4365580976009369,terrorist,1981-20010910,SkipGram,105
hijacking_trans_world_airlines,0.43652990460395813,terrorist,1981-20010910,SkipGram,106
decline_provide_detail,0.43513116240501404,terrorist,1981-20010910,SkipGram,107
arm_explosive,0.43500345945358276,terrorist,1981-20010910,SkipGram,108
terror_attack,0.4349710941314697,terrorist,1981-20010910,SkipGram,109
telephone_caller,0.43491998314857483,terrorist,1981-20010910,SkipGram,110
kill_shootout,0.43465322256088257,terrorist,1981-20010910,SkipGram,111
mohammed_abbas,0.43458884954452515,terrorist,1981-20010910,SkipGram,112
cache_weapon,0.4342978000640869,terrorist,1981-20010910,SkipGram,113
lebanese_armed,0.4340062737464905,terrorist,1981-20010910,SkipGram,114
hijack_trans_world_airlines,0.4339274764060974,terrorist,1981-20010910,SkipGram,115
series_bombing,0.43383705615997314,terrorist,1981-20010910,SkipGram,116
tamil_tiger,0.43382200598716736,terrorist,1981-20010910,SkipGram,117
lenient_treatment,0.43361109495162964,terrorist,1981-20010910,SkipGram,118
disassociate,0.4334535598754883,terrorist,1981-20010910,SkipGram,119
pound_plastic_explosive,0.43308359384536743,terrorist,1981-20010910,SkipGram,120
radical_islamic,0.43256235122680664,terrorist,1981-20010910,SkipGram,121
security_force,0.4325399100780487,terrorist,1981-20010910,SkipGram,122
sniper_attack,0.432268887758255,terrorist,1981-20010910,SkipGram,123
assassination_rabbi,0.43189164996147156,terrorist,1981-20010910,SkipGram,124
rome_vienna_airport,0.43158629536628723,terrorist,1981-20010910,SkipGram,125
prime_suspect,0.4309080243110657,terrorist,1981-20010910,SkipGram,126
aboard_airliner,0.4309072196483612,terrorist,1981-20010910,SkipGram,127
killing_wound,0.4308355450630188,terrorist,1981-20010910,SkipGram,128
rome_vienna,0.4304957091808319,terrorist,1981-20010910,SkipGram,129
mastermind_bombing,0.43015924096107483,terrorist,1981-20010910,SkipGram,130
apa,0.42997580766677856,terrorist,1981-20010910,SkipGram,131
bombing_shooting,0.4299594461917877,terrorist,1981-20010910,SkipGram,132
plant_explosive,0.42992690205574036,terrorist,1981-20010910,SkipGram,133
splinter_group,0.42959803342819214,terrorist,1981-20010910,SkipGram,134
french_paratrooper,0.42923659086227417,terrorist,1981-20010910,SkipGram,135
assassination_squad,0.42855435609817505,terrorist,1981-20010910,SkipGram,136
guerrilla_basis,0.42829644680023193,terrorist,1981-20010910,SkipGram,137
detail_emerge,0.4278901517391205,terrorist,1981-20010910,SkipGram,138
avenge_death,0.4277741312980652,terrorist,1981-20010910,SkipGram,139
rome_athens,0.4276091456413269,terrorist,1981-20010910,SkipGram,140
kurdish_workers,0.42699480056762695,terrorist,1981-20010910,SkipGram,141
plot_assassinate,0.42598745226860046,terrorist,1981-20010910,SkipGram,142
explosion_aboard,0.4254404902458191,terrorist,1981-20010910,SkipGram,143
hurl_grenade,0.4244796931743622,terrorist,1981-20010910,SkipGram,144
antiterrorism,0.42417511343955994,terrorist,1981-20010910,SkipGram,145
ul,0.423471063375473,terrorist,1981-20010910,SkipGram,146
hudson_river_tunnel,0.4233943223953247,terrorist,1981-20010910,SkipGram,147
weapon_cache,0.4230046272277832,terrorist,1981-20010910,SkipGram,148
palestinian_guerrilla,0.42290088534355164,terrorist,1981-20010910,SkipGram,149
flight_scotland,0.4223371744155884,terrorist,1981-20010910,SkipGram,150
assassin,0.4219816029071808,terrorist,1981-20010910,SkipGram,151
bomb_saudi_arabia,0.42190155386924744,terrorist,1981-20010910,SkipGram,152
tripoli_benghazi,0.42180776596069336,terrorist,1981-20010910,SkipGram,153
bomb_american_embassies,0.4214702248573303,terrorist,1981-20010910,SkipGram,154
wave_bombing,0.4209594130516052,terrorist,1981-20010910,SkipGram,155
southern_france,0.4208487272262573,terrorist,1981-20010910,SkipGram,156
fit_pattern,0.4207698106765747,terrorist,1981-20010910,SkipGram,157
nairobi_bombing,0.42063575983047485,terrorist,1981-20010910,SkipGram,158
revolutionary_faction,0.4204099476337433,terrorist,1981-20010910,SkipGram,159
anis,0.42039915919303894,terrorist,1981-20010910,SkipGram,160
sikh_riot,0.4203896224498749,terrorist,1981-20010910,SkipGram,161
syria_iran,0.420221745967865,terrorist,1981-20010910,SkipGram,162
passenger_bus,0.4201434850692749,terrorist,1981-20010910,SkipGram,163
tough_measure,0.419859915971756,terrorist,1981-20010910,SkipGram,164
diplomatic_personnel,0.41972774267196655,terrorist,1981-20010910,SkipGram,165
saudi_dissident,0.41964486241340637,terrorist,1981-20010910,SkipGram,166
tamil_militant,0.41961660981178284,terrorist,1981-20010910,SkipGram,167
shadowy_group,0.4191897213459015,terrorist,1981-20010910,SkipGram,168
storm_bus,0.41914454102516174,terrorist,1981-20010910,SkipGram,169
demand_extradition,0.419095516204834,terrorist,1981-20010910,SkipGram,170
suspect_involvement,0.4188413918018341,terrorist,1981-20010910,SkipGram,171
prevention_terrorism,0.4184962213039398,terrorist,1981-20010910,SkipGram,172
hostage_taking,0.4184913635253906,terrorist,1981-20010910,SkipGram,173
steal_vehicle,0.418231725692749,terrorist,1981-20010910,SkipGram,174
sikh_separatist,0.4180261492729187,terrorist,1981-20010910,SkipGram,175
convict_crime,0.4177874028682709,terrorist,1981-20010910,SkipGram,176
gunman_escape,0.4174717664718628,terrorist,1981-20010910,SkipGram,177
tripoli_lebanon,0.41719669103622437,terrorist,1981-20010910,SkipGram,178
radical,0.41707277297973633,terrorist,1981-20010910,SkipGram,179
member_red_brigade,0.41690999269485474,terrorist,1981-20010910,SkipGram,180
deny_connection,0.41678860783576965,terrorist,1981-20010910,SkipGram,181
initial_basque,0.41654708981513977,terrorist,1981-20010910,SkipGram,182
deadly_bombing,0.416271448135376,terrorist,1981-20010910,SkipGram,183
brig_gen_james,0.41622427105903625,terrorist,1981-20010910,SkipGram,184
offer_million_reward,0.4161202311515808,terrorist,1981-20010910,SkipGram,185
categorically_deny,0.41601330041885376,terrorist,1981-20010910,SkipGram,186
puerto_rican_terrorist,0.4157235324382782,terrorist,1981-20010910,SkipGram,187
drug_gang,0.4154522120952606,terrorist,1981-20010910,SkipGram,188
insurgent,0.4153200685977936,terrorist,1981-20010910,SkipGram,189
clandestinely,0.4138084650039673,terrorist,1981-20010910,SkipGram,190
nairobi_kenya_dar_salaam,0.4137665927410126,terrorist,1981-20010910,SkipGram,191
vehemently_deny,0.4137123227119446,terrorist,1981-20010910,SkipGram,192
abu_abu,0.4137080907821655,terrorist,1981-20010910,SkipGram,193
counterterrorist,0.4135720133781433,terrorist,1981-20010910,SkipGram,194
soldier_die,0.4135616421699524,terrorist,1981-20010910,SkipGram,195
suspect_custody,0.41350552439689636,terrorist,1981-20010910,SkipGram,196
islamic_fundamentalists,0.41254574060440063,terrorist,1981-20010910,SkipGram,197
blow_pan,0.412431001663208,terrorist,1981-20010910,SkipGram,198
el_al_plane,0.4123454988002777,terrorist,1981-20010910,SkipGram,199
turn_blind_eye,0.412339985370636,terrorist,1981-20010910,SkipGram,200
red_army,0.4123368561267853,terrorist,1981-20010910,SkipGram,201
leniency,0.41212859749794006,terrorist,1981-20010910,SkipGram,202
renew_violence,0.41200822591781616,terrorist,1981-20010910,SkipGram,203
commando,0.4118303656578064,terrorist,1981-20010910,SkipGram,204
hijacking_cruise_ship,0.41177868843078613,terrorist,1981-20010910,SkipGram,205
hamas_islamic_jihad,0.41164299845695496,terrorist,1981-20010910,SkipGram,206
derange,0.4114048480987549,terrorist,1981-20010910,SkipGram,207
innocent_civilian,0.4113888442516327,terrorist,1981-20010910,SkipGram,208
try_assassinate,0.4111623167991638,terrorist,1981-20010910,SkipGram,209
disclose_identity,0.4101862609386444,terrorist,1981-20010910,SkipGram,210
islamic_militant,0.40988731384277344,terrorist,1981-20010910,SkipGram,211
harsh_measure,0.4098453223705292,terrorist,1981-20010910,SkipGram,212
strongly_suggest,0.40955573320388794,terrorist,1981-20010910,SkipGram,213
spanish_initial,0.40946125984191895,terrorist,1981-20010910,SkipGram,214
warrant_issue,0.40930697321891785,terrorist,1981-20010910,SkipGram,215
detain_suspect,0.4090806245803833,terrorist,1981-20010910,SkipGram,216
claim_responsibility,0.4088555872440338,terrorist,1981-20010910,SkipGram,217
gunman_open_fire,0.4086330533027649,terrorist,1981-20010910,SkipGram,218
avenge,0.40859562158584595,terrorist,1981-20010910,SkipGram,219
harbored,0.4082549512386322,terrorist,1981-20010910,SkipGram,220
commit_violent,0.407975971698761,terrorist,1981-20010910,SkipGram,221
issue_communique,0.4077560007572174,terrorist,1981-20010910,SkipGram,222
american_world_airways,0.40769967436790466,terrorist,1981-20010910,SkipGram,223
seal_indictment,0.40763309597969055,terrorist,1981-20010910,SkipGram,224
indiscriminately,0.40742605924606323,terrorist,1981-20010910,SkipGram,225
retaliatory_strike,0.4074205756187439,terrorist,1981-20010910,SkipGram,226
behead,0.4072575867176056,terrorist,1981-20010910,SkipGram,227
pro_cuban,0.40716859698295593,terrorist,1981-20010910,SkipGram,228
bombing_pan,0.4070817530155182,terrorist,1981-20010910,SkipGram,229
muslim_militant,0.4069161117076874,terrorist,1981-20010910,SkipGram,230
marine_barracks_beirut,0.40632688999176025,terrorist,1981-20010910,SkipGram,231
arrest_suspect,0.40632420778274536,terrorist,1981-20010910,SkipGram,232
hijack_italian_cruise_ship,0.40605321526527405,terrorist,1981-20010910,SkipGram,233
troublemaker,0.40594804286956787,terrorist,1981-20010910,SkipGram,234
beyond_doubt,0.4057348072528839,terrorist,1981-20010910,SkipGram,235
kidnap_murder,0.405465304851532,terrorist,1981-20010910,SkipGram,236
israeli_athlete,0.4051703214645386,terrorist,1981-20010910,SkipGram,237
foil_plot,0.4050646722316742,terrorist,1981-20010910,SkipGram,238
armored_car_robbery,0.4049316346645355,terrorist,1981-20010910,SkipGram,239
explode_bomb,0.4048953056335449,terrorist,1981-20010910,SkipGram,240
chieftain,0.4046364724636078,terrorist,1981-20010910,SkipGram,241
william_morale,0.4045971930027008,terrorist,1981-20010910,SkipGram,242
throw_bomb,0.4045531451702118,terrorist,1981-20010910,SkipGram,243
abu_abbas,0.4044502377510071,terrorist,1981-20010910,SkipGram,244
breakaway_faction,0.4043043553829193,terrorist,1981-20010910,SkipGram,245
deny_responsibility,0.40374380350112915,terrorist,1981-20010910,SkipGram,246
northern_italy,0.4037257730960846,terrorist,1981-20010910,SkipGram,247
suicide_attack,0.40371131896972656,terrorist,1981-20010910,SkipGram,248
italian_investigator,0.40348562598228455,terrorist,1981-20010910,SkipGram,249
stand_basque,0.4034819006919861,terrorist,1981-20010910,SkipGram,250
terror_network,0.4034198820590973,terrorist,1981-20010910,SkipGram,251
saboteur,0.4032408595085144,terrorist,1981-20010910,SkipGram,252
intelligence_operative,0.40273433923721313,terrorist,1981-20010910,SkipGram,253
separate_incident,0.40211281180381775,terrorist,1981-20010910,SkipGram,254
innocent,0.40190327167510986,terrorist,1981-20010910,SkipGram,255
previously_unknown,0.40179622173309326,terrorist,1981-20010910,SkipGram,256
orchestrated,0.40165966749191284,terrorist,1981-20010910,SkipGram,257
joint_operation,0.40151381492614746,terrorist,1981-20010910,SkipGram,258
gunman_kill,0.4013427495956421,terrorist,1981-20010910,SkipGram,259
planting_bomb,0.40129515528678894,terrorist,1981-20010910,SkipGram,260
irish_nationalists,0.4009154736995697,terrorist,1981-20010910,SkipGram,261
purportedly,0.40074995160102844,terrorist,1981-20010910,SkipGram,262
ul_mujahedeen,0.4007238745689392,terrorist,1981-20010910,SkipGram,263
political_motive,0.4000735282897949,terrorist,1981-20010910,SkipGram,264
assailant,0.39998891949653625,terrorist,1981-20010910,SkipGram,265
destroy_pan,0.3999449610710144,terrorist,1981-20010910,SkipGram,266
hoax,0.3995700180530548,terrorist,1981-20010910,SkipGram,267
investigate_incident,0.3995521366596222,terrorist,1981-20010910,SkipGram,268
suicide_squad,0.399291455745697,terrorist,1981-20010910,SkipGram,269
palestinian_militant,0.39913061261177063,terrorist,1981-20010910,SkipGram,270
fear_retaliation,0.3989521861076355,terrorist,1981-20010910,SkipGram,271
suicide_bomber,0.3987697660923004,terrorist,1981-20010910,SkipGram,272
widely_assume,0.3987313508987427,terrorist,1981-20010910,SkipGram,273
escape_prison,0.39869168400764465,terrorist,1981-20010910,SkipGram,274
drug_lord,0.3985918462276459,terrorist,1981-20010910,SkipGram,275
ruthlessly,0.3982827067375183,terrorist,1981-20010910,SkipGram,276
armed_force_national_liberation,0.39826837182044983,terrorist,1981-20010910,SkipGram,277
attempt_undermine,0.3981850743293762,terrorist,1981-20010910,SkipGram,278
tourist_site,0.39794081449508667,terrorist,1981-20010910,SkipGram,279
regroup,0.3976181447505951,terrorist,1981-20010910,SkipGram,280
police_headquarter,0.39757856726646423,terrorist,1981-20010910,SkipGram,281
revolutionary_armed,0.39745086431503296,terrorist,1981-20010910,SkipGram,282
unwittingly,0.3967495560646057,terrorist,1981-20010910,SkipGram,283
airlines_plane,0.3967183828353882,terrorist,1981-20010910,SkipGram,284
act_independently,0.3964335322380066,terrorist,1981-20010910,SkipGram,285
extreme_rightist,0.396365761756897,terrorist,1981-20010910,SkipGram,286
bank_robber,0.39626339077949524,terrorist,1981-20010910,SkipGram,287
car_bombing,0.39618605375289917,terrorist,1981-20010910,SkipGram,288
pan_flight_scotland,0.3961624801158905,terrorist,1981-20010910,SkipGram,289
muslim_separatist,0.39594176411628723,terrorist,1981-20010910,SkipGram,290
suspects,0.3958897590637207,terrorist,1981-20010910,SkipGram,291
commando_raid,0.39580169320106506,terrorist,1981-20010910,SkipGram,292
la_belle,0.39562883973121643,terrorist,1981-20010910,SkipGram,293
islamic_amal,0.395620733499527,terrorist,1981-20010910,SkipGram,294
higgin,0.3952735960483551,terrorist,1981-20010910,SkipGram,295
blow_airliner,0.3950124680995941,terrorist,1981-20010910,SkipGram,296
violent_activity,0.39485156536102295,terrorist,1981-20010910,SkipGram,297
libya_north_korea,0.3947572410106659,terrorist,1981-20010910,SkipGram,298
conduct_surveillance,0.3947242796421051,terrorist,1981-20010910,SkipGram,299
bomb_factory,0.39468151330947876,terrorist,1981-20010910,SkipGram,300
arm_smuggling,0.39465397596359253,terrorist,1981-20010910,SkipGram,301
paul_special_york_times,0.3945700526237488,terrorist,1981-20010910,SkipGram,302
retaliatory_attack,0.39454904198646545,terrorist,1981-20010910,SkipGram,303
ali_turk,0.3944486975669861,terrorist,1981-20010910,SkipGram,304
capture_alive,0.3942027986049652,terrorist,1981-20010910,SkipGram,305
michael_wines,0.39403119683265686,terrorist,1981-20010910,SkipGram,306
guerrillas,0.39338815212249756,terrorist,1981-20010910,SkipGram,307
legitimate_target,0.39305466413497925,terrorist,1981-20010910,SkipGram,308
sponsor_terrorism,0.39304959774017334,terrorist,1981-20010910,SkipGram,309
violent_act,0.39287281036376953,terrorist,1981-20010910,SkipGram,310
murder_kidnapping,0.39278340339660645,terrorist,1981-20010910,SkipGram,311
american_serviceman,0.39273855090141296,terrorist,1981-20010910,SkipGram,312
israeli_airliner,0.39260658621788025,terrorist,1981-20010910,SkipGram,313
kidnap_victim,0.392302542924881,terrorist,1981-20010910,SkipGram,314
wage_campaign,0.39228585362434387,terrorist,1981-20010910,SkipGram,315
guerrillas_lebanon,0.39221471548080444,terrorist,1981-20010910,SkipGram,316
retaliation,0.3921516239643097,terrorist,1981-20010910,SkipGram,317
full_alert,0.39212730526924133,terrorist,1981-20010910,SkipGram,318
identity_check,0.3919611871242523,terrorist,1981-20010910,SkipGram,319
despicable,0.39181074500083923,terrorist,1981-20010910,SkipGram,320
leftist_guerrilla,0.39172255992889404,terrorist,1981-20010910,SkipGram,321
guardsman,0.3916652798652649,terrorist,1981-20010910,SkipGram,322
condemn_death,0.3916444480419159,terrorist,1981-20010910,SkipGram,323
common_enemy,0.3915204107761383,terrorist,1981-20010910,SkipGram,324
soft_target,0.39132067561149597,terrorist,1981-20010910,SkipGram,325
mass_murder,0.39125359058380127,terrorist,1981-20010910,SkipGram,326
instigator,0.391245573759079,terrorist,1981-20010910,SkipGram,327
trans_world_airlines_jet,0.3911980390548706,terrorist,1981-20010910,SkipGram,328
embassy_east_berlin,0.39100584387779236,terrorist,1981-20010910,SkipGram,329
charge_related,0.3908679485321045,terrorist,1981-20010910,SkipGram,330
accuse_plot,0.39081981778144836,terrorist,1981-20010910,SkipGram,331
international_terrorism,0.390741765499115,terrorist,1981-20010910,SkipGram,332
paramilitary_organization,0.39037930965423584,terrorist,1981-20010910,SkipGram,333
hold_responsible,0.39025864005088806,terrorist,1981-20010910,SkipGram,334
israeli_commando,0.39017757773399353,terrorist,1981-20010910,SkipGram,335
refuse_extradite,0.3901282846927643,terrorist,1981-20010910,SkipGram,336
afghanistan_sudan,0.3900025486946106,terrorist,1981-20010910,SkipGram,337
former_prime_minister_aldo,0.389957994222641,terrorist,1981-20010910,SkipGram,338
instigate,0.3897645175457001,terrorist,1981-20010910,SkipGram,339
drug_ring,0.3890880048274994,terrorist,1981-20010910,SkipGram,340
grenade_throw,0.3890720307826996,terrorist,1981-20010910,SkipGram,341
specific_information,0.38899245858192444,terrorist,1981-20010910,SkipGram,342
horrify,0.38898685574531555,terrorist,1981-20010910,SkipGram,343
repeatedly_deny,0.3889802396297455,terrorist,1981-20010910,SkipGram,344
busy_street,0.3889271914958954,terrorist,1981-20010910,SkipGram,345
formally_charge,0.38883280754089355,terrorist,1981-20010910,SkipGram,346
puerto_rican_independence,0.38883042335510254,terrorist,1981-20010910,SkipGram,347
hijacking,0.3886764943599701,terrorist,1981-20010910,SkipGram,348
international_condemnation,0.3885789215564728,terrorist,1981-20010910,SkipGram,349
passenger_aboard,0.38850513100624084,terrorist,1981-20010910,SkipGram,350
publicly_condemn,0.3884666860103607,terrorist,1981-20010910,SkipGram,351
badly_beat,0.3882034718990326,terrorist,1981-20010910,SkipGram,352
red_army_faction,0.38790127635002136,terrorist,1981-20010910,SkipGram,353
across_europe,0.3878694176673889,terrorist,1981-20010910,SkipGram,354
antiterrorist,0.38777536153793335,terrorist,1981-20010910,SkipGram,355
peruvian_congress,0.38766035437583923,terrorist,1981-20010910,SkipGram,356
directly_implicate,0.3875502943992615,terrorist,1981-20010910,SkipGram,357
pro_iranian_party_god,0.38747790455818176,terrorist,1981-20010910,SkipGram,358
reactivate,0.38735222816467285,terrorist,1981-20010910,SkipGram,359
hiding_place,0.3872777223587036,terrorist,1981-20010910,SkipGram,360
circumstantial,0.38725948333740234,terrorist,1981-20010910,SkipGram,361
hijacker,0.3871285617351532,terrorist,1981-20010910,SkipGram,362
car_explode,0.3871256113052368,terrorist,1981-20010910,SkipGram,363
saudi_exile_osama_bin,0.38696733117103577,terrorist,1981-20010910,SkipGram,364
remain_murky,0.3869258761405945,terrorist,1981-20010910,SkipGram,365
attack_world_trade,0.38679948449134827,terrorist,1981-20010910,SkipGram,366
henry_tanner_special_york,0.38679781556129456,terrorist,1981-20010910,SkipGram,367
arm_ammunition,0.38675031065940857,terrorist,1981-20010910,SkipGram,368
blackmail,0.3864097595214844,terrorist,1981-20010910,SkipGram,369
muslim_guerrillas,0.38633155822753906,terrorist,1981-20010910,SkipGram,370
duress,0.38624539971351624,terrorist,1981-20010910,SkipGram,371
plant_bomb,0.386212557554245,terrorist,1981-20010910,SkipGram,372
mortar_attack,0.3861108422279358,terrorist,1981-20010910,SkipGram,373
relatively_minor,0.38606929779052734,terrorist,1981-20010910,SkipGram,374
select_target,0.38597822189331055,terrorist,1981-20010910,SkipGram,375
arm_automatic,0.385964572429657,terrorist,1981-20010910,SkipGram,376
planning_attack,0.38590848445892334,terrorist,1981-20010910,SkipGram,377
marine_barracks,0.3859077990055084,terrorist,1981-20010910,SkipGram,378
violent_clash,0.3858843147754669,terrorist,1981-20010910,SkipGram,379
sell_expertise,0.3856622278690338,terrorist,1981-20010910,SkipGram,380
mystery_surround,0.38547563552856445,terrorist,1981-20010910,SkipGram,381
link_bin_laden,0.3854151666164398,terrorist,1981-20010910,SkipGram,382
liberation_army,0.3852526545524597,terrorist,1981-20010910,SkipGram,383
croatian_nationalists,0.38519951701164246,terrorist,1981-20010910,SkipGram,384
throw_grenade,0.38498613238334656,terrorist,1981-20010910,SkipGram,385
leftist_rightist,0.3849344849586487,terrorist,1981-20010910,SkipGram,386
iran_syria,0.38476186990737915,terrorist,1981-20010910,SkipGram,387
hijack_airliner,0.3847540616989136,terrorist,1981-20010910,SkipGram,388
extreme_right_wing,0.38460773229599,terrorist,1981-20010910,SkipGram,389
lawbreaker,0.3845634162425995,terrorist,1981-20010910,SkipGram,390
leonardo_da_vinci_airport,0.3845101296901703,terrorist,1981-20010910,SkipGram,391
act_aggression,0.3844579756259918,terrorist,1981-20010910,SkipGram,392
unidentified_gunman,0.3843673765659332,terrorist,1981-20010910,SkipGram,393
irish_republican_army,0.3842557370662689,terrorist,1981-20010910,SkipGram,394
notorious,0.38425490260124207,terrorist,1981-20010910,SkipGram,395
blow_plane,0.3842089772224426,terrorist,1981-20010910,SkipGram,396
attacker,0.38408541679382324,terrorist,1981-20010910,SkipGram,397
british_authorities,0.3840503990650177,terrorist,1981-20010910,SkipGram,398
avow,0.3839394152164459,terrorist,1981-20010910,SkipGram,399
undetecte,0.38389021158218384,terrorist,1981-20010910,SkipGram,400
independent_homeland,0.38378825783729553,terrorist,1981-20010910,SkipGram,401
moretti,0.383788138628006,terrorist,1981-20010910,SkipGram,402
independence_puerto_rico,0.38368499279022217,terrorist,1981-20010910,SkipGram,403
punitive_action,0.38365036249160767,terrorist,1981-20010910,SkipGram,404
heinous,0.38349905610084534,terrorist,1981-20010910,SkipGram,405
vegetable_market,0.38346701860427856,terrorist,1981-20010910,SkipGram,406
reject_suggestion,0.38318300247192383,terrorist,1981-20010910,SkipGram,407
serious_crime,0.3831544518470764,terrorist,1981-20010910,SkipGram,408
israeli_commandos,0.38313597440719604,terrorist,1981-20010910,SkipGram,409
show_willingness,0.38302725553512573,terrorist,1981-20010910,SkipGram,410
closely_link,0.3827248811721802,terrorist,1981-20010910,SkipGram,411
television_cameraman,0.38252750039100647,terrorist,1981-20010910,SkipGram,412
liquidate,0.38252201676368713,terrorist,1981-20010910,SkipGram,413
infiltrator,0.38250282406806946,terrorist,1981-20010910,SkipGram,414
underground_movement,0.38247084617614746,terrorist,1981-20010910,SkipGram,415
prominent_politician,0.38243627548217773,terrorist,1981-20010910,SkipGram,416
friendship_society,0.3823353052139282,terrorist,1981-20010910,SkipGram,417
endanger_life,0.3822386562824249,terrorist,1981-20010910,SkipGram,418
kurdish_guerrilla,0.38221192359924316,terrorist,1981-20010910,SkipGram,419
covert_agent,0.3821650445461273,terrorist,1981-20010910,SkipGram,420
social_club,0.3820528984069824,terrorist,1981-20010910,SkipGram,421
shadowy,0.38186344504356384,terrorist,1981-20010910,SkipGram,422
navy_diver,0.3818121552467346,terrorist,1981-20010910,SkipGram,423
bomb_maker,0.3816625773906708,terrorist,1981-20010910,SkipGram,424
iranian_exile,0.3816310465335846,terrorist,1981-20010910,SkipGram,425
hijack_plane,0.3815954625606537,terrorist,1981-20010910,SkipGram,426
court_sentence,0.38156992197036743,terrorist,1981-20010910,SkipGram,427
southern_town,0.38094446063041687,terrorist,1981-20010910,SkipGram,428
noncombatant,0.3808598220348358,terrorist,1981-20010910,SkipGram,429
howe_special_york,0.38085266947746277,terrorist,1981-20010910,SkipGram,430
radical_faction,0.380848228931427,terrorist,1981-20010910,SkipGram,431
charge_complicity,0.3808475434780121,terrorist,1981-20010910,SkipGram,432
tourist_bus,0.3808162212371826,terrorist,1981-20010910,SkipGram,433
marine_garrison,0.38066914677619934,terrorist,1981-20010910,SkipGram,434
fanatic,0.3805648982524872,terrorist,1981-20010910,SkipGram,435
infer,0.38010987639427185,terrorist,1981-20010910,SkipGram,436
embassy_rome,0.38002386689186096,terrorist,1981-20010910,SkipGram,437
directly_link,0.3800000548362732,terrorist,1981-20010910,SkipGram,438
decline_speculate,0.3799566924571991,terrorist,1981-20010910,SkipGram,439
carefully_plan,0.379910945892334,terrorist,1981-20010910,SkipGram,440
preventive,0.3798501193523407,terrorist,1981-20010910,SkipGram,441
retaliatory_action,0.379841148853302,terrorist,1981-20010910,SkipGram,442
ton_explosive,0.3796977400779724,terrorist,1981-20010910,SkipGram,443
accuse_involvement,0.37966686487197876,terrorist,1981-20010910,SkipGram,444
booby_trap,0.37966424226760864,terrorist,1981-20010910,SkipGram,445
dozen_wound,0.3795525133609772,terrorist,1981-20010910,SkipGram,446
specific_target,0.3794335126876831,terrorist,1981-20010910,SkipGram,447
accomplice,0.3794114291667938,terrorist,1981-20010910,SkipGram,448
disclose_detail,0.37932732701301575,terrorist,1981-20010910,SkipGram,449
scourge_terrorism,0.37913981080055237,terrorist,1981-20010910,SkipGram,450
railroad_station,0.37907952070236206,terrorist,1981-20010910,SkipGram,451
italian_agency_ansa,0.37904438376426697,terrorist,1981-20010910,SkipGram,452
bus_passenger,0.37889567017555237,terrorist,1981-20010910,SkipGram,453
unofficially,0.37874120473861694,terrorist,1981-20010910,SkipGram,454
serbian_policeman,0.3786734342575073,terrorist,1981-20010910,SkipGram,455
politically_motivated,0.3785482943058014,terrorist,1981-20010910,SkipGram,456
oppress_earth,0.3783535361289978,terrorist,1981-20010910,SkipGram,457
subversive_activity,0.3783263862133026,terrorist,1981-20010910,SkipGram,458
sentence_prison_term,0.37832534313201904,terrorist,1981-20010910,SkipGram,459
definitively,0.3779965937137604,terrorist,1981-20010910,SkipGram,460
hostile_act,0.37798795104026794,terrorist,1981-20010910,SkipGram,461
part_broad,0.37745335698127747,terrorist,1981-20010910,SkipGram,462
accuse_complicity,0.3774316608905792,terrorist,1981-20010910,SkipGram,463
original_hijacker,0.3771750032901764,terrorist,1981-20010910,SkipGram,464
popular_front,0.3771618604660034,terrorist,1981-20010910,SkipGram,465
hijack,0.37710022926330566,terrorist,1981-20010910,SkipGram,466
commuter_bus,0.3770652413368225,terrorist,1981-20010910,SkipGram,467
car_pack,0.3768492639064789,terrorist,1981-20010910,SkipGram,468
lebanese_christian_militiaman,0.37674465775489807,terrorist,1981-20010910,SkipGram,469
concoct,0.3765493631362915,terrorist,1981-20010910,SkipGram,470
line_duty,0.37613439559936523,terrorist,1981-20010910,SkipGram,471
pan_bombing,0.3761019706726074,terrorist,1981-20010910,SkipGram,472
agents_federal_bureau_investigation,0.3758331835269928,terrorist,1981-20010910,SkipGram,473
issue_arrest_warrant,0.3758210241794586,terrorist,1981-20010910,SkipGram,474
trans_world_airlines_plane,0.37572935223579407,terrorist,1981-20010910,SkipGram,475
lax_security,0.37555837631225586,terrorist,1981-20010910,SkipGram,476
give_refuge,0.3755089044570923,terrorist,1981-20010910,SkipGram,477
ramirez_sanchez,0.37525156140327454,terrorist,1981-20010910,SkipGram,478
criminal,0.3751671314239502,terrorist,1981-20010910,SkipGram,479
bombing_embassies,0.37477630376815796,terrorist,1981-20010910,SkipGram,480
audacious,0.3747263550758362,terrorist,1981-20010910,SkipGram,481
act_violence,0.37464892864227295,terrorist,1981-20010910,SkipGram,482
grenade_attack,0.374642938375473,terrorist,1981-20010910,SkipGram,483
killing_occur,0.3744840919971466,terrorist,1981-20010910,SkipGram,484
airliner,0.3744509518146515,terrorist,1981-20010910,SkipGram,485
assassins,0.37442100048065186,terrorist,1981-20010910,SkipGram,486
associated,0.37421557307243347,terrorist,1981-20010910,SkipGram,487
caballero,0.3741193115711212,terrorist,1981-20010910,SkipGram,488
squad,0.37408143281936646,terrorist,1981-20010910,SkipGram,489
italian_cruise_ship,0.3740380108356476,terrorist,1981-20010910,SkipGram,490
independently_confirm,0.3740304112434387,terrorist,1981-20010910,SkipGram,491
libya_sudan,0.37395915389060974,terrorist,1981-20010910,SkipGram,492
intensification,0.37395668029785156,terrorist,1981-20010910,SkipGram,493
neo_fascist,0.3736983835697174,terrorist,1981-20010910,SkipGram,494
lebanese_militiaman,0.3736904263496399,terrorist,1981-20010910,SkipGram,495
reprisal,0.37349918484687805,terrorist,1981-20010910,SkipGram,496
hijackers,0.3734566569328308,terrorist,1981-20010910,SkipGram,497
bomb,0.3732917010784149,terrorist,1981-20010910,SkipGram,498
kidnapper_demand,0.3732724189758301,terrorist,1981-20010910,SkipGram,499
northern_spain,0.37323346734046936,terrorist,1981-20010910,SkipGram,500
international_terrorism,0.6410015225410461,terrorism,20010911-2019,CBOW,1
terror,0.6331027150154114,terrorism,20010911-2019,CBOW,2
global_terrorism,0.6137757897377014,terrorism,20010911-2019,CBOW,3
fight_terrorism,0.5427591800689697,terrorism,20010911-2019,CBOW,4
combat_terrorism,0.5084437131881714,terrorism,20010911-2019,CBOW,5
war_terror,0.4799838960170746,terrorism,20010911-2019,CBOW,6
terrorist,0.479353129863739,terrorism,20010911-2019,CBOW,7
terrorist_activity,0.4671298861503601,terrorism,20010911-2019,CBOW,8
homegrown_terrorist,0.462764173746109,terrorism,20010911-2019,CBOW,9
act_terrorism,0.45792102813720703,terrorism,20010911-2019,CBOW,10
terror_network,0.4387257397174835,terrorism,20010911-2019,CBOW,11
islamic_extremism,0.416977196931839,terrorism,20010911-2019,CBOW,12
terrorist_network,0.41684824228286743,terrorism,20010911-2019,CBOW,13
extremism,0.4146074056625366,terrorism,20010911-2019,CBOW,14
terrorism_extremism,0.39891669154167175,terrorism,20010911-2019,CBOW,15
counter_terrorism,0.397895485162735,terrorism,20010911-2019,CBOW,16
counterterrorism,0.3961918354034424,terrorism,20010911-2019,CBOW,17
antiterrorism,0.3959348499774933,terrorism,20010911-2019,CBOW,18
spread_nuclear_weapon,0.38664665818214417,terrorism,20010911-2019,CBOW,19
terror_attack,0.38555920124053955,terrorism,20010911-2019,CBOW,20
islamic_extremist,0.3854449689388275,terrorism,20010911-2019,CBOW,21
radical_islam,0.3846420645713806,terrorism,20010911-2019,CBOW,22
violent_extremist,0.38254037499427795,terrorism,20010911-2019,CBOW,23
global_war_terror,0.3786284625530243,terrorism,20010911-2019,CBOW,24
jihad_holy,0.37323471903800964,terrorism,20010911-2019,CBOW,25
al_qaeda_taliban,0.36527547240257263,terrorism,20010911-2019,CBOW,26
extremist,0.3649624288082123,terrorism,20010911-2019,CBOW,27
crime_crime_humanity,0.35706695914268494,terrorism,20010911-2019,CBOW,28
radical_ideology,0.35646259784698486,terrorism,20010911-2019,CBOW,29
anti_semitism,0.35542774200439453,terrorism,20010911-2019,CBOW,30
war_footing,0.35379329323768616,terrorism,20010911-2019,CBOW,31
threat_al_qaeda,0.34869539737701416,terrorism,20010911-2019,CBOW,32
counterterrorism_effort,0.3482041656970978,terrorism,20010911-2019,CBOW,33
islamic_radicalism,0.347684770822525,terrorism,20010911-2019,CBOW,34
anti_terror,0.3447229862213135,terrorism,20010911-2019,CBOW,35
islamic_holy,0.3435230851173401,terrorism,20010911-2019,CBOW,36
actively,0.3432499170303345,terrorism,20010911-2019,CBOW,37
islamic_militancy,0.34084951877593994,terrorism,20010911-2019,CBOW,38
anti_terrorism,0.34006646275520325,terrorism,20010911-2019,CBOW,39
terror_plot,0.33929309248924255,terrorism,20010911-2019,CBOW,40
antiterrorism_effort,0.33834826946258545,terrorism,20010911-2019,CBOW,41
islamist_extremist,0.33632662892341614,terrorism,20010911-2019,CBOW,42
india_kashmir,0.3350634276866913,terrorism,20010911-2019,CBOW,43
terrorist_attack,0.33269771933555603,terrorism,20010911-2019,CBOW,44
islamic_radical,0.3314664363861084,terrorism,20010911-2019,CBOW,45
home_abroad,0.3304961025714874,terrorism,20010911-2019,CBOW,46
imminent_threat,0.33034825325012207,terrorism,20010911-2019,CBOW,47
muslim_extremism,0.33031174540519714,terrorism,20010911-2019,CBOW,48
terrorist_organization,0.33024439215660095,terrorism,20010911-2019,CBOW,49
sponsor_terrorism,0.32959046959877014,terrorism,20010911-2019,CBOW,50
radicalization,0.3288439214229584,terrorism,20010911-2019,CBOW,51
pre_emptive_strike,0.3277156352996826,terrorism,20010911-2019,CBOW,52
prosecute,0.3274282217025757,terrorism,20010911-2019,CBOW,53
criminal_act,0.327393114566803,terrorism,20010911-2019,CBOW,54
violation_law,0.3259040117263794,terrorism,20010911-2019,CBOW,55
saddam_hussein_iraq,0.32460129261016846,terrorism,20010911-2019,CBOW,56
london_bombing,0.3244353234767914,terrorism,20010911-2019,CBOW,57
regional_stability,0.3221200704574585,terrorism,20010911-2019,CBOW,58
broader,0.32061150670051575,terrorism,20010911-2019,CBOW,59
incite_hatred,0.32014065980911255,terrorism,20010911-2019,CBOW,60
event_sept,0.3197161853313446,terrorism,20010911-2019,CBOW,61
eradicate_terrorism,0.31968942284584045,terrorism,20010911-2019,CBOW,62
justification,0.3187390863895416,terrorism,20010911-2019,CBOW,63
sept_attack,0.3186609447002411,terrorism,20010911-2019,CBOW,64
extremist_group,0.3185482323169708,terrorism,20010911-2019,CBOW,65
serious_threat,0.31816500425338745,terrorism,20010911-2019,CBOW,66
internationally,0.31597137451171875,terrorism,20010911-2019,CBOW,67
precise_role,0.3154362142086029,terrorism,20010911-2019,CBOW,68
sept_hijacking,0.31492742896080017,terrorism,20010911-2019,CBOW,69
global_jihad,0.31311506032943726,terrorism,20010911-2019,CBOW,70
crime,0.3097991347312927,terrorism,20010911-2019,CBOW,71
wage_holy,0.3095461130142212,terrorism,20010911-2019,CBOW,72
iran_north_korea,0.30923739075660706,terrorism,20010911-2019,CBOW,73
al_qaeda,0.30615556240081787,terrorism,20010911-2019,CBOW,74
explicitly,0.30593860149383545,terrorism,20010911-2019,CBOW,75
proliferation_weapon_mass_destruction,0.3043653964996338,terrorism,20010911-2019,CBOW,76
unjustified,0.3034898340702057,terrorism,20010911-2019,CBOW,77
islamic_militant,0.3024709224700928,terrorism,20010911-2019,CBOW,78
broaden,0.3024612367153168,terrorism,20010911-2019,CBOW,79
proliferation,0.3009980618953705,terrorism,20010911-2019,CBOW,80
pose_immediate,0.30055344104766846,terrorism,20010911-2019,CBOW,81
post_cold,0.3003813922405243,terrorism,20010911-2019,CBOW,82
broadly,0.29898789525032043,terrorism,20010911-2019,CBOW,83
broad,0.29866865277290344,terrorism,20010911-2019,CBOW,84
terrorist_cell,0.2984505295753479,terrorism,20010911-2019,CBOW,85
national_security,0.2977067530155182,terrorism,20010911-2019,CBOW,86
civilize_world,0.29676076769828796,terrorism,20010911-2019,CBOW,87
pre_emptive,0.29669418931007385,terrorism,20010911-2019,CBOW,88
positive_effect,0.29624053835868835,terrorism,20010911-2019,CBOW,89
neighboring_afghanistan,0.29617059230804443,terrorism,20010911-2019,CBOW,90
create_atmosphere,0.2951481342315674,terrorism,20010911-2019,CBOW,91
closely_ally,0.2946699261665344,terrorism,20010911-2019,CBOW,92
global_poverty,0.2945537269115448,terrorism,20010911-2019,CBOW,93
heart_mind,0.29335635900497437,terrorism,20010911-2019,CBOW,94
armed_conflict,0.2927347421646118,terrorism,20010911-2019,CBOW,95
intelligence_sharing,0.2916881740093231,terrorism,20010911-2019,CBOW,96
foreign_policy,0.2914755642414093,terrorism,20010911-2019,CBOW,97
antiterrorism_campaign,0.2910635769367218,terrorism,20010911-2019,CBOW,98
illegal_activity,0.2897739112377167,terrorism,20010911-2019,CBOW,99
iraq_al_qaeda,0.28762441873550415,terrorism,20010911-2019,CBOW,100
national_interest,0.2875199019908905,terrorism,20010911-2019,CBOW,101
imperative,0.28744393587112427,terrorism,20010911-2019,CBOW,102
transnational,0.28540441393852234,terrorism,20010911-2019,CBOW,103
crux,0.28525564074516296,terrorism,20010911-2019,CBOW,104
money_laundering,0.2835162878036499,terrorism,20010911-2019,CBOW,105
fight_proxy,0.28342464566230774,terrorism,20010911-2019,CBOW,106
human_right_violation,0.282733678817749,terrorism,20010911-2019,CBOW,107
threat_pose,0.28262582421302795,terrorism,20010911-2019,CBOW,108
antiterrorism_law,0.2826184928417206,terrorism,20010911-2019,CBOW,109
harbor_terrorist,0.2824832499027252,terrorism,20010911-2019,CBOW,110
human_trafficking,0.28232529759407043,terrorism,20010911-2019,CBOW,111
devise_strategy,0.2820912003517151,terrorism,20010911-2019,CBOW,112
comprehensive_strategy,0.28162622451782227,terrorism,20010911-2019,CBOW,113
perpetrator,0.28130269050598145,terrorism,20010911-2019,CBOW,114
set_precedent,0.28125426173210144,terrorism,20010911-2019,CBOW,115
muslim_militant,0.2810387909412384,terrorism,20010911-2019,CBOW,116
al_qaeda_network,0.280906617641449,terrorism,20010911-2019,CBOW,117
ratchet,0.2793542146682739,terrorism,20010911-2019,CBOW,118
nuclear_proliferation,0.27927151322364807,terrorism,20010911-2019,CBOW,119
evil,0.2785225212574005,terrorism,20010911-2019,CBOW,120
criminal_justice_system,0.27850988507270813,terrorism,20010911-2019,CBOW,121
resurgent_taliban,0.2783081829547882,terrorism,20010911-2019,CBOW,122
overstate,0.27764075994491577,terrorism,20010911-2019,CBOW,123
act_pre_emptively,0.27758243680000305,terrorism,20010911-2019,CBOW,124
different_kind,0.27753758430480957,terrorism,20010911-2019,CBOW,125
muslim_charity,0.27680665254592896,terrorism,20010911-2019,CBOW,126
airplane_hijacker,0.27555346488952637,terrorism,20010911-2019,CBOW,127
pose_imminent,0.2750753164291382,terrorism,20010911-2019,CBOW,128
civilized_nation,0.27492237091064453,terrorism,20010911-2019,CBOW,129
militancy,0.27469947934150696,terrorism,20010911-2019,CBOW,130
religious_extremist,0.27419525384902954,terrorism,20010911-2019,CBOW,131
pre_emption,0.27376267313957214,terrorism,20010911-2019,CBOW,132
inevitable,0.2734886407852173,terrorism,20010911-2019,CBOW,133
face_uphill,0.27347609400749207,terrorism,20010911-2019,CBOW,134
divert_attention,0.2733723521232605,terrorism,20010911-2019,CBOW,135
bin_laden_network,0.2731289565563202,terrorism,20010911-2019,CBOW,136
pose_serious,0.27301472425460815,terrorism,20010911-2019,CBOW,137
act_aggression,0.2730112671852112,terrorism,20010911-2019,CBOW,138
coordinated_effort,0.2726365625858307,terrorism,20010911-2019,CBOW,139
radicalize,0.2724674642086029,terrorism,20010911-2019,CBOW,140
limited_success,0.27210214734077454,terrorism,20010911-2019,CBOW,141
amorphous,0.27191251516342163,terrorism,20010911-2019,CBOW,142
muslim_world,0.2709675133228302,terrorism,20010911-2019,CBOW,143
deterrence,0.27079373598098755,terrorism,20010911-2019,CBOW,144
close_cooperation,0.2695659101009369,terrorism,20010911-2019,CBOW,145
counterterrorism_strategy,0.2694130837917328,terrorism,20010911-2019,CBOW,146
law_enforce,0.26935476064682007,terrorism,20010911-2019,CBOW,147
bin_laden_al_qaeda,0.2693065404891968,terrorism,20010911-2019,CBOW,148
inside_outside,0.26864996552467346,terrorism,20010911-2019,CBOW,149
subversion,0.26833924651145935,terrorism,20010911-2019,CBOW,150
moderate_muslim,0.2680448293685913,terrorism,20010911-2019,CBOW,151
defeat_enemy,0.26774707436561584,terrorism,20010911-2019,CBOW,152
create_impression,0.2670963406562805,terrorism,20010911-2019,CBOW,153
ongoing,0.2660398781299591,terrorism,20010911-2019,CBOW,154
linkage,0.26541265845298767,terrorism,20010911-2019,CBOW,155
volunteerism,0.26529887318611145,terrorism,20010911-2019,CBOW,156
urgency,0.26361361145973206,terrorism,20010911-2019,CBOW,157
aggression,0.2635211944580078,terrorism,20010911-2019,CBOW,158
valuable_intelligence,0.262920081615448,terrorism,20010911-2019,CBOW,159
strategic_analysis,0.2627205550670624,terrorism,20010911-2019,CBOW,160
atrocity,0.26260697841644287,terrorism,20010911-2019,CBOW,161
taliban_afghanistan,0.26256975531578064,terrorism,20010911-2019,CBOW,162
qaeda_network,0.26221153140068054,terrorism,20010911-2019,CBOW,163
bin_laden_taliban,0.2622050344944,terrorism,20010911-2019,CBOW,164
civil_liberty,0.26141223311424255,terrorism,20010911-2019,CBOW,165
senior_counterterrorism,0.2609331011772156,terrorism,20010911-2019,CBOW,166
drug_trafficking,0.2608720362186432,terrorism,20010911-2019,CBOW,167
jump_conclusion,0.2607877254486084,terrorism,20010911-2019,CBOW,168
threat,0.2607494294643402,terrorism,20010911-2019,CBOW,169
fundamentally,0.26054540276527405,terrorism,20010911-2019,CBOW,170
antiterrorism_policy,0.2604532539844513,terrorism,20010911-2019,CBOW,171
pick_choose,0.2601555287837982,terrorism,20010911-2019,CBOW,172
iran_nuclear_ambition,0.2596719264984131,terrorism,20010911-2019,CBOW,173
significant_setback,0.2595962584018707,terrorism,20010911-2019,CBOW,174
main_reason,0.2593861222267151,terrorism,20010911-2019,CBOW,175
land_occupy,0.25827085971832275,terrorism,20010911-2019,CBOW,176
al_qaeda_bin_laden,0.2577601373195648,terrorism,20010911-2019,CBOW,177
doctrine_pre_emption,0.2576935589313507,terrorism,20010911-2019,CBOW,178
financial_network,0.257678747177124,terrorism,20010911-2019,CBOW,179
organize_crime,0.2569006383419037,terrorism,20010911-2019,CBOW,180
jihadist,0.2567986249923706,terrorism,20010911-2019,CBOW,181
hatred,0.2563706338405609,terrorism,20010911-2019,CBOW,182
unfairly,0.255962997674942,terrorism,20010911-2019,CBOW,183
unilateral,0.2558192014694214,terrorism,20010911-2019,CBOW,184
devastating_attack,0.2555654048919678,terrorism,20010911-2019,CBOW,185
undermine_effort,0.2554488778114319,terrorism,20010911-2019,CBOW,186
narcotic_trade,0.2554195523262024,terrorism,20010911-2019,CBOW,187
decisively,0.25501033663749695,terrorism,20010911-2019,CBOW,188
end_cold,0.2547348141670227,terrorism,20010911-2019,CBOW,189
steadfast_support,0.2545381486415863,terrorism,20010911-2019,CBOW,190
throughout_middle_east,0.2540883421897888,terrorism,20010911-2019,CBOW,191
tantamount,0.2540237307548523,terrorism,20010911-2019,CBOW,192
british_muslims,0.25340068340301514,terrorism,20010911-2019,CBOW,193
disarm_iraq,0.2531987428665161,terrorism,20010911-2019,CBOW,194
rationale,0.25312843918800354,terrorism,20010911-2019,CBOW,195
taliban_insurgency,0.2530229985713959,terrorism,20010911-2019,CBOW,196
jeopardize,0.25290489196777344,terrorism,20010911-2019,CBOW,197
credible_evidence,0.25287309288978577,terrorism,20010911-2019,CBOW,198
blank_check_president,0.25287100672721863,terrorism,20010911-2019,CBOW,199
extremely_careful,0.25275719165802,terrorism,20010911-2019,CBOW,200
pretext,0.25257113575935364,terrorism,20010911-2019,CBOW,201
increasingly_unpopular,0.25253450870513916,terrorism,20010911-2019,CBOW,202
train_bombing_madrid,0.25243785977363586,terrorism,20010911-2019,CBOW,203
barbarism,0.25221413373947144,terrorism,20010911-2019,CBOW,204
determination,0.2516558766365051,terrorism,20010911-2019,CBOW,205
intolerance,0.25160908699035645,terrorism,20010911-2019,CBOW,206
wage,0.25149697065353394,terrorism,20010911-2019,CBOW,207
unconventional,0.25141727924346924,terrorism,20010911-2019,CBOW,208
crime_commit,0.25133609771728516,terrorism,20010911-2019,CBOW,209
height_cold,0.2513343095779419,terrorism,20010911-2019,CBOW,210
aggressive_approach,0.251193106174469,terrorism,20010911-2019,CBOW,211
unconventional_weapon,0.2510192394256592,terrorism,20010911-2019,CBOW,212
gravest,0.25100040435791016,terrorism,20010911-2019,CBOW,213
osama_bin_laden_network,0.25091344118118286,terrorism,20010911-2019,CBOW,214
drug_trade,0.25067341327667236,terrorism,20010911-2019,CBOW,215
efforts,0.2505568861961365,terrorism,20010911-2019,CBOW,216
proactively,0.25034424662590027,terrorism,20010911-2019,CBOW,217
single_minded,0.25008025765419006,terrorism,20010911-2019,CBOW,218
necessary_step,0.249918594956398,terrorism,20010911-2019,CBOW,219
al_qaeda_osama_bin,0.24943387508392334,terrorism,20010911-2019,CBOW,220
radicalism,0.24940034747123718,terrorism,20010911-2019,CBOW,221
unsubstantiated,0.24939192831516266,terrorism,20010911-2019,CBOW,222
pre_emptive_action,0.24889688193798065,terrorism,20010911-2019,CBOW,223
justify,0.24885787069797516,terrorism,20010911-2019,CBOW,224
outset,0.24847693741321564,terrorism,20010911-2019,CBOW,225
cite_example,0.24833497405052185,terrorism,20010911-2019,CBOW,226
conspiracy,0.2477944791316986,terrorism,20010911-2019,CBOW,227
genocide,0.24764074385166168,terrorism,20010911-2019,CBOW,228
democratization,0.24758796393871307,terrorism,20010911-2019,CBOW,229
weapon_proliferation,0.24755601584911346,terrorism,20010911-2019,CBOW,230
narcotic_traffic,0.24748127162456512,terrorism,20010911-2019,CBOW,231
violent_jihad,0.24745523929595947,terrorism,20010911-2019,CBOW,232
policy_pre_emption,0.24741961061954498,terrorism,20010911-2019,CBOW,233
unwillingness,0.24738359451293945,terrorism,20010911-2019,CBOW,234
combatant,0.24714361131191254,terrorism,20010911-2019,CBOW,235
militant_islam,0.24710117280483246,terrorism,20010911-2019,CBOW,236
abet,0.24701473116874695,terrorism,20010911-2019,CBOW,237
militant_group,0.2469770908355713,terrorism,20010911-2019,CBOW,238
human_right_abuse,0.24692316353321075,terrorism,20010911-2019,CBOW,239
taliban_al_qaeda,0.24680489301681519,terrorism,20010911-2019,CBOW,240
global,0.2467505931854248,terrorism,20010911-2019,CBOW,241
share_intelligence,0.2466900646686554,terrorism,20010911-2019,CBOW,242
dissuade,0.24653032422065735,terrorism,20010911-2019,CBOW,243
formal_declaration,0.24627365171909332,terrorism,20010911-2019,CBOW,244
distract,0.2460678368806839,terrorism,20010911-2019,CBOW,245
fully_aware,0.24603146314620972,terrorism,20010911-2019,CBOW,246
violence,0.24524670839309692,terrorism,20010911-2019,CBOW,247
cooperate,0.24510371685028076,terrorism,20010911-2019,CBOW,248
hunt_osama_bin_laden,0.24492259323596954,terrorism,20010911-2019,CBOW,249
sept_plot,0.24485830962657928,terrorism,20010911-2019,CBOW,250
international_cooperation,0.24465367197990417,terrorism,20010911-2019,CBOW,251
jihadist_movement,0.2443481981754303,terrorism,20010911-2019,CBOW,252
divert_resource,0.24415265023708344,terrorism,20010911-2019,CBOW,253
enemy_islam,0.24393339455127716,terrorism,20010911-2019,CBOW,254
antiterrorist,0.24387165904045105,terrorism,20010911-2019,CBOW,255
moderate_arab,0.24375489354133606,terrorism,20010911-2019,CBOW,256
excerpt_page,0.24335771799087524,terrorism,20010911-2019,CBOW,257
unable_unwilling,0.2433256208896637,terrorism,20010911-2019,CBOW,258
imminent_danger,0.2431974709033966,terrorism,20010911-2019,CBOW,259
terrorism_suspect,0.2431497424840927,terrorism,20010911-2019,CBOW,260
mumbai_attack,0.24305132031440735,terrorism,20010911-2019,CBOW,261
fundamental_change,0.24303922057151794,terrorism,20010911-2019,CBOW,262
mishandle,0.24275760352611542,terrorism,20010911-2019,CBOW,263
aids_africa,0.2426774501800537,terrorism,20010911-2019,CBOW,264
hardly_surprising,0.24190756678581238,terrorism,20010911-2019,CBOW,265
ethnic_profiling,0.24165962636470795,terrorism,20010911-2019,CBOW,266
violent_act,0.24165411293506622,terrorism,20010911-2019,CBOW,267
significant_progress,0.24139094352722168,terrorism,20010911-2019,CBOW,268
holy_war,0.24133874475955963,terrorism,20010911-2019,CBOW,269
perception,0.24093489348888397,terrorism,20010911-2019,CBOW,270
legitimate,0.24092316627502441,terrorism,20010911-2019,CBOW,271
qaeda,0.24053022265434265,terrorism,20010911-2019,CBOW,272
freedom_democracy,0.2405104786157608,terrorism,20010911-2019,CBOW,273
democracy_middle_east,0.24045124650001526,terrorism,20010911-2019,CBOW,274
terror_suspect,0.2404334843158722,terrorism,20010911-2019,CBOW,275
pose_real,0.24031499028205872,terrorism,20010911-2019,CBOW,276
offense,0.2402469664812088,terrorism,20010911-2019,CBOW,277
mumbai_blast,0.24010634422302246,terrorism,20010911-2019,CBOW,278
firmly_believe,0.23976843059062958,terrorism,20010911-2019,CBOW,279
global_network,0.23963391780853271,terrorism,20010911-2019,CBOW,280
unintended_consequence,0.23955552279949188,terrorism,20010911-2019,CBOW,281
danger_pose,0.23940977454185486,terrorism,20010911-2019,CBOW,282
judicial_oversight,0.2394055873155594,terrorism,20010911-2019,CBOW,283
grave_danger,0.23936159908771515,terrorism,20010911-2019,CBOW,284
common_enemy,0.23923540115356445,terrorism,20010911-2019,CBOW,285
criminal_activity,0.2392272651195526,terrorism,20010911-2019,CBOW,286
bin_laden_group,0.2389177531003952,terrorism,20010911-2019,CBOW,287
vital_interest,0.2388724833726883,terrorism,20010911-2019,CBOW,288
civil_libertarian,0.23879969120025635,terrorism,20010911-2019,CBOW,289
vital,0.2385423481464386,terrorism,20010911-2019,CBOW,290
extradition,0.23836828768253326,terrorism,20010911-2019,CBOW,291
scourge_terrorism,0.23831216990947723,terrorism,20010911-2019,CBOW,292
madrid_bombing,0.23792056739330292,terrorism,20010911-2019,CBOW,293
homegrown_terrorism,0.23782983422279358,terrorism,20010911-2019,CBOW,294
bioterrorism,0.2377016246318817,terrorism,20010911-2019,CBOW,295
mislead_public,0.23715582489967346,terrorism,20010911-2019,CBOW,296
international_law,0.23699985444545746,terrorism,20010911-2019,CBOW,297
serious_crime,0.23672820627689362,terrorism,20010911-2019,CBOW,298
religious_extremism,0.23651187121868134,terrorism,20010911-2019,CBOW,299
illegal_immigration,0.2364630401134491,terrorism,20010911-2019,CBOW,300
domestic,0.23625552654266357,terrorism,20010911-2019,CBOW,301
relevant,0.236192986369133,terrorism,20010911-2019,CBOW,302
outspoken_advocate,0.23609128594398499,terrorism,20010911-2019,CBOW,303
saddam_hussein_al_qaeda,0.23608049750328064,terrorism,20010911-2019,CBOW,304
hostility,0.23607571423053741,terrorism,20010911-2019,CBOW,305
annihilation,0.23595017194747925,terrorism,20010911-2019,CBOW,306
nonviolent,0.2358904480934143,terrorism,20010911-2019,CBOW,307
right_abuse,0.2358081191778183,terrorism,20010911-2019,CBOW,308
radical_islamic_cleric,0.23569826781749725,terrorism,20010911-2019,CBOW,309
unless,0.23541799187660217,terrorism,20010911-2019,CBOW,310
separatist_movement,0.2354065179824829,terrorism,20010911-2019,CBOW,311
proliferation_security,0.23534464836120605,terrorism,20010911-2019,CBOW,312
allege_conspiracy,0.23528680205345154,terrorism,20010911-2019,CBOW,313
moroccan_islamic,0.23492611944675446,terrorism,20010911-2019,CBOW,314
act_violence,0.23492610454559326,terrorism,20010911-2019,CBOW,315
concrete_evidence,0.23488886654376984,terrorism,20010911-2019,CBOW,316
draw_sharp,0.23460173606872559,terrorism,20010911-2019,CBOW,317
misguided,0.23453174531459808,terrorism,20010911-2019,CBOW,318
aggressive,0.2341538369655609,terrorism,20010911-2019,CBOW,319
prevention,0.23414699733257294,terrorism,20010911-2019,CBOW,320
unyielde,0.23400373756885529,terrorism,20010911-2019,CBOW,321
post_sept,0.23395240306854248,terrorism,20010911-2019,CBOW,322
snoop,0.23380576074123383,terrorism,20010911-2019,CBOW,323
bloody_civil,0.233534574508667,terrorism,20010911-2019,CBOW,324
multilateral_approach,0.23352913558483124,terrorism,20010911-2019,CBOW,325
money_launder,0.23348382115364075,terrorism,20010911-2019,CBOW,326
syria_iran,0.23348021507263184,terrorism,20010911-2019,CBOW,327
millennium_plot,0.23346878588199615,terrorism,20010911-2019,CBOW,328
pakistan_saudi_arabia,0.23340871930122375,terrorism,20010911-2019,CBOW,329
defeat_al_qaeda,0.23331719636917114,terrorism,20010911-2019,CBOW,330
hijacking,0.2329222857952118,terrorism,20010911-2019,CBOW,331
terror_cell,0.23268386721611023,terrorism,20010911-2019,CBOW,332
promotion_democracy,0.2326742708683014,terrorism,20010911-2019,CBOW,333
stabilize_afghanistan,0.2325882911682129,terrorism,20010911-2019,CBOW,334
global_reach,0.23233938217163086,terrorism,20010911-2019,CBOW,335
racial_profiling,0.23177292943000793,terrorism,20010911-2019,CBOW,336
particular,0.23160138726234436,terrorism,20010911-2019,CBOW,337
uncompromising,0.23127970099449158,terrorism,20010911-2019,CBOW,338
contention,0.23115411400794983,terrorism,20010911-2019,CBOW,339
unpopular,0.23114511370658875,terrorism,20010911-2019,CBOW,340
ordinary_criminal,0.2309945523738861,terrorism,20010911-2019,CBOW,341
emergence,0.2309490144252777,terrorism,20010911-2019,CBOW,342
bin_laden_organization,0.2306274026632309,terrorism,20010911-2019,CBOW,343
double_standard,0.23051317036151886,terrorism,20010911-2019,CBOW,344
misuse,0.2304195612668991,terrorism,20010911-2019,CBOW,345
unende,0.2301732450723648,terrorism,20010911-2019,CBOW,346
insufficient,0.2301018238067627,terrorism,20010911-2019,CBOW,347
fight_al_qaeda,0.23009558022022247,terrorism,20010911-2019,CBOW,348
weapon_mass_destruction,0.22959476709365845,terrorism,20010911-2019,CBOW,349
bush_administration,0.22947265207767487,terrorism,20010911-2019,CBOW,350
precisely,0.2294437289237976,terrorism,20010911-2019,CBOW,351
ongoing_investigation,0.22918470203876495,terrorism,20010911-2019,CBOW,352
peace_prosperity,0.22907336056232452,terrorism,20010911-2019,CBOW,353
unconditional,0.2289450466632843,terrorism,20010911-2019,CBOW,354
political_sensitivity,0.22888588905334473,terrorism,20010911-2019,CBOW,355
anti_muslim,0.228834867477417,terrorism,20010911-2019,CBOW,356
connection_al_qaeda,0.22864516079425812,terrorism,20010911-2019,CBOW,357
zionist_regime,0.22863449156284332,terrorism,20010911-2019,CBOW,358
prosecution,0.2285827398300171,terrorism,20010911-2019,CBOW,359
intelligence_gathering,0.22780027985572815,terrorism,20010911-2019,CBOW,360
tribunal_hague,0.22773262858390808,terrorism,20010911-2019,CBOW,361
foreign_soil,0.22751577198505402,terrorism,20010911-2019,CBOW,362
exclusion,0.22748751938343048,terrorism,20010911-2019,CBOW,363
outlaw_regime,0.2272878736257553,terrorism,20010911-2019,CBOW,364
across_board,0.22702273726463318,terrorism,20010911-2019,CBOW,365
religious_duty,0.2268081158399582,terrorism,20010911-2019,CBOW,366
combat_al_qaeda,0.22665371000766754,terrorism,20010911-2019,CBOW,367
iraq_distraction,0.22656849026679993,terrorism,20010911-2019,CBOW,368
ability,0.2265542447566986,terrorism,20010911-2019,CBOW,369
determined,0.2264745831489563,terrorism,20010911-2019,CBOW,370
hiv_aids,0.22643806040287018,terrorism,20010911-2019,CBOW,371
political_fallout,0.22612017393112183,terrorism,20010911-2019,CBOW,372
bring_justice,0.22602427005767822,terrorism,20010911-2019,CBOW,373
send_signal,0.22600848972797394,terrorism,20010911-2019,CBOW,374
bomb_plot,0.22588881850242615,terrorism,20010911-2019,CBOW,375
elimination,0.22588388621807098,terrorism,20010911-2019,CBOW,376
clearly_aim,0.2255425751209259,terrorism,20010911-2019,CBOW,377
peace_process,0.22530312836170197,terrorism,20010911-2019,CBOW,378
separatist_fighter,0.22530131042003632,terrorism,20010911-2019,CBOW,379
mass_murder,0.22525808215141296,terrorism,20010911-2019,CBOW,380
globally,0.22519031167030334,terrorism,20010911-2019,CBOW,381
lie_groundwork,0.225174680352211,terrorism,20010911-2019,CBOW,382
urgent,0.2251407355070114,terrorism,20010911-2019,CBOW,383
aggressively,0.2247176617383957,terrorism,20010911-2019,CBOW,384
move_beyond,0.22465981543064117,terrorism,20010911-2019,CBOW,385
unilateralism,0.22442267835140228,terrorism,20010911-2019,CBOW,386
osama_bin_laden,0.22436778247356415,terrorism,20010911-2019,CBOW,387
barbaric_act,0.22422441840171814,terrorism,20010911-2019,CBOW,388
antiterrorism_coalition,0.22415991127490997,terrorism,20010911-2019,CBOW,389
broad_strategic,0.2238755077123642,terrorism,20010911-2019,CBOW,390
wide_range,0.2238449901342392,terrorism,20010911-2019,CBOW,391
act_swiftly,0.22383572161197662,terrorism,20010911-2019,CBOW,392
worldwide,0.22375212609767914,terrorism,20010911-2019,CBOW,393
illicit_activity,0.2236286848783493,terrorism,20010911-2019,CBOW,394
hard_evidence,0.2235759198665619,terrorism,20010911-2019,CBOW,395
accordingly,0.22352063655853271,terrorism,20010911-2019,CBOW,396
finance_al_qaeda,0.22338494658470154,terrorism,20010911-2019,CBOW,397
ensnare,0.22327014803886414,terrorism,20010911-2019,CBOW,398
prejudice,0.22305282950401306,terrorism,20010911-2019,CBOW,399
intelligence_law_enforcement,0.2229055017232895,terrorism,20010911-2019,CBOW,400
muslim_extremist,0.22283443808555603,terrorism,20010911-2019,CBOW,401
harassment,0.22268414497375488,terrorism,20010911-2019,CBOW,402
missile_defense_shield,0.22237518429756165,terrorism,20010911-2019,CBOW,403
muslim_community,0.22219862043857574,terrorism,20010911-2019,CBOW,404
falsify_document,0.22208859026432037,terrorism,20010911-2019,CBOW,405
ignorance,0.22200757265090942,terrorism,20010911-2019,CBOW,406
religious_teaching,0.22188955545425415,terrorism,20010911-2019,CBOW,407
terrorists,0.2218613475561142,terrorism,20010911-2019,CBOW,408
counterterrorism_measure,0.22169573605060577,terrorism,20010911-2019,CBOW,409
separatism,0.2216111123561859,terrorism,20010911-2019,CBOW,410
imperialism,0.22161008417606354,terrorism,20010911-2019,CBOW,411
apprehension,0.22160086035728455,terrorism,20010911-2019,CBOW,412
rule_law,0.22159342467784882,terrorism,20010911-2019,CBOW,413
regional_instability,0.221518412232399,terrorism,20010911-2019,CBOW,414
shift_focus,0.22107310593128204,terrorism,20010911-2019,CBOW,415
mideast,0.22074338793754578,terrorism,20010911-2019,CBOW,416
conspiracy_murder,0.22038869559764862,terrorism,20010911-2019,CBOW,417
africa_middle_east,0.2201366424560547,terrorism,20010911-2019,CBOW,418
perjury,0.2199859917163849,terrorism,20010911-2019,CBOW,419
declaration_war,0.21984487771987915,terrorism,20010911-2019,CBOW,420
particularly_troubling,0.21976761519908905,terrorism,20010911-2019,CBOW,421
justify_invasion,0.21975590288639069,terrorism,20010911-2019,CBOW,422
corporate_fraud,0.21969372034072876,terrorism,20010911-2019,CBOW,423
commit_crime,0.21958708763122559,terrorism,20010911-2019,CBOW,424
ideological_struggle,0.21948881447315216,terrorism,20010911-2019,CBOW,425
foil_terrorist,0.21948644518852234,terrorism,20010911-2019,CBOW,426
exaggerate_threat,0.2194279581308365,terrorism,20010911-2019,CBOW,427
impartial,0.21925264596939087,terrorism,20010911-2019,CBOW,428
belong_al_qaeda,0.21924303472042084,terrorism,20010911-2019,CBOW,429
ambiguity,0.21920526027679443,terrorism,20010911-2019,CBOW,430
foreign_affair,0.21918834745883942,terrorism,20010911-2019,CBOW,431
forefront,0.21884220838546753,terrorism,20010911-2019,CBOW,432
incite,0.21880553662776947,terrorism,20010911-2019,CBOW,433
aggressive_action,0.21876110136508942,terrorism,20010911-2019,CBOW,434
consequently,0.21866104006767273,terrorism,20010911-2019,CBOW,435
entire_region,0.21834614872932434,terrorism,20010911-2019,CBOW,436
public_opinion,0.2182990312576294,terrorism,20010911-2019,CBOW,437
charity_commission,0.2182241827249527,terrorism,20010911-2019,CBOW,438
conviction,0.2181985229253769,terrorism,20010911-2019,CBOW,439
aggressor,0.21811331808567047,terrorism,20010911-2019,CBOW,440
diffuse,0.21805983781814575,terrorism,20010911-2019,CBOW,441
disillusionment,0.2180132418870926,terrorism,20010911-2019,CBOW,442
unwilling,0.21778228878974915,terrorism,20010911-2019,CBOW,443
al_qaeda_cell,0.21762806177139282,terrorism,20010911-2019,CBOW,444
definition,0.21734966337680817,terrorism,20010911-2019,CBOW,445
islamophobia,0.21733815968036652,terrorism,20010911-2019,CBOW,446
military_action,0.2172320932149887,terrorism,20010911-2019,CBOW,447
overreach,0.21721680462360382,terrorism,20010911-2019,CBOW,448
especially_sensitive,0.21710066497325897,terrorism,20010911-2019,CBOW,449
far_reach,0.21708442270755768,terrorism,20010911-2019,CBOW,450
communism,0.2169944792985916,terrorism,20010911-2019,CBOW,451
heavy_handed,0.21680372953414917,terrorism,20010911-2019,CBOW,452
untested,0.21656687557697296,terrorism,20010911-2019,CBOW,453
scourge,0.21655388176441193,terrorism,20010911-2019,CBOW,454
terrible_mistake,0.2165503352880478,terrorism,20010911-2019,CBOW,455
islamic_fundamentalism,0.21649707853794098,terrorism,20010911-2019,CBOW,456
shape_form,0.21648086607456207,terrorism,20010911-2019,CBOW,457
sleeper_cell,0.21617992222309113,terrorism,20010911-2019,CBOW,458
islamic_fundamentalist,0.21610037982463837,terrorism,20010911-2019,CBOW,459
formally_declare,0.21598641574382782,terrorism,20010911-2019,CBOW,460
proportionality,0.2155950516462326,terrorism,20010911-2019,CBOW,461
backlash,0.21545559167861938,terrorism,20010911-2019,CBOW,462
covert_operation,0.21540622413158417,terrorism,20010911-2019,CBOW,463
dame_eliza,0.21535775065422058,terrorism,20010911-2019,CBOW,464
closely_together,0.21531252562999725,terrorism,20010911-2019,CBOW,465
islamists,0.21531224250793457,terrorism,20010911-2019,CBOW,466
iran_syria,0.21515798568725586,terrorism,20010911-2019,CBOW,467
muslim_preacher,0.2151314616203308,terrorism,20010911-2019,CBOW,468
internal_conflict,0.21502412855625153,terrorism,20010911-2019,CBOW,469
poverty_disease,0.21495915949344635,terrorism,20010911-2019,CBOW,470
antiterrorist_campaign,0.21485774219036102,terrorism,20010911-2019,CBOW,471
operative_al_qaeda,0.214825838804245,terrorism,20010911-2019,CBOW,472
department_justice,0.21465381979942322,terrorism,20010911-2019,CBOW,473
pose_grave,0.21462757885456085,terrorism,20010911-2019,CBOW,474
predicate,0.21462711691856384,terrorism,20010911-2019,CBOW,475
escalate,0.21454833447933197,terrorism,20010911-2019,CBOW,476
muslim_fundamentalist,0.21400965750217438,terrorism,20010911-2019,CBOW,477
aggressive_strategy,0.21378019452095032,terrorism,20010911-2019,CBOW,478
global_partnership,0.21375705301761627,terrorism,20010911-2019,CBOW,479
qaeda_operative,0.21332448720932007,terrorism,20010911-2019,CBOW,480
al_qaeda_affiliate,0.21329127252101898,terrorism,20010911-2019,CBOW,481
protect_homeland,0.21326488256454468,terrorism,20010911-2019,CBOW,482
drug_traffic,0.21318890154361725,terrorism,20010911-2019,CBOW,483
miss_opportunity,0.213175430893898,terrorism,20010911-2019,CBOW,484
bali_bombing,0.2131354808807373,terrorism,20010911-2019,CBOW,485
lawfully,0.21302269399166107,terrorism,20010911-2019,CBOW,486
play_key_role,0.21293550729751587,terrorism,20010911-2019,CBOW,487
indirect,0.21289627254009247,terrorism,20010911-2019,CBOW,488
moderate,0.21271690726280212,terrorism,20010911-2019,CBOW,489
danger,0.21268342435359955,terrorism,20010911-2019,CBOW,490
exterminate,0.21250616014003754,terrorism,20010911-2019,CBOW,491
overzealous,0.21242573857307434,terrorism,20010911-2019,CBOW,492
longstanding_policy,0.21221961081027985,terrorism,20010911-2019,CBOW,493
hate_speech,0.2121957540512085,terrorism,20010911-2019,CBOW,494
nonstate_actor,0.212126225233078,terrorism,20010911-2019,CBOW,495
stability_region,0.21200215816497803,terrorism,20010911-2019,CBOW,496
interrogate_prisoner,0.21188025176525116,terrorism,20010911-2019,CBOW,497
bombing_plot,0.21177572011947632,terrorism,20010911-2019,CBOW,498
european_ally,0.21170420944690704,terrorism,20010911-2019,CBOW,499
effectively,0.2116875946521759,terrorism,20010911-2019,CBOW,500
terror,0.6944969296455383,terrorism,20010911-2019,SkipGram,1
terrorist,0.6175837516784668,terrorism,20010911-2019,SkipGram,2
international_terrorism,0.5752921104431152,terrorism,20010911-2019,SkipGram,3
fight_terrorism,0.5603654384613037,terrorism,20010911-2019,SkipGram,4
global_terrorism,0.532869279384613,terrorism,20010911-2019,SkipGram,5
terror_attack,0.5144317746162415,terrorism,20010911-2019,SkipGram,6
war_terror,0.4753590524196625,terrorism,20010911-2019,SkipGram,7
sept_attack,0.4615577757358551,terrorism,20010911-2019,SkipGram,8
combat_terrorism,0.45774608850479126,terrorism,20010911-2019,SkipGram,9
narcotic_traffic,0.45744088292121887,terrorism,20010911-2019,SkipGram,10
terrorist_activity,0.4549660384654999,terrorism,20010911-2019,SkipGram,11
crime_crime_humanity,0.4506954848766327,terrorism,20010911-2019,SkipGram,12
terrorist_attack,0.4491620659828186,terrorism,20010911-2019,SkipGram,13
iraq_distraction,0.4489709734916687,terrorism,20010911-2019,SkipGram,14
eradicate_terrorism,0.4463019371032715,terrorism,20010911-2019,SkipGram,15
global_war_terror,0.43950754404067993,terrorism,20010911-2019,SkipGram,16
terrorist_network,0.4338078200817108,terrorism,20010911-2019,SkipGram,17
destabilize_middle_east,0.43011075258255005,terrorism,20010911-2019,SkipGram,18
terrorism_extremism,0.42774659395217896,terrorism,20010911-2019,SkipGram,19
spread_weapon_mass,0.4272243082523346,terrorism,20010911-2019,SkipGram,20
regional_instability,0.4250352084636688,terrorism,20010911-2019,SkipGram,21
terror_network,0.4225272834300995,terrorism,20010911-2019,SkipGram,22
act_terrorism,0.4200943112373352,terrorism,20010911-2019,SkipGram,23
muslim_extremism,0.4166649878025055,terrorism,20010911-2019,SkipGram,24
antiterrorism,0.41664838790893555,terrorism,20010911-2019,SkipGram,25
investigate_prosecute,0.4157960116863251,terrorism,20010911-2019,SkipGram,26
weapon_proliferation,0.41578224301338196,terrorism,20010911-2019,SkipGram,27
islamic_holy,0.41507428884506226,terrorism,20010911-2019,SkipGram,28
extremism,0.41306760907173157,terrorism,20010911-2019,SkipGram,29
attack,0.41287797689437866,terrorism,20010911-2019,SkipGram,30
human_trafficking,0.4098738431930542,terrorism,20010911-2019,SkipGram,31
echo_theme,0.40980327129364014,terrorism,20010911-2019,SkipGram,32
devise_strategy,0.40937450528144836,terrorism,20010911-2019,SkipGram,33
pose_immediate,0.40771228075027466,terrorism,20010911-2019,SkipGram,34
pose_real,0.4071182608604431,terrorism,20010911-2019,SkipGram,35
corporate_fraud,0.4060620069503784,terrorism,20010911-2019,SkipGram,36
civilize_world,0.4040479362010956,terrorism,20010911-2019,SkipGram,37
counter_terrorism,0.40359067916870117,terrorism,20010911-2019,SkipGram,38
steadfast_support,0.4029447138309479,terrorism,20010911-2019,SkipGram,39
democracy_middle_east,0.40256568789482117,terrorism,20010911-2019,SkipGram,40
aids_africa,0.4008485972881317,terrorism,20010911-2019,SkipGram,41
declarations,0.400750070810318,terrorism,20010911-2019,SkipGram,42
barbaric_act,0.3997020721435547,terrorism,20010911-2019,SkipGram,43
bush_administration,0.39930209517478943,terrorism,20010911-2019,SkipGram,44
create_atmosphere,0.39827868342399597,terrorism,20010911-2019,SkipGram,45
threat,0.3973243534564972,terrorism,20010911-2019,SkipGram,46
opposite_true,0.3956528604030609,terrorism,20010911-2019,SkipGram,47
lack_ability,0.39473557472229004,terrorism,20010911-2019,SkipGram,48
proactively,0.3940320611000061,terrorism,20010911-2019,SkipGram,49
precise_role,0.39399024844169617,terrorism,20010911-2019,SkipGram,50
islamic_extremism,0.3939031660556793,terrorism,20010911-2019,SkipGram,51
broaden_definition,0.3937520384788513,terrorism,20010911-2019,SkipGram,52
justify_invasion,0.3935041129589081,terrorism,20010911-2019,SkipGram,53
cumulative_effect,0.3934972286224365,terrorism,20010911-2019,SkipGram,54
decisive_action,0.39335694909095764,terrorism,20010911-2019,SkipGram,55
anti_sentiment,0.3916023373603821,terrorism,20010911-2019,SkipGram,56
domestic,0.3904480040073395,terrorism,20010911-2019,SkipGram,57
formally_declare,0.39012667536735535,terrorism,20010911-2019,SkipGram,58
critics_administration,0.38964685797691345,terrorism,20010911-2019,SkipGram,59
radical_ideology,0.3889473080635071,terrorism,20010911-2019,SkipGram,60
crime,0.3888733386993408,terrorism,20010911-2019,SkipGram,61
fear_monger,0.3887310326099396,terrorism,20010911-2019,SkipGram,62
al_qaeda,0.38597774505615234,terrorism,20010911-2019,SkipGram,63
pose_imminent,0.385458379983902,terrorism,20010911-2019,SkipGram,64
amorphous,0.38525378704071045,terrorism,20010911-2019,SkipGram,65
war,0.38456031680107117,terrorism,20010911-2019,SkipGram,66
war_footing,0.3843706250190735,terrorism,20010911-2019,SkipGram,67
divert_resource,0.38422778248786926,terrorism,20010911-2019,SkipGram,68
islamist_extremist,0.38281676173210144,terrorism,20010911-2019,SkipGram,69
antiterrorism_coalition,0.38256528973579407,terrorism,20010911-2019,SkipGram,70
basic_freedom,0.3823632597923279,terrorism,20010911-2019,SkipGram,71
islamic_extremist,0.38235270977020264,terrorism,20010911-2019,SkipGram,72
eric_dec,0.3821147382259369,terrorism,20010911-2019,SkipGram,73
intelligence_sharing,0.3818150460720062,terrorism,20010911-2019,SkipGram,74
threat_al_qaeda,0.38172221183776855,terrorism,20010911-2019,SkipGram,75
neighboring_afghanistan,0.3799956440925598,terrorism,20010911-2019,SkipGram,76
london_bombing,0.3794432282447815,terrorism,20010911-2019,SkipGram,77
policy_pre_emption,0.37862980365753174,terrorism,20010911-2019,SkipGram,78
transcript_page,0.37777361273765564,terrorism,20010911-2019,SkipGram,79
err_side,0.37767288088798523,terrorism,20010911-2019,SkipGram,80
proportionate,0.37755414843559265,terrorism,20010911-2019,SkipGram,81
missile_defense_shield,0.37734419107437134,terrorism,20010911-2019,SkipGram,82
unflinche,0.37719932198524475,terrorism,20010911-2019,SkipGram,83
argue,0.3769374191761017,terrorism,20010911-2019,SkipGram,84
essential_tool,0.3754688501358032,terrorism,20010911-2019,SkipGram,85
combat_al_qaeda,0.37546002864837646,terrorism,20010911-2019,SkipGram,86
fischer_germany,0.37436336278915405,terrorism,20010911-2019,SkipGram,87
grave_danger,0.3740577697753906,terrorism,20010911-2019,SkipGram,88
confront_threat_pose,0.3738110363483429,terrorism,20010911-2019,SkipGram,89
airplane_hijacker,0.37362778186798096,terrorism,20010911-2019,SkipGram,90
pose_grave,0.37361010909080505,terrorism,20010911-2019,SkipGram,91
peripheral,0.37308695912361145,terrorism,20010911-2019,SkipGram,92
ordinary_criminal,0.37172168493270874,terrorism,20010911-2019,SkipGram,93
reasonable_ground,0.3715953826904297,terrorism,20010911-2019,SkipGram,94
larry_thompson,0.37138962745666504,terrorism,20010911-2019,SkipGram,95
alan_nov,0.3712666630744934,terrorism,20010911-2019,SkipGram,96
habitually,0.3712361454963684,terrorism,20010911-2019,SkipGram,97
capitol_hill_democrats,0.3707740306854248,terrorism,20010911-2019,SkipGram,98
urgent_step,0.3707362115383148,terrorism,20010911-2019,SkipGram,99
express_misgiving,0.37073156237602234,terrorism,20010911-2019,SkipGram,100
extremist,0.3706536889076233,terrorism,20010911-2019,SkipGram,101
necessary_step,0.3705715239048004,terrorism,20010911-2019,SkipGram,102
ideological_struggle,0.3703291416168213,terrorism,20010911-2019,SkipGram,103
vigorous_defense,0.3702550530433655,terrorism,20010911-2019,SkipGram,104
global_poverty,0.3702467083930969,terrorism,20010911-2019,SkipGram,105
antiterrorism_effort,0.36964350938796997,terrorism,20010911-2019,SkipGram,106
widespread_belief,0.3688143789768219,terrorism,20010911-2019,SkipGram,107
global_jihad,0.3688097298145294,terrorism,20010911-2019,SkipGram,108
comprehensive_strategy,0.36862385272979736,terrorism,20010911-2019,SkipGram,109
islamic_radicalism,0.36843597888946533,terrorism,20010911-2019,SkipGram,110
incite_hatred,0.36788609623908997,terrorism,20010911-2019,SkipGram,111
plot_al_qaeda,0.36767446994781494,terrorism,20010911-2019,SkipGram,112
criminal_justice_system,0.3673917353153229,terrorism,20010911-2019,SkipGram,113
radicalization,0.36658185720443726,terrorism,20010911-2019,SkipGram,114
hate_crime,0.3665587306022644,terrorism,20010911-2019,SkipGram,115
shape_form,0.36650359630584717,terrorism,20010911-2019,SkipGram,116
devote_resource,0.3664812445640564,terrorism,20010911-2019,SkipGram,117
broad_context,0.3662419319152832,terrorism,20010911-2019,SkipGram,118
vicious_circle,0.3653411865234375,terrorism,20010911-2019,SkipGram,119
defeat_al_qaeda,0.36512142419815063,terrorism,20010911-2019,SkipGram,120
gravest,0.3648505210876465,terrorism,20010911-2019,SkipGram,121
adopt_recommendation,0.3647538721561432,terrorism,20010911-2019,SkipGram,122
wherever_find,0.36417633295059204,terrorism,20010911-2019,SkipGram,123
regional_stability,0.36349576711654663,terrorism,20010911-2019,SkipGram,124
homegrown_terrorism,0.3633810579776764,terrorism,20010911-2019,SkipGram,125
nuclear_proliferation,0.3632025718688965,terrorism,20010911-2019,SkipGram,126
glenn_fine,0.36318156123161316,terrorism,20010911-2019,SkipGram,127
pre_emptive,0.36303192377090454,terrorism,20010911-2019,SkipGram,128
radical_islam,0.36288830637931824,terrorism,20010911-2019,SkipGram,129
counterterrorism,0.3626589775085449,terrorism,20010911-2019,SkipGram,130
generally_supportive,0.36248841881752014,terrorism,20010911-2019,SkipGram,131
political_motive,0.36244481801986694,terrorism,20010911-2019,SkipGram,132
express_appreciation,0.36209332942962646,terrorism,20010911-2019,SkipGram,133
antiterrorism_campaign,0.3620099723339081,terrorism,20010911-2019,SkipGram,134
inextricably_link,0.3614863455295563,terrorism,20010911-2019,SkipGram,135
economic_condition,0.3614307641983032,terrorism,20010911-2019,SkipGram,136
extradite_face,0.36130914092063904,terrorism,20010911-2019,SkipGram,137
racial_hatred,0.3612402677536011,terrorism,20010911-2019,SkipGram,138
homegrown_terrorist,0.36021900177001953,terrorism,20010911-2019,SkipGram,139
acquire_uranium,0.36000728607177734,terrorism,20010911-2019,SkipGram,140
focus_exclusively,0.35998857021331787,terrorism,20010911-2019,SkipGram,141
middle_east_elsewhere,0.3597540855407715,terrorism,20010911-2019,SkipGram,142
effort_curtail,0.3594105839729309,terrorism,20010911-2019,SkipGram,143
eric_feb,0.3590656816959381,terrorism,20010911-2019,SkipGram,144
toughened,0.35904696583747864,terrorism,20010911-2019,SkipGram,145
incite_racial_hatred,0.35890907049179077,terrorism,20010911-2019,SkipGram,146
academic_expert,0.358538955450058,terrorism,20010911-2019,SkipGram,147
create_impression,0.3584548234939575,terrorism,20010911-2019,SkipGram,148
heighten_sense,0.358077734708786,terrorism,20010911-2019,SkipGram,149
sore_point,0.357835978269577,terrorism,20010911-2019,SkipGram,150
serious_danger,0.3574698567390442,terrorism,20010911-2019,SkipGram,151
finance_al_qaeda,0.3572714626789093,terrorism,20010911-2019,SkipGram,152
prosecute,0.35705602169036865,terrorism,20010911-2019,SkipGram,153
lead_proponent,0.3570280075073242,terrorism,20010911-2019,SkipGram,154
act_aggressively,0.3568088412284851,terrorism,20010911-2019,SkipGram,155
balance_civil_liberty,0.3567434549331665,terrorism,20010911-2019,SkipGram,156
condemn_death,0.356678307056427,terrorism,20010911-2019,SkipGram,157
proliferation_weapon_mass_destruction,0.35647204518318176,terrorism,20010911-2019,SkipGram,158
terrorist_organization,0.3563850522041321,terrorism,20010911-2019,SkipGram,159
reinforce_message,0.3563748300075531,terrorism,20010911-2019,SkipGram,160
blank_check_president,0.3561502993106842,terrorism,20010911-2019,SkipGram,161
muslim_preacher,0.35588645935058594,terrorism,20010911-2019,SkipGram,162
violent_extremist,0.35579243302345276,terrorism,20010911-2019,SkipGram,163
inhuman,0.3552904427051544,terrorism,20010911-2019,SkipGram,164
american_facilities,0.3551759123802185,terrorism,20010911-2019,SkipGram,165
civilized_nation,0.35462358593940735,terrorism,20010911-2019,SkipGram,166
significant_progress,0.3545458912849426,terrorism,20010911-2019,SkipGram,167
forge_strong,0.3543514907360077,terrorism,20010911-2019,SkipGram,168
global_relief,0.3543030023574829,terrorism,20010911-2019,SkipGram,169
national_security,0.3542993366718292,terrorism,20010911-2019,SkipGram,170
yemeni_cleric,0.35416215658187866,terrorism,20010911-2019,SkipGram,171
significant_setback,0.3541127145290375,terrorism,20010911-2019,SkipGram,172
response_hurricane,0.35409069061279297,terrorism,20010911-2019,SkipGram,173
land_occupy,0.3539908528327942,terrorism,20010911-2019,SkipGram,174
review_classified,0.35375675559043884,terrorism,20010911-2019,SkipGram,175
defend_homeland,0.3535216748714447,terrorism,20010911-2019,SkipGram,176
infrastructure_protection,0.3534765839576721,terrorism,20010911-2019,SkipGram,177
aggressive_action,0.35333094000816345,terrorism,20010911-2019,SkipGram,178
interrogate_prisoner,0.3528375029563904,terrorism,20010911-2019,SkipGram,179
sen_hatch,0.35275447368621826,terrorism,20010911-2019,SkipGram,180
afford_wait,0.3526952862739563,terrorism,20010911-2019,SkipGram,181
shoe_bomber_richard_reid,0.3526943624019623,terrorism,20010911-2019,SkipGram,182
excerpt_page,0.3526921570301056,terrorism,20010911-2019,SkipGram,183
narcotic_trade,0.35240063071250916,terrorism,20010911-2019,SkipGram,184
coordinated_effort,0.3521767556667328,terrorism,20010911-2019,SkipGram,185
major_industrialize,0.3519386351108551,terrorism,20010911-2019,SkipGram,186
act_aggression,0.35188189148902893,terrorism,20010911-2019,SkipGram,187
dame_eliza,0.35168033838272095,terrorism,20010911-2019,SkipGram,188
accuse_foment,0.3514910638332367,terrorism,20010911-2019,SkipGram,189
renew_criticism,0.35077646374702454,terrorism,20010911-2019,SkipGram,190
radical_islamic_cleric,0.35054150223731995,terrorism,20010911-2019,SkipGram,191
violent_extremism,0.35047581791877747,terrorism,20010911-2019,SkipGram,192
violent_insurgency,0.3501434028148651,terrorism,20010911-2019,SkipGram,193
senator_joseph_biden_delaware,0.3501198887825012,terrorism,20010911-2019,SkipGram,194
tribunal_hague,0.3501121997833252,terrorism,20010911-2019,SkipGram,195
item_agenda,0.3501083552837372,terrorism,20010911-2019,SkipGram,196
terror_tactic,0.3499164879322052,terrorism,20010911-2019,SkipGram,197
mean_disposal,0.3497074842453003,terrorism,20010911-2019,SkipGram,198
relate_offense,0.34963223338127136,terrorism,20010911-2019,SkipGram,199
aggressive_strategy,0.3494522273540497,terrorism,20010911-2019,SkipGram,200
outspoken_opponent,0.349376380443573,terrorism,20010911-2019,SkipGram,201
julia_preston_nyt,0.3492710292339325,terrorism,20010911-2019,SkipGram,202
aftermath_sept,0.349243700504303,terrorism,20010911-2019,SkipGram,203
immediate_unconditional,0.34904518723487854,terrorism,20010911-2019,SkipGram,204
draw_sharp,0.3489861488342285,terrorism,20010911-2019,SkipGram,205
tribune_washington,0.3489754796028137,terrorism,20010911-2019,SkipGram,206
garden_variety,0.34896790981292725,terrorism,20010911-2019,SkipGram,207
traditional_law_enforcement,0.34895554184913635,terrorism,20010911-2019,SkipGram,208
unambiguously,0.34893473982810974,terrorism,20010911-2019,SkipGram,209
exaggerate_threat,0.3487415015697479,terrorism,20010911-2019,SkipGram,210
charge_conspiring,0.3486802279949188,terrorism,20010911-2019,SkipGram,211
america_friends,0.3485088646411896,terrorism,20010911-2019,SkipGram,212
global,0.3483945429325104,terrorism,20010911-2019,SkipGram,213
jihad_holy,0.34837061166763306,terrorism,20010911-2019,SkipGram,214
shift_strategy,0.3483544588088989,terrorism,20010911-2019,SkipGram,215
bloody_civil,0.3482687771320343,terrorism,20010911-2019,SkipGram,216
lehman_thank,0.34814369678497314,terrorism,20010911-2019,SkipGram,217
overview_nov_clyde,0.34807032346725464,terrorism,20010911-2019,SkipGram,218
grave_doubt,0.34790682792663574,terrorism,20010911-2019,SkipGram,219
backpedal,0.3478555977344513,terrorism,20010911-2019,SkipGram,220
stingy,0.34778863191604614,terrorism,20010911-2019,SkipGram,221
quest_peace,0.3477671444416046,terrorism,20010911-2019,SkipGram,222
subjugate,0.3477157950401306,terrorism,20010911-2019,SkipGram,223
event_sept,0.34761863946914673,terrorism,20010911-2019,SkipGram,224
tip_iceberg,0.3475742042064667,terrorism,20010911-2019,SkipGram,225
show_sign_abate,0.34754037857055664,terrorism,20010911-2019,SkipGram,226
actively_pursue,0.3472597301006317,terrorism,20010911-2019,SkipGram,227
representative_edward_democrat_massachusetts,0.3469897210597992,terrorism,20010911-2019,SkipGram,228
reflect_belief,0.3469683825969696,terrorism,20010911-2019,SkipGram,229
muslim_militant,0.3465670347213745,terrorism,20010911-2019,SkipGram,230
perjury,0.34626585245132446,terrorism,20010911-2019,SkipGram,231
murder_innocent,0.34607189893722534,terrorism,20010911-2019,SkipGram,232
renew_warning,0.345851331949234,terrorism,20010911-2019,SkipGram,233
saddam_hussein_al_qaeda,0.345771849155426,terrorism,20010911-2019,SkipGram,234
poverty_disease,0.34544387459754944,terrorism,20010911-2019,SkipGram,235
islamic_radical,0.34530821442604065,terrorism,20010911-2019,SkipGram,236
money_launder,0.34507524967193604,terrorism,20010911-2019,SkipGram,237
document_title,0.3449190855026245,terrorism,20010911-2019,SkipGram,238
become_bre,0.34490200877189636,terrorism,20010911-2019,SkipGram,239
unmet,0.34456151723861694,terrorism,20010911-2019,SkipGram,240
authoritarian_regime,0.344490110874176,terrorism,20010911-2019,SkipGram,241
terrible_event,0.34428489208221436,terrorism,20010911-2019,SkipGram,242
danger,0.34421512484550476,terrorism,20010911-2019,SkipGram,243
ethnic_profiling,0.34407564997673035,terrorism,20010911-2019,SkipGram,244
detain_namo,0.3440186381340027,terrorism,20010911-2019,SkipGram,245
senator_edward_kennedy_massachusetts,0.34398889541625977,terrorism,20010911-2019,SkipGram,246
facet,0.343966007232666,terrorism,20010911-2019,SkipGram,247
place_emphasis,0.3438832461833954,terrorism,20010911-2019,SkipGram,248
developing,0.34387218952178955,terrorism,20010911-2019,SkipGram,249
democracie,0.34377896785736084,terrorism,20010911-2019,SkipGram,250
article_ii,0.3436715602874756,terrorism,20010911-2019,SkipGram,251
close_cooperation,0.34340405464172363,terrorism,20010911-2019,SkipGram,252
iowa_republican,0.3431326448917389,terrorism,20010911-2019,SkipGram,253
narrow_definition,0.34309831261634827,terrorism,20010911-2019,SkipGram,254
adam_janet,0.34309399127960205,terrorism,20010911-2019,SkipGram,255
discrete,0.3430863916873932,terrorism,20010911-2019,SkipGram,256
enlist_support,0.34301531314849854,terrorism,20010911-2019,SkipGram,257
violence,0.34297239780426025,terrorism,20010911-2019,SkipGram,258
detain_deport,0.3427785336971283,terrorism,20010911-2019,SkipGram,259
illegal_gun,0.3426269292831421,terrorism,20010911-2019,SkipGram,260
organize_crime,0.34256672859191895,terrorism,20010911-2019,SkipGram,261
zionist_regime,0.3425137400627136,terrorism,20010911-2019,SkipGram,262
financial_asset,0.34245994687080383,terrorism,20010911-2019,SkipGram,263
pursuit_weapon_mass,0.34233343601226807,terrorism,20010911-2019,SkipGram,264
remain_convinced,0.342329204082489,terrorism,20010911-2019,SkipGram,265
criminal_intent,0.34231817722320557,terrorism,20010911-2019,SkipGram,266
comprehensively,0.3422117829322815,terrorism,20010911-2019,SkipGram,267
illustrate_difficulty,0.3418782949447632,terrorism,20010911-2019,SkipGram,268
ideology_hate,0.3416784107685089,terrorism,20010911-2019,SkipGram,269
policy_pre_emptive,0.3416566848754883,terrorism,20010911-2019,SkipGram,270
highlight_difficulty,0.3416482210159302,terrorism,20010911-2019,SkipGram,271
belong_al_qaeda,0.3416077196598053,terrorism,20010911-2019,SkipGram,272
detriment,0.3415684998035431,terrorism,20010911-2019,SkipGram,273
full_weight,0.34154292941093445,terrorism,20010911-2019,SkipGram,274
driver_osama_bin,0.3414013683795929,terrorism,20010911-2019,SkipGram,275
hate_speech,0.34128618240356445,terrorism,20010911-2019,SkipGram,276
post_sept,0.3411422669887543,terrorism,20010911-2019,SkipGram,277
civil_liberty,0.34110137820243835,terrorism,20010911-2019,SkipGram,278
partly_response,0.3410390615463257,terrorism,20010911-2019,SkipGram,279
pick_choose,0.3409205973148346,terrorism,20010911-2019,SkipGram,280
islamic_militancy,0.3406493663787842,terrorism,20010911-2019,SkipGram,281
biological_terrorism,0.3405775725841522,terrorism,20010911-2019,SkipGram,282
false_impression,0.34057074785232544,terrorism,20010911-2019,SkipGram,283
full_transcript,0.3405514657497406,terrorism,20010911-2019,SkipGram,284
anti_terror,0.34052184224128723,terrorism,20010911-2019,SkipGram,285
error_judgment,0.3403610289096832,terrorism,20010911-2019,SkipGram,286
antidrug,0.3403376638889313,terrorism,20010911-2019,SkipGram,287
effort,0.34032806754112244,terrorism,20010911-2019,SkipGram,288
foreign_policy,0.3402470648288727,terrorism,20010911-2019,SkipGram,289
silver_bullet,0.3401814103126526,terrorism,20010911-2019,SkipGram,290
hijacking,0.34017977118492126,terrorism,20010911-2019,SkipGram,291
hussein_loyalist,0.33996671438217163,terrorism,20010911-2019,SkipGram,292
financial_dealing,0.3398103415966034,terrorism,20010911-2019,SkipGram,293
sept_hijacking,0.33971691131591797,terrorism,20010911-2019,SkipGram,294
threat_excerpt,0.3397008180618286,terrorism,20010911-2019,SkipGram,295
prime_minister_jose_mari,0.33957797288894653,terrorism,20010911-2019,SkipGram,296
remain_focused,0.3394539952278137,terrorism,20010911-2019,SkipGram,297
rogue_nation,0.3393825888633728,terrorism,20010911-2019,SkipGram,298
threat_north_korea,0.3392702639102936,terrorism,20010911-2019,SkipGram,299
osama_bin_laden_network,0.33923354744911194,terrorism,20010911-2019,SkipGram,300
visa_fraud,0.33913105726242065,terrorism,20010911-2019,SkipGram,301
anger_toward,0.33905890583992004,terrorism,20010911-2019,SkipGram,302
speak_length,0.3389537036418915,terrorism,20010911-2019,SkipGram,303
bbc_interview,0.3387065827846527,terrorism,20010911-2019,SkipGram,304
fundamental_shift,0.338675320148468,terrorism,20010911-2019,SkipGram,305
unprovoked,0.33860620856285095,terrorism,20010911-2019,SkipGram,306
wage_holy,0.3384675085544586,terrorism,20010911-2019,SkipGram,307
assess_threat,0.3382917642593384,terrorism,20010911-2019,SkipGram,308
hostile_regime,0.33827537298202515,terrorism,20010911-2019,SkipGram,309
president_bush,0.33821922540664673,terrorism,20010911-2019,SkipGram,310
anand_india,0.3381861746311188,terrorism,20010911-2019,SkipGram,311
structural_reform,0.33796805143356323,terrorism,20010911-2019,SkipGram,312
potential_abuse,0.3378933370113373,terrorism,20010911-2019,SkipGram,313
rule_unanimously,0.33783721923828125,terrorism,20010911-2019,SkipGram,314
counterterrorism_measure,0.33781278133392334,terrorism,20010911-2019,SkipGram,315
mumbai_blast,0.3372839391231537,terrorism,20010911-2019,SkipGram,316
middle_east_peace_initiative,0.33723440766334534,terrorism,20010911-2019,SkipGram,317
solution_crisis,0.3371572494506836,terrorism,20010911-2019,SkipGram,318
lawfully,0.337094783782959,terrorism,20010911-2019,SkipGram,319
part_ongoing,0.3370446264743805,terrorism,20010911-2019,SkipGram,320
legal_obstacle,0.3369452655315399,terrorism,20010911-2019,SkipGram,321
islamic_fundamentalism,0.33693981170654297,terrorism,20010911-2019,SkipGram,322
hastily_arrange,0.33679142594337463,terrorism,20010911-2019,SkipGram,323
slam_dunk,0.3366672694683075,terrorism,20010911-2019,SkipGram,324
demonstrate_willingness,0.33666718006134033,terrorism,20010911-2019,SkipGram,325
indonesia_world_populous,0.33662834763526917,terrorism,20010911-2019,SkipGram,326
delicate_balancing,0.3364197909832001,terrorism,20010911-2019,SkipGram,327
pursuit_nuclear_weapon,0.3363816738128662,terrorism,20010911-2019,SkipGram,328
offer_clue,0.33635544776916504,terrorism,20010911-2019,SkipGram,329
judicial_oversight,0.3363025486469269,terrorism,20010911-2019,SkipGram,330
bolster_argument,0.33623629808425903,terrorism,20010911-2019,SkipGram,331
law_enforce,0.33623364567756653,terrorism,20010911-2019,SkipGram,332
senior_administration,0.3362303376197815,terrorism,20010911-2019,SkipGram,333
staunch_ally,0.3362143337726593,terrorism,20010911-2019,SkipGram,334
rationale_war,0.3360031545162201,terrorism,20010911-2019,SkipGram,335
rogue_regime,0.33596062660217285,terrorism,20010911-2019,SkipGram,336
defendant_convict,0.33574509620666504,terrorism,20010911-2019,SkipGram,337
major_theme,0.3356544077396393,terrorism,20010911-2019,SkipGram,338
transnational,0.33559897541999817,terrorism,20010911-2019,SkipGram,339
cooperate,0.3355790078639984,terrorism,20010911-2019,SkipGram,340
directive_sign,0.3355623185634613,terrorism,20010911-2019,SkipGram,341
eric_jan,0.33553630113601685,terrorism,20010911-2019,SkipGram,342
focus,0.3355277478694916,terrorism,20010911-2019,SkipGram,343
froze_asset,0.3354819118976593,terrorism,20010911-2019,SkipGram,344
document_fraud,0.33536070585250854,terrorism,20010911-2019,SkipGram,345
create_climate,0.335191935300827,terrorism,20010911-2019,SkipGram,346
comprehensive_plan,0.33507511019706726,terrorism,20010911-2019,SkipGram,347
sharp_debate,0.33500897884368896,terrorism,20010911-2019,SkipGram,348
indictment_unseal,0.33483031392097473,terrorism,20010911-2019,SkipGram,349
shift_tone,0.33480334281921387,terrorism,20010911-2019,SkipGram,350
winnable,0.33460983633995056,terrorism,20010911-2019,SkipGram,351
correction_front_page_article,0.334477037191391,terrorism,20010911-2019,SkipGram,352
detain_indefinitely,0.33443477749824524,terrorism,20010911-2019,SkipGram,353
threat_pose,0.33432531356811523,terrorism,20010911-2019,SkipGram,354
alan_british,0.3343168795108795,terrorism,20010911-2019,SkipGram,355
fight_al_qaeda,0.334315687417984,terrorism,20010911-2019,SkipGram,356
internment_japanese_americans,0.33430230617523193,terrorism,20010911-2019,SkipGram,357
worth_cost,0.3342560827732086,terrorism,20010911-2019,SkipGram,358
ignore_fact,0.33421602845191956,terrorism,20010911-2019,SkipGram,359
islamophobia,0.33420610427856445,terrorism,20010911-2019,SkipGram,360
improve_cooperation,0.33387327194213867,terrorism,20010911-2019,SkipGram,361
muslim_public_affairs,0.3338196277618408,terrorism,20010911-2019,SkipGram,362
important_tool,0.3337944447994232,terrorism,20010911-2019,SkipGram,363
proliferation_security,0.33373185992240906,terrorism,20010911-2019,SkipGram,364
access_counsel,0.333627849817276,terrorism,20010911-2019,SkipGram,365
increase_vigilance,0.333601713180542,terrorism,20010911-2019,SkipGram,366
primary_focus,0.3334334194660187,terrorism,20010911-2019,SkipGram,367
maximum_effort,0.3334116041660309,terrorism,20010911-2019,SkipGram,368
antiterrorist_campaign,0.33329808712005615,terrorism,20010911-2019,SkipGram,369
barely_mention,0.33318307995796204,terrorism,20010911-2019,SkipGram,370
unconventional,0.3330479860305786,terrorism,20010911-2019,SkipGram,371
law_usa,0.33294904232025146,terrorism,20010911-2019,SkipGram,372
fully_investigate,0.33293429017066956,terrorism,20010911-2019,SkipGram,373
regional_conflict,0.3327487111091614,terrorism,20010911-2019,SkipGram,374
set_precedent,0.33269909024238586,terrorism,20010911-2019,SkipGram,375
patriot_act_pass,0.3326806426048279,terrorism,20010911-2019,SkipGram,376
deeply_involved,0.33260300755500793,terrorism,20010911-2019,SkipGram,377
executive_summary,0.3326013386249542,terrorism,20010911-2019,SkipGram,378
implicitly,0.3325776755809784,terrorism,20010911-2019,SkipGram,379
strategy_tactic,0.33254343271255493,terrorism,20010911-2019,SkipGram,380
trojan_horse,0.33253929018974304,terrorism,20010911-2019,SkipGram,381
brian_br_international_herald,0.33250609040260315,terrorism,20010911-2019,SkipGram,382
doctrine_pre_emption,0.33248990774154663,terrorism,20010911-2019,SkipGram,383
base_faulty,0.3324819803237915,terrorism,20010911-2019,SkipGram,384
american_concerns,0.3324050009250641,terrorism,20010911-2019,SkipGram,385
financial_institutions,0.33227837085723877,terrorism,20010911-2019,SkipGram,386
firm_resolve,0.33223190903663635,terrorism,20010911-2019,SkipGram,387
violate_principle,0.33200567960739136,terrorism,20010911-2019,SkipGram,388
foreign_soil,0.3319597840309143,terrorism,20010911-2019,SkipGram,389
credit_card_fraud,0.3317910134792328,terrorism,20010911-2019,SkipGram,390
prime_minister_warn,0.331712543964386,terrorism,20010911-2019,SkipGram,391
pattern_suspicious,0.33169662952423096,terrorism,20010911-2019,SkipGram,392
logically,0.3316533863544464,terrorism,20010911-2019,SkipGram,393
crimes,0.3314974009990692,terrorism,20010911-2019,SkipGram,394
foreign_policy_credential,0.3314686715602875,terrorism,20010911-2019,SkipGram,395
urgent_problem,0.3312363922595978,terrorism,20010911-2019,SkipGram,396
casablanca_morocco,0.3312132656574249,terrorism,20010911-2019,SkipGram,397
act_behalf,0.3309849798679352,terrorism,20010911-2019,SkipGram,398
evil,0.3309764266014099,terrorism,20010911-2019,SkipGram,399
undermine_credibility,0.3309522569179535,terrorism,20010911-2019,SkipGram,400
commission_preparation_instigation,0.33089199662208557,terrorism,20010911-2019,SkipGram,401
unintended_consequence,0.330693781375885,terrorism,20010911-2019,SkipGram,402
remind_voter,0.3304746448993683,terrorism,20010911-2019,SkipGram,403
fail_grasp,0.33046409487724304,terrorism,20010911-2019,SkipGram,404
meeting_brussels,0.3304319679737091,terrorism,20010911-2019,SkipGram,405
antiterrorism_law,0.3303316831588745,terrorism,20010911-2019,SkipGram,406
bioterrorism,0.3303118348121643,terrorism,20010911-2019,SkipGram,407
bosnian_serb,0.33028215169906616,terrorism,20010911-2019,SkipGram,408
financial_logistical,0.33021849393844604,terrorism,20010911-2019,SkipGram,409
imminent_threat,0.33019211888313293,terrorism,20010911-2019,SkipGram,410
fierce_debate,0.330154150724411,terrorism,20010911-2019,SkipGram,411
chemical_biological_radiological_nuclear,0.33012914657592773,terrorism,20010911-2019,SkipGram,412
eve_anniversary,0.33006834983825684,terrorism,20010911-2019,SkipGram,413
conduct_thorough,0.3300034701824188,terrorism,20010911-2019,SkipGram,414
conspiracy_charge,0.3299373686313629,terrorism,20010911-2019,SkipGram,415
senior_counterterrorism,0.3298906683921814,terrorism,20010911-2019,SkipGram,416
attribute_al_qaeda,0.3295780420303345,terrorism,20010911-2019,SkipGram,417
abundantly_clear,0.3295494616031647,terrorism,20010911-2019,SkipGram,418
excellent_cooperation,0.3295014798641205,terrorism,20010911-2019,SkipGram,419
director_louis,0.32942599058151245,terrorism,20010911-2019,SkipGram,420
web_reader,0.32941892743110657,terrorism,20010911-2019,SkipGram,421
senator_hatch_republican_utah,0.32925280928611755,terrorism,20010911-2019,SkipGram,422
tool_disposal,0.3291870951652527,terrorism,20010911-2019,SkipGram,423
critic,0.3290022611618042,terrorism,20010911-2019,SkipGram,424
muslim_charity,0.3288925886154175,terrorism,20010911-2019,SkipGram,425
coordinator_counterterrorism,0.3287448585033417,terrorism,20010911-2019,SkipGram,426
congressional_panel,0.3287385106086731,terrorism,20010911-2019,SkipGram,427
spread_nuclear_weapon,0.3286850154399872,terrorism,20010911-2019,SkipGram,428
valuable_intelligence,0.3286629319190979,terrorism,20010911-2019,SkipGram,429
chill_effect,0.32862013578414917,terrorism,20010911-2019,SkipGram,430
substantive_issue,0.3286023736000061,terrorism,20010911-2019,SkipGram,431
detainee_namo_bay_cuba,0.3285125494003296,terrorism,20010911-2019,SkipGram,432
expeditiously,0.3284601867198944,terrorism,20010911-2019,SkipGram,433
eric_nov,0.32845816016197205,terrorism,20010911-2019,SkipGram,434
efficacy,0.3284183442592621,terrorism,20010911-2019,SkipGram,435
promotion_democracy,0.3283982276916504,terrorism,20010911-2019,SkipGram,436
radical_muslim_cleric,0.32830336689949036,terrorism,20010911-2019,SkipGram,437
deny_sanctuary,0.3282697796821594,terrorism,20010911-2019,SkipGram,438
global_aids,0.32822051644325256,terrorism,20010911-2019,SkipGram,439
intensify_effort,0.32814255356788635,terrorism,20010911-2019,SkipGram,440
realpolitik,0.3278023600578308,terrorism,20010911-2019,SkipGram,441
affirmative,0.32776424288749695,terrorism,20010911-2019,SkipGram,442
detain_immigrant,0.32775917649269104,terrorism,20010911-2019,SkipGram,443
shift_attention,0.3275877833366394,terrorism,20010911-2019,SkipGram,444
broad,0.3274381458759308,terrorism,20010911-2019,SkipGram,445
collection_analysis,0.3274007737636566,terrorism,20010911-2019,SkipGram,446
biological_threat,0.32738545536994934,terrorism,20010911-2019,SkipGram,447
offer_apology,0.3271973729133606,terrorism,20010911-2019,SkipGram,448
spread_nuclear,0.32711294293403625,terrorism,20010911-2019,SkipGram,449
crux,0.327028751373291,terrorism,20010911-2019,SkipGram,450
negative_consequence,0.32688623666763306,terrorism,20010911-2019,SkipGram,451
military,0.3267553746700287,terrorism,20010911-2019,SkipGram,452
act_pre_emptively,0.3267431855201721,terrorism,20010911-2019,SkipGram,453
eavesdrop_program,0.32646024227142334,terrorism,20010911-2019,SkipGram,454
ability_detect,0.326399564743042,terrorism,20010911-2019,SkipGram,455
prague_meeting,0.32632431387901306,terrorism,20010911-2019,SkipGram,456
squelch,0.3262299597263336,terrorism,20010911-2019,SkipGram,457
attorney_general_john,0.3261650502681732,terrorism,20010911-2019,SkipGram,458
pursue_strategy,0.3261548578739166,terrorism,20010911-2019,SkipGram,459
lack_progress,0.3261452913284302,terrorism,20010911-2019,SkipGram,460
unsubstantiated,0.3261234164237976,terrorism,20010911-2019,SkipGram,461
part_broad,0.32604217529296875,terrorism,20010911-2019,SkipGram,462
islamic_militant,0.32590991258621216,terrorism,20010911-2019,SkipGram,463
robert_mueller,0.32575908303260803,terrorism,20010911-2019,SkipGram,464
stay_offense,0.3257029354572296,terrorism,20010911-2019,SkipGram,465
court_find_guilty,0.3256784677505493,terrorism,20010911-2019,SkipGram,466
muhammad_salah,0.3256290853023529,terrorism,20010911-2019,SkipGram,467
conspiracy_commit,0.3256155848503113,terrorism,20010911-2019,SkipGram,468
underlying,0.3255977928638458,terrorism,20010911-2019,SkipGram,469
middle_east,0.3253779113292694,terrorism,20010911-2019,SkipGram,470
hiv_aids,0.32522380352020264,terrorism,20010911-2019,SkipGram,471
major_expansion,0.32514262199401855,terrorism,20010911-2019,SkipGram,472
retroactively,0.32509803771972656,terrorism,20010911-2019,SkipGram,473
latin_americans,0.3249551057815552,terrorism,20010911-2019,SkipGram,474
practice_rendition,0.32494568824768066,terrorism,20010911-2019,SkipGram,475
al_qaeda_taliban,0.3249396085739136,terrorism,20010911-2019,SkipGram,476
aggressiveness,0.32490918040275574,terrorism,20010911-2019,SkipGram,477
plotting,0.32479289174079895,terrorism,20010911-2019,SkipGram,478
social_security_surplus,0.32471904158592224,terrorism,20010911-2019,SkipGram,479
muslims_worldwide,0.32469648122787476,terrorism,20010911-2019,SkipGram,480
increasingly_bitter,0.3246814012527466,terrorism,20010911-2019,SkipGram,481
linguistic,0.3245870769023895,terrorism,20010911-2019,SkipGram,482
broad_strategic,0.324546217918396,terrorism,20010911-2019,SkipGram,483
serious_crime,0.32439887523651123,terrorism,20010911-2019,SkipGram,484
reconsideration,0.3243284523487091,terrorism,20010911-2019,SkipGram,485
anthrax_hoax,0.324288010597229,terrorism,20010911-2019,SkipGram,486
qaeda_sympathizer,0.32420891523361206,terrorism,20010911-2019,SkipGram,487
islam_muslims,0.32418739795684814,terrorism,20010911-2019,SkipGram,488
culpable,0.32417818903923035,terrorism,20010911-2019,SkipGram,489
jihadist_movement,0.3241414725780487,terrorism,20010911-2019,SkipGram,490
preserve_freedom,0.324115127325058,terrorism,20010911-2019,SkipGram,491
genocide_darfur,0.32405298948287964,terrorism,20010911-2019,SkipGram,492
internal_conflict,0.3239883780479431,terrorism,20010911-2019,SkipGram,493
fierce_critic,0.3239569067955017,terrorism,20010911-2019,SkipGram,494
inside_outside,0.3238253891468048,terrorism,20010911-2019,SkipGram,495
subversion,0.3237695097923279,terrorism,20010911-2019,SkipGram,496
gain_confidence,0.32376009225845337,terrorism,20010911-2019,SkipGram,497
removal_saddam_hussein,0.3236784338951111,terrorism,20010911-2019,SkipGram,498
cite_example,0.32360178232192993,terrorism,20010911-2019,SkipGram,499
percent_view_westerner,0.32358598709106445,terrorism,20010911-2019,SkipGram,500
terrorist_organization,0.6206167340278625,terrorist,20010911-2019,CBOW,1
terror,0.6198087930679321,terrorist,20010911-2019,CBOW,2
terror_network,0.6174492835998535,terrorist,20010911-2019,CBOW,3
terrorist_activity,0.6016725301742554,terrorist,20010911-2019,CBOW,4
terrorist_network,0.5974061489105225,terrorist,20010911-2019,CBOW,5
terrorist_cell,0.5925664901733398,terrorist,20010911-2019,CBOW,6
homegrown_terrorist,0.5468283295631409,terrorist,20010911-2019,CBOW,7
islamic_extremist,0.5388147830963135,terrorist,20010911-2019,CBOW,8
bin_laden_network,0.5101410746574402,terrorist,20010911-2019,CBOW,9
al_qaeda_network,0.5082456469535828,terrorist,20010911-2019,CBOW,10
international_terrorism,0.5001278519630432,terrorist,20010911-2019,CBOW,11
extremist,0.4959477484226227,terrorist,20010911-2019,CBOW,12
islamic_militant,0.4936589300632477,terrorist,20010911-2019,CBOW,13
extremist_group,0.4906197488307953,terrorist,20010911-2019,CBOW,14
al_qaeda,0.4793877601623535,terrorist,20010911-2019,CBOW,15
terrorism,0.47935304045677185,terrorist,20010911-2019,CBOW,16
al_qaeda_cell,0.47256413102149963,terrorist,20010911-2019,CBOW,17
terror_attack,0.4694594144821167,terrorist,20010911-2019,CBOW,18
perpetrator,0.4623550772666931,terrorist,20010911-2019,CBOW,19
act_terrorism,0.46111437678337097,terrorist,20010911-2019,CBOW,20
islamic_radical,0.46086829900741577,terrorist,20010911-2019,CBOW,21
al_qaeda_operative,0.45958536863327026,terrorist,20010911-2019,CBOW,22
qaeda_member,0.4579666256904602,terrorist,20010911-2019,CBOW,23
osama_bin_laden_network,0.4538308084011078,terrorist,20010911-2019,CBOW,24
enemy,0.45334768295288086,terrorist,20010911-2019,CBOW,25
al_qaeda_taliban,0.45311999320983887,terrorist,20010911-2019,CBOW,26
muslim_extremist,0.44977790117263794,terrorist,20010911-2019,CBOW,27
global_terrorism,0.44833624362945557,terrorist,20010911-2019,CBOW,28
terror_cell,0.4474835693836212,terrorist,20010911-2019,CBOW,29
militant_group,0.44492673873901367,terrorist,20010911-2019,CBOW,30
sept_hijacking,0.44335120916366577,terrorist,20010911-2019,CBOW,31
muslim_militant,0.4414226710796356,terrorist,20010911-2019,CBOW,32
qaeda,0.43940892815589905,terrorist,20010911-2019,CBOW,33
militant,0.4374454617500305,terrorist,20010911-2019,CBOW,34
operative_al_qaeda,0.43255844712257385,terrorist,20010911-2019,CBOW,35
qaeda_operative,0.43091967701911926,terrorist,20010911-2019,CBOW,36
bin_laden_al_qaeda,0.4276077449321747,terrorist,20010911-2019,CBOW,37
member_al_qaeda,0.42686033248901367,terrorist,20010911-2019,CBOW,38
qaeda_network,0.42348143458366394,terrorist,20010911-2019,CBOW,39
hijacking,0.42129209637641907,terrorist,20010911-2019,CBOW,40
qaeda_cell,0.42019036412239075,terrorist,20010911-2019,CBOW,41
leader_al_qaeda,0.4188145101070404,terrorist,20010911-2019,CBOW,42
terrorists,0.41583573818206787,terrorist,20010911-2019,CBOW,43
senior_qaeda_operative,0.41481736302375793,terrorist,20010911-2019,CBOW,44
harbor_terrorist,0.40612727403640747,terrorist,20010911-2019,CBOW,45
outlaw_regime,0.4021449089050293,terrorist,20010911-2019,CBOW,46
bin_laden_group,0.40176287293434143,terrorist,20010911-2019,CBOW,47
finance_al_qaeda,0.39640891551971436,terrorist,20010911-2019,CBOW,48
conspirator,0.39544734358787537,terrorist,20010911-2019,CBOW,49
bring_justice,0.39352312684059143,terrorist,20010911-2019,CBOW,50
criminal_act,0.39203086495399475,terrorist,20010911-2019,CBOW,51
pre_emptively,0.3902052938938141,terrorist,20010911-2019,CBOW,52
osama_bin_laden,0.38992589712142944,terrorist,20010911-2019,CBOW,53
actively,0.38929879665374756,terrorist,20010911-2019,CBOW,54
solid_evidence,0.3861626088619232,terrorist,20010911-2019,CBOW,55
plotter,0.38546448945999146,terrorist,20010911-2019,CBOW,56
terror_suspect,0.3848482668399811,terrorist,20010911-2019,CBOW,57
terrorist_attack,0.38432517647743225,terrorist,20010911-2019,CBOW,58
al_qaeda_affiliate,0.3829590678215027,terrorist,20010911-2019,CBOW,59
devastating_attack,0.3825630843639374,terrorist,20010911-2019,CBOW,60
link_al_qaeda,0.38114747405052185,terrorist,20010911-2019,CBOW,61
sept_plot,0.3800757825374603,terrorist,20010911-2019,CBOW,62
bin_laden_organization,0.3800494372844696,terrorist,20010911-2019,CBOW,63
los_angeles_airport,0.3787943720817566,terrorist,20010911-2019,CBOW,64
millennium_plot,0.3787328004837036,terrorist,20010911-2019,CBOW,65
possibility_al_qaeda,0.3780388832092285,terrorist,20010911-2019,CBOW,66
leadership_al_qaeda,0.3779326379299164,terrorist,20010911-2019,CBOW,67
jihadist,0.377642959356308,terrorist,20010911-2019,CBOW,68
plotters,0.3767429292201996,terrorist,20010911-2019,CBOW,69
belong_al_qaeda,0.37664103507995605,terrorist,20010911-2019,CBOW,70
follower_osama_bin_laden,0.37595468759536743,terrorist,20010911-2019,CBOW,71
attacker,0.3735809326171875,terrorist,20010911-2019,CBOW,72
mass_murder,0.37311118841171265,terrorist,20010911-2019,CBOW,73
mass_destruction,0.37252506613731384,terrorist,20010911-2019,CBOW,74
east_africa,0.37218430638313293,terrorist,20010911-2019,CBOW,75
foil_terrorist,0.3720672130584717,terrorist,20010911-2019,CBOW,76
ferret,0.3717816174030304,terrorist,20010911-2019,CBOW,77
terror_plot,0.3714018762111664,terrorist,20010911-2019,CBOW,78
abdullah_mohammed,0.3708808124065399,terrorist,20010911-2019,CBOW,79
suicide_attack,0.3694344162940979,terrorist,20010911-2019,CBOW,80
embassy_bombing_kenya_tanzania,0.36935707926750183,terrorist,20010911-2019,CBOW,81
hijacking_plot,0.367455393075943,terrorist,20010911-2019,CBOW,82
apprehend,0.3672868311405182,terrorist,20010911-2019,CBOW,83
kurdish_rebel,0.36707180738449097,terrorist,20010911-2019,CBOW,84
sleeper_cell,0.3669675588607788,terrorist,20010911-2019,CBOW,85
defeat_enemy,0.36597371101379395,terrorist,20010911-2019,CBOW,86
bin_laden_follower,0.3658771216869354,terrorist,20010911-2019,CBOW,87
act_pre_emptively,0.36465126276016235,terrorist,20010911-2019,CBOW,88
violent_extremist,0.36426690220832825,terrorist,20010911-2019,CBOW,89
financial_network,0.3641466200351715,terrorist,20010911-2019,CBOW,90
attack,0.3629211187362671,terrorist,20010911-2019,CBOW,91
link_al,0.36222317814826965,terrorist,20010911-2019,CBOW,92
tie_al_qaeda,0.3616146743297577,terrorist,20010911-2019,CBOW,93
senior_qaeda,0.36114755272865295,terrorist,20010911-2019,CBOW,94
sympathizer,0.360515832901001,terrorist,20010911-2019,CBOW,95
qaeda_leader,0.35973691940307617,terrorist,20010911-2019,CBOW,96
mesopotamia,0.359369158744812,terrorist,20010911-2019,CBOW,97
antiterrorism,0.3582226037979126,terrorist,20010911-2019,CBOW,98
gather_intelligence,0.35750463604927063,terrorist,20010911-2019,CBOW,99
link_osama_bin_laden,0.35669949650764465,terrorist,20010911-2019,CBOW,100
iraq_al_qaeda,0.35515785217285156,terrorist,20010911-2019,CBOW,101
imminent_threat,0.35512977838516235,terrorist,20010911-2019,CBOW,102
illegal_activity,0.3541945815086365,terrorist,20010911-2019,CBOW,103
radical_islam,0.35387006402015686,terrorist,20010911-2019,CBOW,104
plotting,0.3531879186630249,terrorist,20010911-2019,CBOW,105
violent_act,0.3528969883918762,terrorist,20010911-2019,CBOW,106
mumbai_attack,0.3521876335144043,terrorist,20010911-2019,CBOW,107
pose_imminent,0.3517456650733948,terrorist,20010911-2019,CBOW,108
defeat_al_qaeda,0.3514639437198639,terrorist,20010911-2019,CBOW,109
attend_qaeda,0.3513118028640747,terrorist,20010911-2019,CBOW,110
suicide_hijacker,0.35050976276397705,terrorist,20010911-2019,CBOW,111
act_violence,0.35002800822257996,terrorist,20010911-2019,CBOW,112
associate_al_qaeda,0.34965401887893677,terrorist,20010911-2019,CBOW,113
bin_laden_associate,0.34956789016723633,terrorist,20010911-2019,CBOW,114
foreign_fighter,0.34880733489990234,terrorist,20010911-2019,CBOW,115
inside_somalia,0.34867051243782043,terrorist,20010911-2019,CBOW,116
islamist_militant,0.3483676612377167,terrorist,20010911-2019,CBOW,117
bin_laden,0.3481942117214203,terrorist,20010911-2019,CBOW,118
train_qaeda,0.34812405705451965,terrorist,20010911-2019,CBOW,119
unsavory,0.34785616397857666,terrorist,20010911-2019,CBOW,120
planning_attack,0.34784364700317383,terrorist,20010911-2019,CBOW,121
taliban_al_qaeda,0.34649965167045593,terrorist,20010911-2019,CBOW,122
bali_bombing,0.3459603488445282,terrorist,20010911-2019,CBOW,123
kenya_tanzania,0.34595412015914917,terrorist,20010911-2019,CBOW,124
attack_american_embassies,0.34587395191192627,terrorist,20010911-2019,CBOW,125
group_al_qaeda,0.34556037187576294,terrorist,20010911-2019,CBOW,126
islamic_extremism,0.3454066216945648,terrorist,20010911-2019,CBOW,127
global_jihad,0.3439611792564392,terrorist,20010911-2019,CBOW,128
combatant,0.34291505813598633,terrorist,20010911-2019,CBOW,129
al_qaeda_bin_laden,0.34254196286201477,terrorist,20010911-2019,CBOW,130
qaeda_suspect,0.3424309492111206,terrorist,20010911-2019,CBOW,131
dirty_bomb,0.34125062823295593,terrorist,20010911-2019,CBOW,132
plot_al_qaeda,0.34084880352020264,terrorist,20010911-2019,CBOW,133
bombing_plot,0.3407902121543884,terrorist,20010911-2019,CBOW,134
pose_immediate,0.3399094343185425,terrorist,20010911-2019,CBOW,135
cyber,0.33904361724853516,terrorist,20010911-2019,CBOW,136
cole_bombing,0.3390079438686371,terrorist,20010911-2019,CBOW,137
suggest_al_qaeda,0.33889561891555786,terrorist,20010911-2019,CBOW,138
connect_al_qaeda,0.33826884627342224,terrorist,20010911-2019,CBOW,139
falsify_document,0.33799800276756287,terrorist,20010911-2019,CBOW,140
cole_yemen,0.3375525176525116,terrorist,20010911-2019,CBOW,141
attack_saudi_arabia,0.33700406551361084,terrorist,20010911-2019,CBOW,142
hijacker,0.3365654945373535,terrorist,20010911-2019,CBOW,143
kurdish_militant,0.335875928401947,terrorist,20010911-2019,CBOW,144
kenyan_authority,0.334543377161026,terrorist,20010911-2019,CBOW,145
al_qaeda_fighter,0.3342452645301819,terrorist,20010911-2019,CBOW,146
share_intelligence,0.3340694308280945,terrorist,20010911-2019,CBOW,147
nonstate_actor,0.3338559567928314,terrorist,20010911-2019,CBOW,148
mastermind,0.33291712403297424,terrorist,20010911-2019,CBOW,149
religious_extremist,0.3328360319137573,terrorist,20010911-2019,CBOW,150
cole,0.3315853178501129,terrorist,20010911-2019,CBOW,151
bomb_maker,0.3310929536819458,terrorist,20010911-2019,CBOW,152
prime_suspect,0.3305097222328186,terrorist,20010911-2019,CBOW,153
operative,0.33031174540519714,terrorist,20010911-2019,CBOW,154
holy_war,0.33030593395233154,terrorist,20010911-2019,CBOW,155
cruise_missile_attack,0.32991090416908264,terrorist,20010911-2019,CBOW,156
terrorism_suspect,0.3293114900588989,terrorist,20010911-2019,CBOW,157
disrupt,0.32930824160575867,terrorist,20010911-2019,CBOW,158
sunni_militant,0.32916828989982605,terrorist,20010911-2019,CBOW,159
recruit_training,0.3289477527141571,terrorist,20010911-2019,CBOW,160
aid_abet,0.32872188091278076,terrorist,20010911-2019,CBOW,161
insurgent,0.32867884635925293,terrorist,20010911-2019,CBOW,162
stay_offensive,0.32821205258369446,terrorist,20010911-2019,CBOW,163
militant_islamic,0.32803240418434143,terrorist,20010911-2019,CBOW,164
islamic_fundamentalist,0.3277971148490906,terrorist,20010911-2019,CBOW,165
intelligence_source,0.32748186588287354,terrorist,20010911-2019,CBOW,166
credible_information,0.3274141550064087,terrorist,20010911-2019,CBOW,167
radical_islamist,0.3268224000930786,terrorist,20010911-2019,CBOW,168
cia_fbi,0.32667383551597595,terrorist,20010911-2019,CBOW,169
train_al_qaeda,0.3266642987728119,terrorist,20010911-2019,CBOW,170
allege_plot,0.32661253213882446,terrorist,20010911-2019,CBOW,171
attack_cole,0.3263695538043976,terrorist,20010911-2019,CBOW,172
indication_al_qaeda,0.32612910866737366,terrorist,20010911-2019,CBOW,173
senior_counterterrorism,0.3261104226112366,terrorist,20010911-2019,CBOW,174
qaeda_taliban,0.3245301842689514,terrorist,20010911-2019,CBOW,175
stockpile_weapon,0.323971152305603,terrorist,20010911-2019,CBOW,176
obtain_information,0.3236982822418213,terrorist,20010911-2019,CBOW,177
bomb_making,0.3235413134098053,terrorist,20010911-2019,CBOW,178
islamist_extremist,0.3233433961868286,terrorist,20010911-2019,CBOW,179
kurdish_guerrilla,0.32277604937553406,terrorist,20010911-2019,CBOW,180
fighter,0.3227388560771942,terrorist,20010911-2019,CBOW,181
fugitive,0.32220542430877686,terrorist,20010911-2019,CBOW,182
guerrilla,0.3221944272518158,terrorist,20010911-2019,CBOW,183
millennium_celebration,0.32219260931015015,terrorist,20010911-2019,CBOW,184
suicide_mission,0.3220458924770355,terrorist,20010911-2019,CBOW,185
link_bin_laden,0.32190200686454773,terrorist,20010911-2019,CBOW,186
cell_al_qaeda,0.3213844895362854,terrorist,20010911-2019,CBOW,187
bin_laden_operative,0.32080578804016113,terrorist,20010911-2019,CBOW,188
radical,0.3203418254852295,terrorist,20010911-2019,CBOW,189
war_terror,0.3191695511341095,terrorist,20010911-2019,CBOW,190
innocent_life,0.31916049122810364,terrorist,20010911-2019,CBOW,191
death_squad,0.3187246322631836,terrorist,20010911-2019,CBOW,192
possess_weapon,0.3175506591796875,terrorist,20010911-2019,CBOW,193
affiliate_al_qaeda,0.3175390660762787,terrorist,20010911-2019,CBOW,194
chemical_biological_nuclear_weapon,0.3172975480556488,terrorist,20010911-2019,CBOW,195
operational,0.31726133823394775,terrorist,20010911-2019,CBOW,196
hostile_act,0.3171927034854889,terrorist,20010911-2019,CBOW,197
arm_smuggling,0.3171924352645874,terrorist,20010911-2019,CBOW,198
network_al_qaeda,0.31510478258132935,terrorist,20010911-2019,CBOW,199
jihadi,0.31472069025039673,terrorist,20010911-2019,CBOW,200
spanish_investigator,0.3144366443157196,terrorist,20010911-2019,CBOW,201
suspect_al_qaeda,0.31435590982437134,terrorist,20010911-2019,CBOW,202
determined,0.3143167495727539,terrorist,20010911-2019,CBOW,203
osama_bin,0.3141325116157532,terrorist,20010911-2019,CBOW,204
receive_training,0.314049631357193,terrorist,20010911-2019,CBOW,205
protect_innocent,0.31388765573501587,terrorist,20010911-2019,CBOW,206
madrid_train_bombing,0.3137150704860687,terrorist,20010911-2019,CBOW,207
moro_islamic_liberation_front,0.3136707842350006,terrorist,20010911-2019,CBOW,208
madrid_bombing,0.3136139512062073,terrorist,20010911-2019,CBOW,209
indicate_al_qaeda,0.31280532479286194,terrorist,20010911-2019,CBOW,210
threat_seriously,0.3126055598258972,terrorist,20010911-2019,CBOW,211
enemy_islam,0.3124944567680359,terrorist,20010911-2019,CBOW,212
american_soil,0.31247925758361816,terrorist,20010911-2019,CBOW,213
intensify_effort,0.3123122751712799,terrorist,20010911-2019,CBOW,214
concrete_evidence,0.3122827112674713,terrorist,20010911-2019,CBOW,215
proactively,0.3118465542793274,terrorist,20010911-2019,CBOW,216
associate_bin_laden,0.31181296706199646,terrorist,20010911-2019,CBOW,217
train_bombing_madrid,0.31140124797821045,terrorist,20010911-2019,CBOW,218
financial_logistical,0.310718834400177,terrorist,20010911-2019,CBOW,219
sunni_insurgent,0.3105565905570984,terrorist,20010911-2019,CBOW,220
dissuade,0.31015682220458984,terrorist,20010911-2019,CBOW,221
criminal,0.3101448714733124,terrorist,20010911-2019,CBOW,222
counterterrorism,0.31013521552085876,terrorist,20010911-2019,CBOW,223
friend_ally,0.30985715985298157,terrorist,20010911-2019,CBOW,224
direct_involvement,0.30940940976142883,terrorist,20010911-2019,CBOW,225
deadly_weapon,0.3093244135379791,terrorist,20010911-2019,CBOW,226
recruit_suicide_bomber,0.30882105231285095,terrorist,20010911-2019,CBOW,227
taliban_afghanistan,0.30880263447761536,terrorist,20010911-2019,CBOW,228
wherever_find,0.3086162209510803,terrorist,20010911-2019,CBOW,229
separatist_group,0.3083701431751251,terrorist,20010911-2019,CBOW,230
bin_laden_afghanistan,0.3075296878814697,terrorist,20010911-2019,CBOW,231
richard_reid,0.3074822425842285,terrorist,20010911-2019,CBOW,232
blackmail,0.3073470890522003,terrorist,20010911-2019,CBOW,233
bomb_plot,0.3059327006340027,terrorist,20010911-2019,CBOW,234
senior_al_qaeda,0.3055664896965027,terrorist,20010911-2019,CBOW,235
violent_activity,0.3052399754524231,terrorist,20010911-2019,CBOW,236
kidnapping_killing,0.3051711618900299,terrorist,20010911-2019,CBOW,237
deadly_bombing,0.30505138635635376,terrorist,20010911-2019,CBOW,238
qaeda_sympathizer,0.305046021938324,terrorist,20010911-2019,CBOW,239
innocent,0.30455049872398376,terrorist,20010911-2019,CBOW,240
convince_jury,0.30415263772010803,terrorist,20010911-2019,CBOW,241
sunni_extremist,0.3039965331554413,terrorist,20010911-2019,CBOW,242
senior_law_enforcement,0.30388787388801575,terrorist,20010911-2019,CBOW,243
psychological_warfare,0.30382785201072693,terrorist,20010911-2019,CBOW,244
moroccan_islamic,0.3038276731967926,terrorist,20010911-2019,CBOW,245
killer,0.3036859333515167,terrorist,20010911-2019,CBOW,246
american_interests,0.3034546375274658,terrorist,20010911-2019,CBOW,247
bali_attack,0.30344292521476746,terrorist,20010911-2019,CBOW,248
purport,0.3031066358089447,terrorist,20010911-2019,CBOW,249
co_conspirator,0.30304059386253357,terrorist,20010911-2019,CBOW,250
violent_jihad,0.3024716377258301,terrorist,20010911-2019,CBOW,251
innocent_civilian,0.30228549242019653,terrorist,20010911-2019,CBOW,252
linkage,0.3017267882823944,terrorist,20010911-2019,CBOW,253
provide_logistical,0.3014233112335205,terrorist,20010911-2019,CBOW,254
sponsor_terror,0.3013916611671448,terrorist,20010911-2019,CBOW,255
pakistani_militant,0.30115067958831787,terrorist,20010911-2019,CBOW,256
guerrilla_fighter,0.30096104741096497,terrorist,20010911-2019,CBOW,257
al_qaeda_osama_bin,0.3008766770362854,terrorist,20010911-2019,CBOW,258
american_law_enforcement,0.30045750737190247,terrorist,20010911-2019,CBOW,259
jihadist_group,0.29992344975471497,terrorist,20010911-2019,CBOW,260
collect_intelligence,0.2995963990688324,terrorist,20010911-2019,CBOW,261
guerrillas,0.2994271218776703,terrorist,20010911-2019,CBOW,262
weapon_explosive,0.29921257495880127,terrorist,20010911-2019,CBOW,263
laden,0.29911354184150696,terrorist,20010911-2019,CBOW,264
sponsor_terrorism,0.2986891567707062,terrorist,20010911-2019,CBOW,265
aim_disrupt,0.298549085855484,terrorist,20010911-2019,CBOW,266
kidnapping_torture,0.29818493127822876,terrorist,20010911-2019,CBOW,267
saudi_exile,0.2980138063430786,terrorist,20010911-2019,CBOW,268
planning_stage,0.2976894676685333,terrorist,20010911-2019,CBOW,269
connection_al_qaeda,0.29763081669807434,terrorist,20010911-2019,CBOW,270
overseas,0.2975594103336334,terrorist,20010911-2019,CBOW,271
capture_al_qaeda,0.29716989398002625,terrorist,20010911-2019,CBOW,272
anti_terror,0.29697683453559875,terrorist,20010911-2019,CBOW,273
lawfully,0.2963486313819885,terrorist,20010911-2019,CBOW,274
radical_islamic,0.2960255742073059,terrorist,20010911-2019,CBOW,275
complicity,0.29590919613838196,terrorist,20010911-2019,CBOW,276
specific_credible,0.29575690627098083,terrorist,20010911-2019,CBOW,277
sabotage,0.29498523473739624,terrorist,20010911-2019,CBOW,278
heretic,0.29495158791542053,terrorist,20010911-2019,CBOW,279
track_bin_laden,0.29489898681640625,terrorist,20010911-2019,CBOW,280
ringleader,0.29472583532333374,terrorist,20010911-2019,CBOW,281
countryman,0.2939029633998871,terrorist,20010911-2019,CBOW,282
sept_attack,0.2938573360443115,terrorist,20010911-2019,CBOW,283
allege_conspiracy,0.2937560975551605,terrorist,20010911-2019,CBOW,284
eliminate_al_qaeda,0.29334595799446106,terrorist,20010911-2019,CBOW,285
murder_innocent,0.2928919494152069,terrorist,20010911-2019,CBOW,286
neighboring_afghanistan,0.29274415969848633,terrorist,20010911-2019,CBOW,287
suicide,0.2926730215549469,terrorist,20010911-2019,CBOW,288
abet,0.29254862666130066,terrorist,20010911-2019,CBOW,289
attribute_al_qaeda,0.29240551590919495,terrorist,20010911-2019,CBOW,290
qaeda_taliban_fighter,0.2923099398612976,terrorist,20010911-2019,CBOW,291
commit_crime,0.29223617911338806,terrorist,20010911-2019,CBOW,292
arm_explosive,0.2920699715614319,terrorist,20010911-2019,CBOW,293
australian_embassy,0.2920484244823456,terrorist,20010911-2019,CBOW,294
killers,0.2919754385948181,terrorist,20010911-2019,CBOW,295
series_bombing,0.29181838035583496,terrorist,20010911-2019,CBOW,296
al_sunna,0.29128772020339966,terrorist,20010911-2019,CBOW,297
suicide_pilot,0.2912774085998535,terrorist,20010911-2019,CBOW,298
intent,0.29112136363983154,terrorist,20010911-2019,CBOW,299
fertilizer_bomb,0.29088878631591797,terrorist,20010911-2019,CBOW,300
saddam_regime,0.2905551791191101,terrorist,20010911-2019,CBOW,301
khalid_sheikh_mohammed,0.2905180752277374,terrorist,20010911-2019,CBOW,302
ethiopian_force,0.2903919517993927,terrorist,20010911-2019,CBOW,303
plot,0.29018571972846985,terrorist,20010911-2019,CBOW,304
evil,0.28998002409935,terrorist,20010911-2019,CBOW,305
american_citizens,0.2895205020904541,terrorist,20010911-2019,CBOW,306
troublemaker,0.2894386351108551,terrorist,20010911-2019,CBOW,307
serious_threat,0.2894307076931,terrorist,20010911-2019,CBOW,308
bin_laden_capture,0.28923553228378296,terrorist,20010911-2019,CBOW,309
individual,0.28910306096076965,terrorist,20010911-2019,CBOW,310
plotting_attack,0.2883946895599365,terrorist,20010911-2019,CBOW,311
protect_homeland,0.28810521960258484,terrorist,20010911-2019,CBOW,312
intelligence_information,0.28784915804862976,terrorist,20010911-2019,CBOW,313
rogue_element,0.2876634895801544,terrorist,20010911-2019,CBOW,314
credible_evidence,0.28761768341064453,terrorist,20010911-2019,CBOW,315
unlawful_combatant,0.28749650716781616,terrorist,20010911-2019,CBOW,316
militants,0.28718307614326477,terrorist,20010911-2019,CBOW,317
impunity,0.28715795278549194,terrorist,20010911-2019,CBOW,318
pose_grave,0.2868921458721161,terrorist,20010911-2019,CBOW,319
indoctrinate,0.286580890417099,terrorist,20010911-2019,CBOW,320
fight_terrorism,0.2865734100341797,terrorist,20010911-2019,CBOW,321
decline_specific,0.2865009605884552,terrorist,20010911-2019,CBOW,322
criminal_activity,0.28643834590911865,terrorist,20010911-2019,CBOW,323
radiological_material,0.2862740457057953,terrorist,20010911-2019,CBOW,324
threat_pose,0.2857271730899811,terrorist,20010911-2019,CBOW,325
coordinated_effort,0.28560855984687805,terrorist,20010911-2019,CBOW,326
interdict,0.2854800820350647,terrorist,20010911-2019,CBOW,327
accomplice,0.2853735685348511,terrorist,20010911-2019,CBOW,328
hiding,0.2850939631462097,terrorist,20010911-2019,CBOW,329
destabilize,0.28481024503707886,terrorist,20010911-2019,CBOW,330
act_aggression,0.284758597612381,terrorist,20010911-2019,CBOW,331
unimaginable_scale,0.2845141291618347,terrorist,20010911-2019,CBOW,332
network,0.284513384103775,terrorist,20010911-2019,CBOW,333
indictment_allege,0.28442180156707764,terrorist,20010911-2019,CBOW,334
logistical_support,0.28391221165657043,terrorist,20010911-2019,CBOW,335
afghan_warlord,0.28351059556007385,terrorist,20010911-2019,CBOW,336
concerted_effort,0.28347712755203247,terrorist,20010911-2019,CBOW,337
shadowy,0.2832660377025604,terrorist,20010911-2019,CBOW,338
sept_hijacker,0.2832390069961548,terrorist,20010911-2019,CBOW,339
homeland,0.2831943929195404,terrorist,20010911-2019,CBOW,340
intercept,0.2830340266227722,terrorist,20010911-2019,CBOW,341
threat_al_qaeda,0.28284114599227905,terrorist,20010911-2019,CBOW,342
conclusive_evidence,0.2828362286090851,terrorist,20010911-2019,CBOW,343
strategic_analysis,0.2826713025569916,terrorist,20010911-2019,CBOW,344
suicide_bomber,0.2826036214828491,terrorist,20010911-2019,CBOW,345
inspire_al_qaeda,0.2823733687400818,terrorist,20010911-2019,CBOW,346
aggressive_strategy,0.28212490677833557,terrorist,20010911-2019,CBOW,347
iraqi_insurgency,0.28184759616851807,terrorist,20010911-2019,CBOW,348
conspiracy,0.28181806206703186,terrorist,20010911-2019,CBOW,349
intelligence_law_enforcement,0.2816750705242157,terrorist,20010911-2019,CBOW,350
culpable,0.2811286449432373,terrorist,20010911-2019,CBOW,351
chechen_rebel,0.28074198961257935,terrorist,20010911-2019,CBOW,352
covert_operation,0.2806135416030884,terrorist,20010911-2019,CBOW,353
aware,0.28056949377059937,terrorist,20010911-2019,CBOW,354
hideout,0.2803824543952942,terrorist,20010911-2019,CBOW,355
disrupt_al_qaeda,0.280230849981308,terrorist,20010911-2019,CBOW,356
massive_scale,0.28017565608024597,terrorist,20010911-2019,CBOW,357
madman,0.2800876796245575,terrorist,20010911-2019,CBOW,358
qaeda_figure,0.280021607875824,terrorist,20010911-2019,CBOW,359
assess_threat,0.2792775332927704,terrorist,20010911-2019,CBOW,360
acquire_weapon_mass_destruction,0.27890411019325256,terrorist,20010911-2019,CBOW,361
fundamentalist_islamic,0.2788335084915161,terrorist,20010911-2019,CBOW,362
drug_cartel,0.27830737829208374,terrorist,20010911-2019,CBOW,363
retaliation,0.2782294452190399,terrorist,20010911-2019,CBOW,364
commit_act,0.27816474437713623,terrorist,20010911-2019,CBOW,365
muslim_fundamentalist,0.2781493067741394,terrorist,20010911-2019,CBOW,366
operating,0.2780296206474304,terrorist,20010911-2019,CBOW,367
radical_ideology,0.27783203125,terrorist,20010911-2019,CBOW,368
infidel,0.2777441740036011,terrorist,20010911-2019,CBOW,369
soft_target,0.27739498019218445,terrorist,20010911-2019,CBOW,370
recruit_fighter,0.27722758054733276,terrorist,20010911-2019,CBOW,371
allegedly,0.27663978934288025,terrorist,20010911-2019,CBOW,372
grave_threat,0.2766367495059967,terrorist,20010911-2019,CBOW,373
intercept_telephone,0.27658548951148987,terrorist,20010911-2019,CBOW,374
law_enforcement,0.27655166387557983,terrorist,20010911-2019,CBOW,375
mastermind_sept,0.27627673745155334,terrorist,20010911-2019,CBOW,376
homegrown,0.27599942684173584,terrorist,20010911-2019,CBOW,377
suicide_hijacking,0.2758331894874573,terrorist,20010911-2019,CBOW,378
taliban_regime,0.2757587134838104,terrorist,20010911-2019,CBOW,379
mercenary,0.27566418051719666,terrorist,20010911-2019,CBOW,380
pre_emptive_strike,0.2754102349281311,terrorist,20010911-2019,CBOW,381
muslim_separatist,0.27534785866737366,terrorist,20010911-2019,CBOW,382
acquire_weapon,0.2752837836742401,terrorist,20010911-2019,CBOW,383
punish,0.27492308616638184,terrorist,20010911-2019,CBOW,384
revolutionary_struggle,0.27472710609436035,terrorist,20010911-2019,CBOW,385
atrocity,0.27458706498146057,terrorist,20010911-2019,CBOW,386
global_network,0.27455925941467285,terrorist,20010911-2019,CBOW,387
separatist_fighter,0.2742665708065033,terrorist,20010911-2019,CBOW,388
embassies_kenya_tanzania,0.27413588762283325,terrorist,20010911-2019,CBOW,389
covert,0.27392879128456116,terrorist,20010911-2019,CBOW,390
reid,0.27390941977500916,terrorist,20010911-2019,CBOW,391
jihadist_movement,0.27389654517173767,terrorist,20010911-2019,CBOW,392
taliban_osama_bin,0.27376800775527954,terrorist,20010911-2019,CBOW,393
forge_passport,0.2734108567237854,terrorist,20010911-2019,CBOW,394
commercial_aircraft,0.2730986475944519,terrorist,20010911-2019,CBOW,395
wage_jihad,0.2730719745159149,terrorist,20010911-2019,CBOW,396
taliban_insurgency,0.27295276522636414,terrorist,20010911-2019,CBOW,397
dutch_politician,0.27272307872772217,terrorist,20010911-2019,CBOW,398
undetected,0.2726537585258484,terrorist,20010911-2019,CBOW,399
extremism,0.2725975513458252,terrorist,20010911-2019,CBOW,400
islamists,0.2724896967411041,terrorist,20010911-2019,CBOW,401
saddam_hussein_regime,0.27219510078430176,terrorist,20010911-2019,CBOW,402
security_apparatus,0.27219143509864807,terrorist,20010911-2019,CBOW,403
zionist_regime,0.27196627855300903,terrorist,20010911-2019,CBOW,404
armed_islamic,0.2717694342136383,terrorist,20010911-2019,CBOW,405
insurgency,0.2716422975063324,terrorist,20010911-2019,CBOW,406
tunisian,0.271584689617157,terrorist,20010911-2019,CBOW,407
piece_information,0.27124670147895813,terrorist,20010911-2019,CBOW,408
intelligence_services,0.27115288376808167,terrorist,20010911-2019,CBOW,409
mop_operation,0.2709784507751465,terrorist,20010911-2019,CBOW,410
specific_information,0.27090659737586975,terrorist,20010911-2019,CBOW,411
plot_bomb,0.2708284854888916,terrorist,20010911-2019,CBOW,412
covert_action,0.2706102132797241,terrorist,20010911-2019,CBOW,413
bombing_american_embassies,0.27035757899284363,terrorist,20010911-2019,CBOW,414
commit_atrocity,0.27028778195381165,terrorist,20010911-2019,CBOW,415
detonate_radioactive,0.2699666917324066,terrorist,20010911-2019,CBOW,416
repeatedly_deny,0.26982519030570984,terrorist,20010911-2019,CBOW,417
london_bombing,0.26955100893974304,terrorist,20010911-2019,CBOW,418
internationally,0.26936110854148865,terrorist,20010911-2019,CBOW,419
love_freedom,0.2692285180091858,terrorist,20010911-2019,CBOW,420
weapon_mass_destruction,0.2689721882343292,terrorist,20010911-2019,CBOW,421
cell,0.2689615488052368,terrorist,20010911-2019,CBOW,422
antiterrorist,0.2688520550727844,terrorist,20010911-2019,CBOW,423
grave_danger,0.2687879502773285,terrorist,20010911-2019,CBOW,424
islamic_fighter,0.2687731981277466,terrorist,20010911-2019,CBOW,425
bombing_destroyer,0.26873779296875,terrorist,20010911-2019,CBOW,426
fanatical,0.26872631907463074,terrorist,20010911-2019,CBOW,427
bharti,0.2682645320892334,terrorist,20010911-2019,CBOW,428
fighter_al_qaeda,0.26798367500305176,terrorist,20010911-2019,CBOW,429
separatist_movement,0.2675071656703949,terrorist,20010911-2019,CBOW,430
malicious,0.2672041058540344,terrorist,20010911-2019,CBOW,431
precisely,0.267077773809433,terrorist,20010911-2019,CBOW,432
destroy_al_qaeda,0.266904354095459,terrorist,20010911-2019,CBOW,433
evildoer,0.2667394280433655,terrorist,20010911-2019,CBOW,434
fanatic,0.2666715979576111,terrorist,20010911-2019,CBOW,435
divulge,0.2664826512336731,terrorist,20010911-2019,CBOW,436
bin_laden_deputy,0.26642850041389465,terrorist,20010911-2019,CBOW,437
dismantle_al_qaeda,0.2661904990673065,terrorist,20010911-2019,CBOW,438
belgian_authority,0.26616132259368896,terrorist,20010911-2019,CBOW,439
east_african,0.26605185866355896,terrorist,20010911-2019,CBOW,440
hindi,0.2658536732196808,terrorist,20010911-2019,CBOW,441
radicalization,0.26581382751464844,terrorist,20010911-2019,CBOW,442
annihilation,0.2657030522823334,terrorist,20010911-2019,CBOW,443
counter_terrorism,0.26567456126213074,terrorist,20010911-2019,CBOW,444
syria_iran,0.26546022295951843,terrorist,20010911-2019,CBOW,445
fundamentalist_group,0.2653363049030304,terrorist,20010911-2019,CBOW,446
heinous_act,0.2652987539768219,terrorist,20010911-2019,CBOW,447
detain_interrogate,0.2652471661567688,terrorist,20010911-2019,CBOW,448
knowingly,0.265015184879303,terrorist,20010911-2019,CBOW,449
enough_evidence,0.2648767828941345,terrorist,20010911-2019,CBOW,450
smuggling,0.2646975517272949,terrorist,20010911-2019,CBOW,451
proliferation,0.2646869719028473,terrorist,20010911-2019,CBOW,452
stay_offense,0.2644287347793579,terrorist,20010911-2019,CBOW,453
matin,0.2642021179199219,terrorist,20010911-2019,CBOW,454
somalia_ethiopia,0.2638179659843445,terrorist,20010911-2019,CBOW,455
terrorize,0.2636772394180298,terrorist,20010911-2019,CBOW,456
carry_suicide,0.26326611638069153,terrorist,20010911-2019,CBOW,457
breeding_ground_terrorist,0.26325589418411255,terrorist,20010911-2019,CBOW,458
bin_laden_taliban,0.26309648156166077,terrorist,20010911-2019,CBOW,459
al_islam,0.2630470097064972,terrorist,20010911-2019,CBOW,460
whoever,0.26303157210350037,terrorist,20010911-2019,CBOW,461
overstate,0.2630269229412079,terrorist,20010911-2019,CBOW,462
raids,0.26287931203842163,terrorist,20010911-2019,CBOW,463
separatist_rebel,0.26280027627944946,terrorist,20010911-2019,CBOW,464
hard_evidence,0.2625765800476074,terrorist,20010911-2019,CBOW,465
deter,0.26248037815093994,terrorist,20010911-2019,CBOW,466
actionable_intelligence,0.2622873783111572,terrorist,20010911-2019,CBOW,467
infiltrate,0.2620620131492615,terrorist,20010911-2019,CBOW,468
involved,0.2619699537754059,terrorist,20010911-2019,CBOW,469
jihad,0.2618696689605713,terrorist,20010911-2019,CBOW,470
counterterrorism_effort,0.26166194677352905,terrorist,20010911-2019,CBOW,471
terrorism_extremism,0.2615276575088501,terrorist,20010911-2019,CBOW,472
inhuman,0.2614249587059021,terrorist,20010911-2019,CBOW,473
target,0.26142340898513794,terrorist,20010911-2019,CBOW,474
abu_ali,0.26137885451316833,terrorist,20010911-2019,CBOW,475
internet_post,0.2612121105194092,terrorist,20010911-2019,CBOW,476
members_al_qaeda,0.2610887587070465,terrorist,20010911-2019,CBOW,477
ongoing_investigation,0.26105475425720215,terrorist,20010911-2019,CBOW,478
reconstitute,0.2608291208744049,terrorist,20010911-2019,CBOW,479
kurdish_separatist,0.2603258490562439,terrorist,20010911-2019,CBOW,480
stateless,0.260224848985672,terrorist,20010911-2019,CBOW,481
civilized_world,0.26010817289352417,terrorist,20010911-2019,CBOW,482
resistance_fighter,0.26010408997535706,terrorist,20010911-2019,CBOW,483
links_al_qaeda,0.26002439856529236,terrorist,20010911-2019,CBOW,484
al_qaeda_mesopotamia,0.25995877385139465,terrorist,20010911-2019,CBOW,485
civilian_airliner,0.25986018776893616,terrorist,20010911-2019,CBOW,486
bin_laden_associates,0.25967928767204285,terrorist,20010911-2019,CBOW,487
internal_security,0.2594638466835022,terrorist,20010911-2019,CBOW,488
freeze_asset,0.2592032253742218,terrorist,20010911-2019,CBOW,489
mass_casualty,0.25894469022750854,terrorist,20010911-2019,CBOW,490
provide_detail,0.2585928738117218,terrorist,20010911-2019,CBOW,491
iran_syria,0.25844836235046387,terrorist,20010911-2019,CBOW,492
across_border,0.25837674736976624,terrorist,20010911-2019,CBOW,493
militant_islamist,0.2581714689731598,terrorist,20010911-2019,CBOW,494
training_manual,0.25795894861221313,terrorist,20010911-2019,CBOW,495
camp_afghanistan,0.257885217666626,terrorist,20010911-2019,CBOW,496
remain_determined,0.2577210068702698,terrorist,20010911-2019,CBOW,497
violently,0.2573847472667694,terrorist,20010911-2019,CBOW,498
qaeda_link,0.2573365271091461,terrorist,20010911-2019,CBOW,499
hijacker_khalid,0.25723329186439514,terrorist,20010911-2019,CBOW,500
terror,0.6346994638442993,terrorist,20010911-2019,SkipGram,1
terrorism,0.6175837516784668,terrorist,20010911-2019,SkipGram,2
al_qaeda,0.5871419310569763,terrorist,20010911-2019,SkipGram,3
terrorist_network,0.5855875015258789,terrorist,20010911-2019,SkipGram,4
terrorist_organization,0.5592086315155029,terrorist,20010911-2019,SkipGram,5
terror_network,0.5478722453117371,terrorist,20010911-2019,SkipGram,6
finance_al_qaeda,0.5287708640098572,terrorist,20010911-2019,SkipGram,7
outlaw_regime,0.5255780816078186,terrorist,20010911-2019,SkipGram,8
plot_al_qaeda,0.5093289017677307,terrorist,20010911-2019,SkipGram,9
terrorist_activity,0.5088424682617188,terrorist,20010911-2019,SkipGram,10
financial_logistical,0.5071994066238403,terrorist,20010911-2019,SkipGram,11
los_angeles_airport,0.5067402124404907,terrorist,20010911-2019,SkipGram,12
terrorist_cell,0.5053192377090454,terrorist,20010911-2019,SkipGram,13
bin_laden_operative,0.5047995448112488,terrorist,20010911-2019,SkipGram,14
radiological_material,0.500949501991272,terrorist,20010911-2019,SkipGram,15
attack,0.49957358837127686,terrorist,20010911-2019,SkipGram,16
terror_attack,0.4994228184223175,terrorist,20010911-2019,SkipGram,17
sept_hijacking,0.49083518981933594,terrorist,20010911-2019,SkipGram,18
millennium_celebration,0.4882890284061432,terrorist,20010911-2019,SkipGram,19
abdullah_mohammed,0.4856521785259247,terrorist,20010911-2019,SkipGram,20
terrorists,0.48392730951309204,terrorist,20010911-2019,SkipGram,21
possess_weapon,0.48352253437042236,terrorist,20010911-2019,SkipGram,22
sleeper_cell,0.4834768772125244,terrorist,20010911-2019,SkipGram,23
al_qaeda_sympathizer,0.48252105712890625,terrorist,20010911-2019,SkipGram,24
pose_imminent,0.4813033938407898,terrorist,20010911-2019,SkipGram,25
embassy_bombing_kenya_tanzania,0.47870105504989624,terrorist,20010911-2019,SkipGram,26
cole_yemen,0.47499850392341614,terrorist,20010911-2019,SkipGram,27
enemy,0.4748740494251251,terrorist,20010911-2019,SkipGram,28
hijacking,0.4744320213794708,terrorist,20010911-2019,SkipGram,29
inspire_al_qaeda,0.4729062616825104,terrorist,20010911-2019,SkipGram,30
al_qaeda_cell,0.47199299931526184,terrorist,20010911-2019,SkipGram,31
qaeda,0.4719676673412323,terrorist,20010911-2019,SkipGram,32
detonate_radioactive,0.47069665789604187,terrorist,20010911-2019,SkipGram,33
bombing_destroyer,0.47068601846694946,terrorist,20010911-2019,SkipGram,34
possibility_al_qaeda,0.4700503647327423,terrorist,20010911-2019,SkipGram,35
bin_laden_follower,0.46965041756629944,terrorist,20010911-2019,SkipGram,36
bin_laden_network,0.46960121393203735,terrorist,20010911-2019,SkipGram,37
millennium_plot,0.4676222801208496,terrorist,20010911-2019,SkipGram,38
grave_danger,0.4673936665058136,terrorist,20010911-2019,SkipGram,39
american_facilities,0.4671543538570404,terrorist,20010911-2019,SkipGram,40
al_qaeda_network,0.4669657051563263,terrorist,20010911-2019,SkipGram,41
head_osama_bin,0.46677932143211365,terrorist,20010911-2019,SkipGram,42
try_blow_trans,0.46610376238822937,terrorist,20010911-2019,SkipGram,43
uncover_plot,0.46522998809814453,terrorist,20010911-2019,SkipGram,44
plot,0.4636748135089874,terrorist,20010911-2019,SkipGram,45
osama_bin_laden_network,0.46270620822906494,terrorist,20010911-2019,SkipGram,46
extremist_group,0.4626842439174652,terrorist,20010911-2019,SkipGram,47
terrorist_attack,0.4626699686050415,terrorist,20010911-2019,SkipGram,48
sponsor_terror,0.4612060785293579,terrorist,20010911-2019,SkipGram,49
chemical_biological_radiological_nuclear,0.460877001285553,terrorist,20010911-2019,SkipGram,50
al_qaeda_operative,0.46054306626319885,terrorist,20010911-2019,SkipGram,51
investigate_prosecute,0.460523784160614,terrorist,20010911-2019,SkipGram,52
qaeda_operative,0.45965251326560974,terrorist,20010911-2019,SkipGram,53
homegrown_terrorist,0.45814263820648193,terrorist,20010911-2019,SkipGram,54
recruit_suicide_bomber,0.45799416303634644,terrorist,20010911-2019,SkipGram,55
ahmed_algerian,0.45768293738365173,terrorist,20010911-2019,SkipGram,56
explode_radioactive,0.4574841260910034,terrorist,20010911-2019,SkipGram,57
safe_harbor,0.4573805034160614,terrorist,20010911-2019,SkipGram,58
extremist,0.45620205998420715,terrorist,20010911-2019,SkipGram,59
qaeda_follower,0.4558854103088379,terrorist,20010911-2019,SkipGram,60
saudi_exile,0.4554840624332428,terrorist,20010911-2019,SkipGram,61
disrupt_plot,0.45419496297836304,terrorist,20010911-2019,SkipGram,62
associate_bin_laden,0.45413675904273987,terrorist,20010911-2019,SkipGram,63
qaeda_sympathizer,0.4529510736465454,terrorist,20010911-2019,SkipGram,64
al_qaeda_affiliate,0.4525415897369385,terrorist,20010911-2019,SkipGram,65
navy_destroyer_cole,0.45190006494522095,terrorist,20010911-2019,SkipGram,66
islamic_extremist,0.45050638914108276,terrorist,20010911-2019,SkipGram,67
financial_dealing,0.44844233989715576,terrorist,20010911-2019,SkipGram,68
islamic_militant,0.4481862783432007,terrorist,20010911-2019,SkipGram,69
attack_american_embassies,0.4476291239261627,terrorist,20010911-2019,SkipGram,70
bin_laden_group,0.44696182012557983,terrorist,20010911-2019,SkipGram,71
aid_abet,0.4451947808265686,terrorist,20010911-2019,SkipGram,72
deny_sanctuary,0.44462451338768005,terrorist,20010911-2019,SkipGram,73
chicago_gang,0.4443275034427643,terrorist,20010911-2019,SkipGram,74
bin_laden_associates,0.443803608417511,terrorist,20010911-2019,SkipGram,75
intercept_telephone,0.4430602192878723,terrorist,20010911-2019,SkipGram,76
hijacking_plot,0.4427834749221802,terrorist,20010911-2019,SkipGram,77
attribute_al_qaeda,0.44265833497047424,terrorist,20010911-2019,SkipGram,78
destroyer_cole_yemen,0.4425165057182312,terrorist,20010911-2019,SkipGram,79
murder_innocent,0.44235485792160034,terrorist,20010911-2019,SkipGram,80
defeat_al_qaeda,0.441864013671875,terrorist,20010911-2019,SkipGram,81
indictment_unseal,0.4415220320224762,terrorist,20010911-2019,SkipGram,82
falsify_document,0.4401654601097107,terrorist,20010911-2019,SkipGram,83
acquire_weapon_mass_destruction,0.4399178624153137,terrorist,20010911-2019,SkipGram,84
suspect,0.4397569000720978,terrorist,20010911-2019,SkipGram,85
bombing_embassies_kenya_tanzania,0.4397136867046356,terrorist,20010911-2019,SkipGram,86
proactively,0.43918129801750183,terrorist,20010911-2019,SkipGram,87
atlantic_flight,0.43884673714637756,terrorist,20010911-2019,SkipGram,88
unimaginable_scale,0.43817293643951416,terrorist,20010911-2019,SkipGram,89
group_al_qaeda,0.438009649515152,terrorist,20010911-2019,SkipGram,90
visa_fraud,0.4378395080566406,terrorist,20010911-2019,SkipGram,91
operative_al_qaeda,0.4375356137752533,terrorist,20010911-2019,SkipGram,92
stay_offense,0.4375225901603699,terrorist,20010911-2019,SkipGram,93
act_pre_emptively,0.43718934059143066,terrorist,20010911-2019,SkipGram,94
wherever_find,0.43700405955314636,terrorist,20010911-2019,SkipGram,95
tactic_employ,0.436819851398468,terrorist,20010911-2019,SkipGram,96
osama_bin_laden,0.4357963502407074,terrorist,20010911-2019,SkipGram,97
reasonable_ground,0.4345584809780121,terrorist,20010911-2019,SkipGram,98
detain_interrogate,0.43435418605804443,terrorist,20010911-2019,SkipGram,99
associate_osama_bin,0.434153288602829,terrorist,20010911-2019,SkipGram,100
financial_network,0.4334580898284912,terrorist,20010911-2019,SkipGram,101
indicate_al_qaeda,0.433199405670166,terrorist,20010911-2019,SkipGram,102
capture_al_qaeda,0.43308690190315247,terrorist,20010911-2019,SkipGram,103
credible_intelligence,0.43238741159439087,terrorist,20010911-2019,SkipGram,104
terry_nichols,0.4319137632846832,terrorist,20010911-2019,SkipGram,105
sept_attack,0.43085625767707825,terrorist,20010911-2019,SkipGram,106
explosive_hide_shoe,0.4304261803627014,terrorist,20010911-2019,SkipGram,107
acquire_uranium,0.42991605401039124,terrorist,20010911-2019,SkipGram,108
airliners,0.42987924814224243,terrorist,20010911-2019,SkipGram,109
hijack_airplane,0.42967262864112854,terrorist,20010911-2019,SkipGram,110
hunted,0.4292984902858734,terrorist,20010911-2019,SkipGram,111
blow_plane,0.4291728436946869,terrorist,20010911-2019,SkipGram,112
culpable,0.42798617482185364,terrorist,20010911-2019,SkipGram,113
possess_weapon_mass_destruction,0.42788004875183105,terrorist,20010911-2019,SkipGram,114
embassies_kenya_tanzania,0.42758554220199585,terrorist,20010911-2019,SkipGram,115
indication_al_qaeda,0.42730945348739624,terrorist,20010911-2019,SkipGram,116
bin_laden_lieutenant,0.4272027909755707,terrorist,20010911-2019,SkipGram,117
kidnapping_torture,0.42666536569595337,terrorist,20010911-2019,SkipGram,118
evidence_connect,0.4264739155769348,terrorist,20010911-2019,SkipGram,119
muslim_militant,0.4264701306819916,terrorist,20010911-2019,SkipGram,120
associate_al_qaeda,0.42637795209884644,terrorist,20010911-2019,SkipGram,121
pose_grave,0.4253932237625122,terrorist,20010911-2019,SkipGram,122
full_alert,0.4253784418106079,terrorist,20010911-2019,SkipGram,123
pursue_weapon_mass,0.4252050518989563,terrorist,20010911-2019,SkipGram,124
fertilizer_bomb,0.42498233914375305,terrorist,20010911-2019,SkipGram,125
mass_destruction,0.4241173565387726,terrorist,20010911-2019,SkipGram,126
hijacker,0.4240027368068695,terrorist,20010911-2019,SkipGram,127
qaeda_network,0.42368146777153015,terrorist,20010911-2019,SkipGram,128
bin_laden_associate,0.42355483770370483,terrorist,20010911-2019,SkipGram,129
member_al_qaeda,0.42343205213546753,terrorist,20010911-2019,SkipGram,130
planning_stage,0.4232303500175476,terrorist,20010911-2019,SkipGram,131
interrogate_suspect,0.4232117831707001,terrorist,20010911-2019,SkipGram,132
train_qaeda,0.4231722354888916,terrorist,20010911-2019,SkipGram,133
arrest_minnesota,0.42309579253196716,terrorist,20010911-2019,SkipGram,134
pose_real,0.4228968024253845,terrorist,20010911-2019,SkipGram,135
political_motive,0.4225596785545349,terrorist,20010911-2019,SkipGram,136
petty_criminal,0.422427237033844,terrorist,20010911-2019,SkipGram,137
evade_capture,0.4221873879432678,terrorist,20010911-2019,SkipGram,138
belong_al_qaeda,0.4221224784851074,terrorist,20010911-2019,SkipGram,139
malaysian_authority,0.421517938375473,terrorist,20010911-2019,SkipGram,140
protect_innocent,0.42091283202171326,terrorist,20010911-2019,SkipGram,141
aim_disrupt,0.4206942021846771,terrorist,20010911-2019,SkipGram,142
hijacker_khalid,0.4206397235393524,terrorist,20010911-2019,SkipGram,143
electronic_intercept,0.42012396454811096,terrorist,20010911-2019,SkipGram,144
plot_foil,0.4199382960796356,terrorist,20010911-2019,SkipGram,145
militant,0.41975992918014526,terrorist,20010911-2019,SkipGram,146
plot_blow_trans_atlantic,0.41961732506752014,terrorist,20010911-2019,SkipGram,147
document_outline,0.419320672750473,terrorist,20010911-2019,SkipGram,148
actively_pursue,0.4191897213459015,terrorist,20010911-2019,SkipGram,149
evildoer,0.4187767803668976,terrorist,20010911-2019,SkipGram,150
bomb_making,0.4185534715652466,terrorist,20010911-2019,SkipGram,151
weapon_explosive,0.4185173511505127,terrorist,20010911-2019,SkipGram,152
harbor_terrorist,0.4184471666812897,terrorist,20010911-2019,SkipGram,153
solid_evidence,0.41835689544677734,terrorist,20010911-2019,SkipGram,154
passenger_aircraft,0.41822725534439087,terrorist,20010911-2019,SkipGram,155
bin_laden_deputy,0.41811224818229675,terrorist,20010911-2019,SkipGram,156
shoe_bomber_richard_reid,0.41803601384162903,terrorist,20010911-2019,SkipGram,157
suicide_hijacker,0.41801705956459045,terrorist,20010911-2019,SkipGram,158
osama_bin_laden_follower,0.4178999066352844,terrorist,20010911-2019,SkipGram,159
assess_threat,0.41783732175827026,terrorist,20010911-2019,SkipGram,160
wealthy_saudi,0.41753917932510376,terrorist,20010911-2019,SkipGram,161
acquire_weapon,0.41750720143318176,terrorist,20010911-2019,SkipGram,162
airplane_hijacker,0.41728079319000244,terrorist,20010911-2019,SkipGram,163
link_al_qaeda,0.4171282947063446,terrorist,20010911-2019,SkipGram,164
violent_activity,0.41653573513031006,terrorist,20010911-2019,SkipGram,165
taliban_protector,0.4159933626651764,terrorist,20010911-2019,SkipGram,166
taliban_osama_bin,0.4159177839756012,terrorist,20010911-2019,SkipGram,167
prevent_entry,0.4155648648738861,terrorist,20010911-2019,SkipGram,168
passenger_airliner,0.4152712821960449,terrorist,20010911-2019,SkipGram,169
senior_qaeda_operative,0.41510945558547974,terrorist,20010911-2019,SkipGram,170
shadowy_network,0.41499602794647217,terrorist,20010911-2019,SkipGram,171
pose_immediate,0.4148111343383789,terrorist,20010911-2019,SkipGram,172
group_al_sunna,0.4146767556667328,terrorist,20010911-2019,SkipGram,173
commercial_jetliner,0.4145358204841614,terrorist,20010911-2019,SkipGram,174
connection_allege,0.41439253091812134,terrorist,20010911-2019,SkipGram,175
provide_insight,0.41431307792663574,terrorist,20010911-2019,SkipGram,176
members_al_qaeda,0.41400572657585144,terrorist,20010911-2019,SkipGram,177
saddam_loyalist,0.4133824110031128,terrorist,20010911-2019,SkipGram,178
bomb_american_embassies,0.4127022624015808,terrorist,20010911-2019,SkipGram,179
yemeni_cleric,0.4126644432544708,terrorist,20010911-2019,SkipGram,180
middle_east_elsewhere,0.41263049840927124,terrorist,20010911-2019,SkipGram,181
reduce_vulnerability,0.4124745726585388,terrorist,20010911-2019,SkipGram,182
deadly_weapon,0.4124463200569153,terrorist,20010911-2019,SkipGram,183
cell_al_qaeda,0.41243258118629456,terrorist,20010911-2019,SkipGram,184
bomb_trans_atlantic,0.41238895058631897,terrorist,20010911-2019,SkipGram,185
rove_wiretap,0.412009060382843,terrorist,20010911-2019,SkipGram,186
reliable_information,0.4113849401473999,terrorist,20010911-2019,SkipGram,187
cole_bombing,0.410932332277298,terrorist,20010911-2019,SkipGram,188
destabilize_middle_east,0.41070476174354553,terrorist,20010911-2019,SkipGram,189
attack_cole,0.4106235206127167,terrorist,20010911-2019,SkipGram,190
relate_offense,0.41016653180122375,terrorist,20010911-2019,SkipGram,191
radical_islamic_cleric,0.40981119871139526,terrorist,20010911-2019,SkipGram,192
specific_credible,0.409758985042572,terrorist,20010911-2019,SkipGram,193
weapon_smuggle,0.4096696376800537,terrorist,20010911-2019,SkipGram,194
charge_conspiring,0.40846213698387146,terrorist,20010911-2019,SkipGram,195
suggest_al_qaeda,0.40838637948036194,terrorist,20010911-2019,SkipGram,196
heighten_sense,0.40805783867836,terrorist,20010911-2019,SkipGram,197
extradite_france,0.4079025685787201,terrorist,20010911-2019,SkipGram,198
leader_al_qaeda,0.4078713357448578,terrorist,20010911-2019,SkipGram,199
sears_tower_chicago,0.40770357847213745,terrorist,20010911-2019,SkipGram,200
financial_institutions,0.4072057902812958,terrorist,20010911-2019,SkipGram,201
yemeni_descent,0.4068835377693176,terrorist,20010911-2019,SkipGram,202
terror_cell,0.4067370891571045,terrorist,20010911-2019,SkipGram,203
communication_network,0.4066906273365021,terrorist,20010911-2019,SkipGram,204
lawfully,0.40661385655403137,terrorist,20010911-2019,SkipGram,205
prior_knowledge,0.4056042432785034,terrorist,20010911-2019,SkipGram,206
al_qaeda_mesopotamia_homegrown,0.40553998947143555,terrorist,20010911-2019,SkipGram,207
plotters,0.40531259775161743,terrorist,20010911-2019,SkipGram,208
convince_jury,0.40512216091156006,terrorist,20010911-2019,SkipGram,209
defeat_enemy,0.4050200879573822,terrorist,20010911-2019,SkipGram,210
hijack_commercial,0.40497148036956787,terrorist,20010911-2019,SkipGram,211
spread_chaos,0.40480053424835205,terrorist,20010911-2019,SkipGram,212
devote_resource,0.40438175201416016,terrorist,20010911-2019,SkipGram,213
pursuit_weapon_mass,0.404305636882782,terrorist,20010911-2019,SkipGram,214
network_al_qaeda,0.40413492918014526,terrorist,20010911-2019,SkipGram,215
sen_hatch,0.403410941362381,terrorist,20010911-2019,SkipGram,216
probable_believe,0.4033581018447876,terrorist,20010911-2019,SkipGram,217
american_embassies_kenya_tanzania,0.4027504026889801,terrorist,20010911-2019,SkipGram,218
islamic_radical,0.40272483229637146,terrorist,20010911-2019,SkipGram,219
try_absentia,0.40270131826400757,terrorist,20010911-2019,SkipGram,220
weapon_mass,0.4025976359844208,terrorist,20010911-2019,SkipGram,221
analyze_information,0.40241992473602295,terrorist,20010911-2019,SkipGram,222
massive_scale,0.40198540687561035,terrorist,20010911-2019,SkipGram,223
america_enemies,0.4019434452056885,terrorist,20010911-2019,SkipGram,224
embassy_singapore,0.40123483538627625,terrorist,20010911-2019,SkipGram,225
spread_weapon_mass,0.4012082517147064,terrorist,20010911-2019,SkipGram,226
inside_saudi_arabia,0.4010934829711914,terrorist,20010911-2019,SkipGram,227
international_terrorism,0.4008432626724243,terrorist,20010911-2019,SkipGram,228
threat,0.40067026019096375,terrorist,20010911-2019,SkipGram,229
attack_saudi_arabia,0.40061694383621216,terrorist,20010911-2019,SkipGram,230
al_qaeda_taliban,0.40035080909729004,terrorist,20010911-2019,SkipGram,231
copycat_attack,0.4003158509731293,terrorist,20010911-2019,SkipGram,232
radical_ideology,0.400278776884079,terrorist,20010911-2019,SkipGram,233
renew_warning,0.3999023735523224,terrorist,20010911-2019,SkipGram,234
planning_attack,0.3995552659034729,terrorist,20010911-2019,SkipGram,235
airplane_weapon,0.39953580498695374,terrorist,20010911-2019,SkipGram,236
financial_asset,0.39921465516090393,terrorist,20010911-2019,SkipGram,237
hussein_loyalist,0.3991202414035797,terrorist,20010911-2019,SkipGram,238
disrupt_al_qaeda,0.39909258484840393,terrorist,20010911-2019,SkipGram,239
destroy_al_qaeda,0.399044394493103,terrorist,20010911-2019,SkipGram,240
drug_cartel,0.39901915192604065,terrorist,20010911-2019,SkipGram,241
pursuit_nuclear_weapon,0.3989921808242798,terrorist,20010911-2019,SkipGram,242
soccer_player,0.3989025950431824,terrorist,20010911-2019,SkipGram,243
give_sim,0.39875516295433044,terrorist,20010911-2019,SkipGram,244
specific_warning,0.39869409799575806,terrorist,20010911-2019,SkipGram,245
steal_passport,0.3984422981739044,terrorist,20010911-2019,SkipGram,246
inside_kingdom,0.39839839935302734,terrorist,20010911-2019,SkipGram,247
dismantle_network,0.39838841557502747,terrorist,20010911-2019,SkipGram,248
unbeliever,0.39834150671958923,terrorist,20010911-2019,SkipGram,249
stay_offensive,0.39816462993621826,terrorist,20010911-2019,SkipGram,250
chemical_biological_nuclear,0.39783209562301636,terrorist,20010911-2019,SkipGram,251
directive_sign,0.3971218466758728,terrorist,20010911-2019,SkipGram,252
sheik_omar_rahman_blind,0.39697974920272827,terrorist,20010911-2019,SkipGram,253
ali_al_marri,0.39689114689826965,terrorist,20010911-2019,SkipGram,254
suicide_pilot,0.3967564105987549,terrorist,20010911-2019,SkipGram,255
criminal_act,0.3965783417224884,terrorist,20010911-2019,SkipGram,256
hostile_regime,0.396535187959671,terrorist,20010911-2019,SkipGram,257
bombing_saudi_arabia,0.39649245142936707,terrorist,20010911-2019,SkipGram,258
interrogation_capture,0.39648759365081787,terrorist,20010911-2019,SkipGram,259
moroccan_islamic,0.3963477909564972,terrorist,20010911-2019,SkipGram,260
civilian_airliner,0.39634180068969727,terrorist,20010911-2019,SkipGram,261
collect_intelligence,0.3963016867637634,terrorist,20010911-2019,SkipGram,262
follower_osama_bin_laden,0.39608147740364075,terrorist,20010911-2019,SkipGram,263
iranian_operative,0.3960097134113312,terrorist,20010911-2019,SkipGram,264
mohamme_atta,0.39594072103500366,terrorist,20010911-2019,SkipGram,265
disrupt,0.39592012763023376,terrorist,20010911-2019,SkipGram,266
unlawfully,0.39574718475341797,terrorist,20010911-2019,SkipGram,267
terror_plot,0.3955882787704468,terrorist,20010911-2019,SkipGram,268
echo_theme,0.39542803168296814,terrorist,20010911-2019,SkipGram,269
allege_mastermind,0.395092248916626,terrorist,20010911-2019,SkipGram,270
connection_al_qaeda,0.39505183696746826,terrorist,20010911-2019,SkipGram,271
regime_saddam_hussein,0.3949201703071594,terrorist,20010911-2019,SkipGram,272
rogue_nation,0.39486920833587646,terrorist,20010911-2019,SkipGram,273
plot_detonate,0.3947325050830841,terrorist,20010911-2019,SkipGram,274
foil_terrorist,0.39466845989227295,terrorist,20010911-2019,SkipGram,275
nearly_simultaneous,0.39450085163116455,terrorist,20010911-2019,SkipGram,276
conspiring,0.3942084014415741,terrorist,20010911-2019,SkipGram,277
convincing_evidence,0.39405936002731323,terrorist,20010911-2019,SkipGram,278
annihilation,0.3940245509147644,terrorist,20010911-2019,SkipGram,279
intelligence_glean,0.3938838839530945,terrorist,20010911-2019,SkipGram,280
bin_laden_al_qaeda,0.39382296800613403,terrorist,20010911-2019,SkipGram,281
ability_detect,0.39375948905944824,terrorist,20010911-2019,SkipGram,282
minnesota_flight_school,0.39353320002555847,terrorist,20010911-2019,SkipGram,283
qaeda_cell,0.3934982717037201,terrorist,20010911-2019,SkipGram,284
pattern_suspicious,0.3934634029865265,terrorist,20010911-2019,SkipGram,285
smuggle_explosive,0.393445760011673,terrorist,20010911-2019,SkipGram,286
somalia_ethiopia,0.39343053102493286,terrorist,20010911-2019,SkipGram,287
illegal_possession,0.3932347297668457,terrorist,20010911-2019,SkipGram,288
conspirator,0.39312976598739624,terrorist,20010911-2019,SkipGram,289
close_coordination,0.3930099308490753,terrorist,20010911-2019,SkipGram,290
false_identification,0.39286771416664124,terrorist,20010911-2019,SkipGram,291
qaeda_associate,0.392852783203125,terrorist,20010911-2019,SkipGram,292
incite_racial_hatred,0.3926781713962555,terrorist,20010911-2019,SkipGram,293
shoe_bomber,0.3923387825489044,terrorist,20010911-2019,SkipGram,294
imminent_threat,0.3921104073524475,terrorist,20010911-2019,SkipGram,295
plotting_attack,0.3919508755207062,terrorist,20010911-2019,SkipGram,296
client_sheik_omar_rahman,0.39168211817741394,terrorist,20010911-2019,SkipGram,297
acquire_nuclear,0.39166170358657837,terrorist,20010911-2019,SkipGram,298
saddam_hussein_al_qaeda,0.39139077067375183,terrorist,20010911-2019,SkipGram,299
qaeda_suspect,0.39135703444480896,terrorist,20010911-2019,SkipGram,300
belgian_authority,0.39130765199661255,terrorist,20010911-2019,SkipGram,301
cyber,0.3910469114780426,terrorist,20010911-2019,SkipGram,302
tie_osama_bin,0.3910198509693146,terrorist,20010911-2019,SkipGram,303
planning_preparation,0.3909682035446167,terrorist,20010911-2019,SkipGram,304
bin_laden,0.39096516370773315,terrorist,20010911-2019,SkipGram,305
likely_endanger,0.3909253776073456,terrorist,20010911-2019,SkipGram,306
love_freedom,0.3906923830509186,terrorist,20010911-2019,SkipGram,307
tie_bin_laden,0.39068078994750977,terrorist,20010911-2019,SkipGram,308
mastermind_sept,0.39064860343933105,terrorist,20010911-2019,SkipGram,309
shelter_al_qaeda,0.39045003056526184,terrorist,20010911-2019,SkipGram,310
charitable_group,0.3901062607765198,terrorist,20010911-2019,SkipGram,311
senior_al_qaeda,0.39004525542259216,terrorist,20010911-2019,SkipGram,312
barbaric_act,0.3899913430213928,terrorist,20010911-2019,SkipGram,313
al_taqwa,0.38990160822868347,terrorist,20010911-2019,SkipGram,314
oil_installation,0.38977375626564026,terrorist,20010911-2019,SkipGram,315
forge_passport,0.38967493176460266,terrorist,20010911-2019,SkipGram,316
bali_nightclub,0.38947877287864685,terrorist,20010911-2019,SkipGram,317
tourist_site,0.3894011974334717,terrorist,20010911-2019,SkipGram,318
pre_emptively,0.3892373740673065,terrorist,20010911-2019,SkipGram,319
suicide_hijacking,0.38920319080352783,terrorist,20010911-2019,SkipGram,320
indictment_allege,0.3891540765762329,terrorist,20010911-2019,SkipGram,321
unusually_specific,0.38907480239868164,terrorist,20010911-2019,SkipGram,322
art_science,0.3889152705669403,terrorist,20010911-2019,SkipGram,323
abdullah_muhammad,0.38881587982177734,terrorist,20010911-2019,SkipGram,324
plotter,0.38870957493782043,terrorist,20010911-2019,SkipGram,325
leadership_al_qaeda,0.3886219561100006,terrorist,20010911-2019,SkipGram,326
mohame_atta,0.38854625821113586,terrorist,20010911-2019,SkipGram,327
suspect_al_qaeda,0.3885379135608673,terrorist,20010911-2019,SkipGram,328
accuse_funnel,0.38833990693092346,terrorist,20010911-2019,SkipGram,329
hijackers,0.38832888007164,terrorist,20010911-2019,SkipGram,330
guilty_charge,0.3882506191730499,terrorist,20010911-2019,SkipGram,331
recruit_training,0.3881276249885559,terrorist,20010911-2019,SkipGram,332
terror_tactic,0.3879684507846832,terrorist,20010911-2019,SkipGram,333
root_al_qaeda,0.387888103723526,terrorist,20010911-2019,SkipGram,334
remnant_al_qaeda,0.38785210251808167,terrorist,20010911-2019,SkipGram,335
particularly_troubling,0.38752317428588867,terrorist,20010911-2019,SkipGram,336
sheik_omar_rahman,0.38743993639945984,terrorist,20010911-2019,SkipGram,337
variety_source,0.38741281628608704,terrorist,20010911-2019,SkipGram,338
ringleader_sept,0.38729768991470337,terrorist,20010911-2019,SkipGram,339
target,0.387257844209671,terrorist,20010911-2019,SkipGram,340
bomb_plot,0.38718825578689575,terrorist,20010911-2019,SkipGram,341
paris_miami,0.38710781931877136,terrorist,20010911-2019,SkipGram,342
bin_laden_saudi,0.38703492283821106,terrorist,20010911-2019,SkipGram,343
preempt,0.38700947165489197,terrorist,20010911-2019,SkipGram,344
muslim_fundamentalist,0.3869861960411072,terrorist,20010911-2019,SkipGram,345
aggressive_strategy,0.3867833614349365,terrorist,20010911-2019,SkipGram,346
attacks,0.38667550683021545,terrorist,20010911-2019,SkipGram,347
untangle,0.38656800985336304,terrorist,20010911-2019,SkipGram,348
terror_suspect,0.38654571771621704,terrorist,20010911-2019,SkipGram,349
illegally_enter,0.386188805103302,terrorist,20010911-2019,SkipGram,350
eric_feb,0.38606539368629456,terrorist,20010911-2019,SkipGram,351
revolutionary_guard_corps,0.38553690910339355,terrorist,20010911-2019,SkipGram,352
connect_al_qaeda,0.3853832185268402,terrorist,20010911-2019,SkipGram,353
nefarious,0.38534197211265564,terrorist,20010911-2019,SkipGram,354
eliminate_al_qaeda,0.3852573335170746,terrorist,20010911-2019,SkipGram,355
mass_casualty,0.38510799407958984,terrorist,20010911-2019,SkipGram,356
afghanistan_osama_bin,0.38479113578796387,terrorist,20010911-2019,SkipGram,357
explosive_fail_detonate,0.38469088077545166,terrorist,20010911-2019,SkipGram,358
block_asset,0.38462498784065247,terrorist,20010911-2019,SkipGram,359
bin_laden_supporter,0.38450226187705994,terrorist,20010911-2019,SkipGram,360
precise_role,0.384174644947052,terrorist,20010911-2019,SkipGram,361
lethal_weapon,0.383972704410553,terrorist,20010911-2019,SkipGram,362
train_al_qaeda,0.3839494585990906,terrorist,20010911-2019,SkipGram,363
kidnapping_killing,0.38382595777511597,terrorist,20010911-2019,SkipGram,364
al_qaeda_osama_bin,0.3837715983390808,terrorist,20010911-2019,SkipGram,365
loyal_osama_bin_laden,0.3837045729160309,terrorist,20010911-2019,SkipGram,366
marriott_hotel_jakarta,0.38367146253585815,terrorist,20010911-2019,SkipGram,367
innocent_life,0.38358810544013977,terrorist,20010911-2019,SkipGram,368
offer_million_reward,0.38357362151145935,terrorist,20010911-2019,SkipGram,369
hijacked,0.3835078775882721,terrorist,20010911-2019,SkipGram,370
al_tawhid,0.38342389464378357,terrorist,20010911-2019,SkipGram,371
mass_murder,0.38332393765449524,terrorist,20010911-2019,SkipGram,372
tanker_truck,0.3832736611366272,terrorist,20010911-2019,SkipGram,373
dissemination,0.38318631052970886,terrorist,20010911-2019,SkipGram,374
protect_homeland,0.3827534019947052,terrorist,20010911-2019,SkipGram,375
coordinated_effort,0.3827269971370697,terrorist,20010911-2019,SkipGram,376
bombing_casablanca,0.3825143873691559,terrorist,20010911-2019,SkipGram,377
psychological_warfare,0.38240647315979004,terrorist,20010911-2019,SkipGram,378
thwarting,0.38233625888824463,terrorist,20010911-2019,SkipGram,379
radioactive_dirty_bomb,0.38231414556503296,terrorist,20010911-2019,SkipGram,380
multiple_source,0.38230985403060913,terrorist,20010911-2019,SkipGram,381
legal_restriction,0.3821997344493866,terrorist,20010911-2019,SkipGram,382
zionist_regime,0.3818485140800476,terrorist,20010911-2019,SkipGram,383
crime_crime_humanity,0.38179701566696167,terrorist,20010911-2019,SkipGram,384
threat_advisory,0.38173195719718933,terrorist,20010911-2019,SkipGram,385
devise_strategy,0.3814452886581421,terrorist,20010911-2019,SkipGram,386
cold_blooded,0.38128843903541565,terrorist,20010911-2019,SkipGram,387
indoctrinate,0.3812752366065979,terrorist,20010911-2019,SkipGram,388
mean_disposal,0.38111719489097595,terrorist,20010911-2019,SkipGram,389
affiliate_al_qaeda,0.38109636306762695,terrorist,20010911-2019,SkipGram,390
bomb_los_angeles,0.3810746371746063,terrorist,20010911-2019,SkipGram,391
breeding_ground_terrorist,0.38094595074653625,terrorist,20010911-2019,SkipGram,392
airplanes,0.380905419588089,terrorist,20010911-2019,SkipGram,393
option_available,0.38033559918403625,terrorist,20010911-2019,SkipGram,394
audio_message,0.3803262710571289,terrorist,20010911-2019,SkipGram,395
citizen_saudi_arabia,0.3801362216472626,terrorist,20010911-2019,SkipGram,396
kenyan_authority,0.3800264298915863,terrorist,20010911-2019,SkipGram,397
chemical_germ,0.37988874316215515,terrorist,20010911-2019,SkipGram,398
murderer,0.3798869848251343,terrorist,20010911-2019,SkipGram,399
criminal_enterprise,0.3798537850379944,terrorist,20010911-2019,SkipGram,400
launder_money,0.37962275743484497,terrorist,20010911-2019,SkipGram,401
mastermind_behind,0.37940990924835205,terrorist,20010911-2019,SkipGram,402
bin_laden_responsible,0.37937960028648376,terrorist,20010911-2019,SkipGram,403
cold_blood,0.3793160319328308,terrorist,20010911-2019,SkipGram,404
intensify_effort,0.3792327046394348,terrorist,20010911-2019,SkipGram,405
enemy_islam,0.37903857231140137,terrorist,20010911-2019,SkipGram,406
bombing_riyadh,0.3787795305252075,terrorist,20010911-2019,SkipGram,407
level_yellow,0.3786523640155792,terrorist,20010911-2019,SkipGram,408
osama_bin,0.3783601224422455,terrorist,20010911-2019,SkipGram,409
obtain_license,0.3783450126647949,terrorist,20010911-2019,SkipGram,410
collection_analysis,0.3782517611980438,terrorist,20010911-2019,SkipGram,411
kashmiri_militant_group,0.37819936871528625,terrorist,20010911-2019,SkipGram,412
maximum_effort,0.3781108558177948,terrorist,20010911-2019,SkipGram,413
evil,0.37803879380226135,terrorist,20010911-2019,SkipGram,414
federal_bureau_investigation,0.3779955804347992,terrorist,20010911-2019,SkipGram,415
commercial_airplane,0.37798193097114563,terrorist,20010911-2019,SkipGram,416
interrogating,0.37773603200912476,terrorist,20010911-2019,SkipGram,417
broaden_definition,0.3776630759239197,terrorist,20010911-2019,SkipGram,418
admiral_blair,0.377544641494751,terrorist,20010911-2019,SkipGram,419
plotting,0.37749993801116943,terrorist,20010911-2019,SkipGram,420
al_osama_bin,0.3773462176322937,terrorist,20010911-2019,SkipGram,421
payment_warlord,0.3773285746574402,terrorist,20010911-2019,SkipGram,422
destroyer_cole,0.3771812915802002,terrorist,20010911-2019,SkipGram,423
east_africa,0.37713804841041565,terrorist,20010911-2019,SkipGram,424
killers,0.3771143853664398,terrorist,20010911-2019,SkipGram,425
intercept_phone,0.3769213855266571,terrorist,20010911-2019,SkipGram,426
operatives,0.37688347697257996,terrorist,20010911-2019,SkipGram,427
confront_threat_pose,0.376849889755249,terrorist,20010911-2019,SkipGram,428
via_internet,0.3767209053039551,terrorist,20010911-2019,SkipGram,429
law_enforcement,0.3764367401599884,terrorist,20010911-2019,SkipGram,430
training_camp_oregon,0.37630775570869446,terrorist,20010911-2019,SkipGram,431
convict_conspire,0.37621620297431946,terrorist,20010911-2019,SkipGram,432
fundamentalists,0.37618228793144226,terrorist,20010911-2019,SkipGram,433
ideology_hate,0.37617528438568115,terrorist,20010911-2019,SkipGram,434
excerpt_page,0.37610775232315063,terrorist,20010911-2019,SkipGram,435
hold_bail,0.3759266436100006,terrorist,20010911-2019,SkipGram,436
hijack_aircraft,0.3759136199951172,terrorist,20010911-2019,SkipGram,437
explosive_chemical,0.375883549451828,terrorist,20010911-2019,SkipGram,438
allege_conspiracy,0.37568479776382446,terrorist,20010911-2019,SkipGram,439
information_disseminate,0.375568151473999,terrorist,20010911-2019,SkipGram,440
hostile_act,0.37544897198677063,terrorist,20010911-2019,SkipGram,441
somalia_ethiopian,0.37531155347824097,terrorist,20010911-2019,SkipGram,442
play_paintball,0.375137060880661,terrorist,20010911-2019,SkipGram,443
thousand_innocent,0.3750920295715332,terrorist,20010911-2019,SkipGram,444
detain_deport,0.3749561011791229,terrorist,20010911-2019,SkipGram,445
foreign_jihadist,0.37491005659103394,terrorist,20010911-2019,SkipGram,446
exaggerate_threat,0.37484636902809143,terrorist,20010911-2019,SkipGram,447
detain_suspicion,0.3747626543045044,terrorist,20010911-2019,SkipGram,448
commercial_pilot,0.37469595670700073,terrorist,20010911-2019,SkipGram,449
federal_grand,0.3746280372142792,terrorist,20010911-2019,SkipGram,450
undetected,0.37461403012275696,terrorist,20010911-2019,SkipGram,451
richard_reid,0.3745870888233185,terrorist,20010911-2019,SkipGram,452
select_target,0.37449270486831665,terrorist,20010911-2019,SkipGram,453
tribal_fighter,0.3744680881500244,terrorist,20010911-2019,SkipGram,454
chemical_biological_nuclear_weapon,0.37429189682006836,terrorist,20010911-2019,SkipGram,455
code_message,0.3741696774959564,terrorist,20010911-2019,SkipGram,456
mustafa_ahmed_al,0.37401384115219116,terrorist,20010911-2019,SkipGram,457
cyanide_gas,0.3739789128303528,terrorist,20010911-2019,SkipGram,458
enhance_ability,0.37386202812194824,terrorist,20010911-2019,SkipGram,459
toughened,0.3738189935684204,terrorist,20010911-2019,SkipGram,460
prisoner_namo_bay,0.37380075454711914,terrorist,20010911-2019,SkipGram,461
unlawful_combatant,0.37360844016075134,terrorist,20010911-2019,SkipGram,462
militant_group,0.37356364727020264,terrorist,20010911-2019,SkipGram,463
benevolence_international_foundation,0.37340691685676575,terrorist,20010911-2019,SkipGram,464
eve_anniversary,0.3733300268650055,terrorist,20010911-2019,SkipGram,465
issuance,0.3733280897140503,terrorist,20010911-2019,SkipGram,466
deny_bail,0.3733057975769043,terrorist,20010911-2019,SkipGram,467
suspension_bridge,0.3731970191001892,terrorist,20010911-2019,SkipGram,468
bin_laden_qaeda,0.3731953203678131,terrorist,20010911-2019,SkipGram,469
criminal,0.37319082021713257,terrorist,20010911-2019,SkipGram,470
remain_determined,0.37306925654411316,terrorist,20010911-2019,SkipGram,471
al_qaeda_bin_laden,0.3728025257587433,terrorist,20010911-2019,SkipGram,472
european_law_enforcement,0.37279000878334045,terrorist,20010911-2019,SkipGram,473
laden_al_qaeda,0.37273770570755005,terrorist,20010911-2019,SkipGram,474
antiterrorism,0.372638076543808,terrorist,20010911-2019,SkipGram,475
sympathetic_al_qaeda,0.3725576102733612,terrorist,20010911-2019,SkipGram,476
explosive_hide,0.37254536151885986,terrorist,20010911-2019,SkipGram,477
slowly_surely,0.37250766158103943,terrorist,20010911-2019,SkipGram,478
series_profile,0.37238967418670654,terrorist,20010911-2019,SkipGram,479
prime_suspect,0.37233611941337585,terrorist,20010911-2019,SkipGram,480
muslim_extremist,0.3723112642765045,terrorist,20010911-2019,SkipGram,481
visa_violation,0.3723074793815613,terrorist,20010911-2019,SkipGram,482
logically,0.3722197115421295,terrorist,20010911-2019,SkipGram,483
matin,0.372196227312088,terrorist,20010911-2019,SkipGram,484
camp_afghanistan,0.3718585968017578,terrorist,20010911-2019,SkipGram,485
fingerprint_match,0.37185266613960266,terrorist,20010911-2019,SkipGram,486
link_al,0.3716442286968231,terrorist,20010911-2019,SkipGram,487
flight_paris_miami,0.37161919474601746,terrorist,20010911-2019,SkipGram,488
count_conspiracy,0.37147316336631775,terrorist,20010911-2019,SkipGram,489
embassy_bombing,0.3713386058807373,terrorist,20010911-2019,SkipGram,490
recruit_volunteer,0.370964378118515,terrorist,20010911-2019,SkipGram,491
crimes,0.3709472417831421,terrorist,20010911-2019,SkipGram,492
seize_asset,0.3708055019378662,terrorist,20010911-2019,SkipGram,493
gear_toward,0.3705405294895172,terrorist,20010911-2019,SkipGram,494
plot_assassinate,0.3704805076122284,terrorist,20010911-2019,SkipGram,495
tie_al_qaeda,0.3701757788658142,terrorist,20010911-2019,SkipGram,496
nonstate_actor,0.37015458941459656,terrorist,20010911-2019,SkipGram,497
recruiting_ground,0.3700571060180664,terrorist,20010911-2019,SkipGram,498
global_terrorism,0.36993294954299927,terrorist,20010911-2019,SkipGram,499
bin_laden_chief,0.3699232339859009,terrorist,20010911-2019,SkipGram,500
